{
"type": "FeatureCollection",
"name": "human_GPS",
"features": [
{ "type": "Feature", "properties": { "id": 1 }, "geometry": { "type": "LineString", "coordinates": [ [ -89.459929671137729, 43.053854182501027, 0.0 ], [ -89.459930676966096, 43.053841693465266, 0.0 ], [ -89.459941824897328, 43.053788133104, 0.0 ], [ -89.459946267305995, 43.053771956030886, 0.0 ], [ -89.459934532641569, 43.053761646290006, 0.0 ], [ -89.459826489909688, 43.053738176961069, 0.0 ], [ -89.459693552925387, 43.053734824199786, 0.0 ], [ -89.459665641187826, 43.053726107020466, 0.0 ], [ -89.459669329225221, 43.053722418983078, 0.0 ], [ -89.459690619259263, 43.053714037079907, 0.0 ], [ -89.459646865724721, 43.053718479488595, 0.0 ], [ -89.459626832976127, 43.053726945210769, 0.0 ], [ -89.459628844632903, 43.053718730945683, 0.0 ], [ -89.459628844632903, 43.053718730945683, 0.0 ], [ -89.459548126905361, 43.053722335164004, 0.0 ], [ -89.459472605957771, 43.053722335163997, 0.0 ], [ -89.459375040604854, 43.053720994059461, 0.0 ], [ -89.459360372274318, 43.053724095363641, 0.0 ], [ -89.459254005923071, 43.053740523893836, 0.0 ], [ -89.459193740039254, 43.053737422589649, 0.0 ], [ -89.459154093637267, 43.053741194446047, 0.0 ], [ -89.459127439185181, 43.053741362084089, 0.0 ], [ -89.459080165251294, 43.053731639076418, 0.0 ], [ -89.459005817770148, 43.053727531943828, 0.0 ], [ -89.458999447523738, 43.053724346820651, 0.0 ], [ -89.458996681495705, 43.053716132555522, 0.0 ], [ -89.458972290157476, 43.05370758301428, 0.0 ], [ -89.458934990688363, 43.053722838078045, 0.0 ], [ -89.458700465037609, 43.053707247738096, 0.0 ], [ -89.458690239115739, 43.053708169747445, 0.0 ], [ -89.458673056214252, 43.053698027644593, 0.0 ], [ -89.458671715109745, 43.053691657398197, 0.0 ], [ -89.458671715109745, 43.053661650184821, 0.0 ], [ -89.458678672089363, 43.053644299645249, 0.0 ], [ -89.458677750080028, 43.053631559152457, 0.0 ], [ -89.458687640725756, 43.053491413731429, 0.0 ], [ -89.45869199931542, 43.053460316870655, 0.0 ], [ -89.458683617412248, 43.053452773157787, 0.0 ], [ -89.458687473087707, 43.053445061806897, 0.0 ], [ -89.458685545249963, 43.053424358506042, 0.0 ], [ -89.458687221630612, 43.053370462868649, 0.0 ], [ -89.458681186660328, 43.053306928042616, 0.0 ], [ -89.458678672089363, 43.053252529491033, 0.0 ], [ -89.458679175003553, 43.053210871432277, 0.0 ], [ -89.458687556906739, 43.053185474265668, 0.0 ], [ -89.458691161125103, 43.05318103185698, 0.0 ], [ -89.458693927153149, 43.053173488144118, 0.0 ], [ -89.458697782828608, 43.053166866440598, 0.0 ], [ -89.458696357905069, 43.053165692974169, 0.0 ], [ -89.458698034285703, 43.053158652175519, 0.0 ], [ -89.458697363733449, 43.05314096635982, 0.0 ], [ -89.458698537199879, 43.053120095420937, 0.0 ], [ -89.458698201923767, 43.05310593000457, 0.0 ], [ -89.458695184438625, 43.053097631920423, 0.0 ], [ -89.458692753686691, 43.053059494260992, 0.0 ], [ -89.458685209973851, 43.053023787353474, 0.0 ], [ -89.458679258822599, 43.05295748649938, 0.0 ], [ -89.458682108669663, 43.052896298606228, 0.0 ], [ -89.458679342641631, 43.052868554506766, 0.0 ], [ -89.458665680139447, 43.052812311936457, 0.0 ], [ -89.458665428682352, 43.052708963070351, 0.0 ], [ -89.458654699846306, 43.052655821804251, 0.0 ], [ -89.458647826685706, 43.052604021642644, 0.0 ], [ -89.458661070092717, 43.052563201774205, 0.0 ], [ -89.458660399540449, 43.052551634747822, 0.0 ], [ -89.458659142254987, 43.052541744102065, 0.0 ], [ -89.458661656825939, 43.052513329450321, 0.0 ], [ -89.458656795322099, 43.052439903978552, 0.0 ], [ -89.458655538036624, 43.052423978362498, 0.0 ], [ -89.458654532208243, 43.052283581484403, 0.0 ], [ -89.458652688189531, 43.052254412461345, 0.0 ], [ -89.458649335428277, 43.052254999194581, 0.0 ], [ -89.458639863877693, 43.052251227338147, 0.0 ], [ -89.458638858049312, 43.052197583157849, 0.0 ], [ -89.458633996545473, 43.05217956206603, 0.0 ], [ -89.458627207203904, 43.0520930608253, 0.0 ], [ -89.458634499459663, 43.052065065268685, 0.0 ] ] } },
{ "type": "Feature", "properties": { "id": 2 }, "geometry": { "type": "LineString", "coordinates": [ [ -89.459929671137729, 43.053854182501027, 0.0 ], [ -89.459930676966096, 43.053841693465266, 0.0 ], [ -89.459941824897328, 43.053788133104, 0.0 ], [ -89.459946267305995, 43.053771956030886, 0.0 ], [ -89.459934532641569, 43.053761646290006, 0.0 ], [ -89.459826489909688, 43.053738176961069, 0.0 ], [ -89.459693552925387, 43.053734824199786, 0.0 ], [ -89.459665641187826, 43.053726107020466, 0.0 ], [ -89.459669329225221, 43.053722418983078, 0.0 ], [ -89.459690619259263, 43.053714037079907, 0.0 ], [ -89.459646865724721, 43.053718479488595, 0.0 ], [ -89.459626832976127, 43.053726945210769, 0.0 ], [ -89.459628844632903, 43.053718730945683, 0.0 ], [ -89.459628844632903, 43.053718730945683, 0.0 ], [ -89.459548126905361, 43.053722335164004, 0.0 ], [ -89.459472605957771, 43.053722335163997, 0.0 ], [ -89.459375040604854, 43.053720994059461, 0.0 ], [ -89.459360372274318, 43.053724095363641, 0.0 ], [ -89.459254005923071, 43.053740523893836, 0.0 ], [ -89.459193740039254, 43.053737422589649, 0.0 ], [ -89.459154093637267, 43.053741194446047, 0.0 ], [ -89.459127439185181, 43.053741362084089, 0.0 ], [ -89.459080165251294, 43.053731639076418, 0.0 ], [ -89.459005817770148, 43.053727531943828, 0.0 ], [ -89.458999447523738, 43.053724346820651, 0.0 ], [ -89.458996681495705, 43.053716132555522, 0.0 ], [ -89.458972290157476, 43.05370758301428, 0.0 ], [ -89.458934990688363, 43.053722838078045, 0.0 ], [ -89.458700465037609, 43.053707247738096, 0.0 ], [ -89.458690239115739, 43.053708169747445, 0.0 ], [ -89.458673056214252, 43.053698027644593, 0.0 ], [ -89.458671715109745, 43.053691657398197, 0.0 ], [ -89.458671715109745, 43.053661650184821, 0.0 ], [ -89.458678672089363, 43.053644299645249, 0.0 ], [ -89.458677750080028, 43.053631559152457, 0.0 ], [ -89.458687640725756, 43.053491413731429, 0.0 ], [ -89.45869199931542, 43.053460316870655, 0.0 ], [ -89.458683617412248, 43.053452773157787, 0.0 ], [ -89.458687473087707, 43.053445061806897, 0.0 ], [ -89.458685545249963, 43.053424358506042, 0.0 ], [ -89.458687221630612, 43.053370462868649, 0.0 ], [ -89.458681186660328, 43.053306928042616, 0.0 ], [ -89.458678672089363, 43.053252529491033, 0.0 ], [ -89.458679175003553, 43.053210871432277, 0.0 ], [ -89.458687556906739, 43.053185474265668, 0.0 ], [ -89.458691161125103, 43.05318103185698, 0.0 ], [ -89.458693927153149, 43.053173488144118, 0.0 ], [ -89.458697782828608, 43.053166866440598, 0.0 ], [ -89.458696357905069, 43.053165692974169, 0.0 ], [ -89.458698034285703, 43.053158652175519, 0.0 ], [ -89.458697363733449, 43.05314096635982, 0.0 ], [ -89.458698537199879, 43.053120095420937, 0.0 ], [ -89.458698201923767, 43.05310593000457, 0.0 ], [ -89.458695184438625, 43.053097631920423, 0.0 ], [ -89.458692753686691, 43.053059494260992, 0.0 ], [ -89.458685209973851, 43.053023787353474, 0.0 ], [ -89.458679258822599, 43.05295748649938, 0.0 ], [ -89.458682108669663, 43.052896298606228, 0.0 ], [ -89.458679342641631, 43.052868554506766, 0.0 ], [ -89.458665680139447, 43.052812311936457, 0.0 ], [ -89.458665428682352, 43.052708963070351, 0.0 ], [ -89.458654699846306, 43.052655821804251, 0.0 ], [ -89.458647826685706, 43.052604021642644, 0.0 ], [ -89.458661070092717, 43.052563201774205, 0.0 ], [ -89.458660399540449, 43.052551634747822, 0.0 ], [ -89.458659142254987, 43.052541744102065, 0.0 ], [ -89.458661656825939, 43.052513329450321, 0.0 ], [ -89.458656795322099, 43.052439903978552, 0.0 ], [ -89.458655538036624, 43.052423978362498, 0.0 ], [ -89.458654532208243, 43.052283581484403, 0.0 ], [ -89.458652688189531, 43.052254412461345, 0.0 ], [ -89.458649335428277, 43.052254999194581, 0.0 ], [ -89.458639863877693, 43.052251227338147, 0.0 ], [ -89.458638858049312, 43.052197583157849, 0.0 ], [ -89.458633996545473, 43.05217956206603, 0.0 ], [ -89.458627207203904, 43.0520930608253, 0.0 ], [ -89.458634499459663, 43.052065065268685, 0.0 ], [ -89.458632320164824, 43.051997842405271, 0.0 ], [ -89.458603486417914, 43.051934139941153, 0.0 ], [ -89.4586118683211, 43.051928524066042, 0.0 ], [ -89.458612706511417, 43.051888374749872, 0.0 ], [ -89.458609102293053, 43.051855517689411, 0.0 ], [ -89.458604911341467, 43.051787959549863, 0.0 ], [ -89.458605414255658, 43.051782678950836, 0.0 ], [ -89.458560487254658, 43.051759796355149, 0.0 ], [ -89.458532491698065, 43.051733477179226, 0.0 ], [ -89.458484882488037, 43.05169483660557, 0.0 ], [ -89.45846091024498, 43.051655609298741, 0.0 ], [ -89.458419168367186, 43.051531892407901, 0.0 ], [ -89.458383880554834, 43.051469866324418, 0.0 ], [ -89.458368625491062, 43.051411109183213, 0.0 ], [ -89.458352616056004, 43.051374899361491, 0.0 ], [ -89.45833920501093, 43.051307257402904, 0.0 ], [ -89.458338031544486, 43.05130901760257, 0.0 ], [ -89.458338702096739, 43.05130952051676, 0.0 ], [ -89.458339121191884, 43.05131119689738, 0.0 ], [ -89.458338702096739, 43.051312873278015, 0.0 ], [ -89.458337193354154, 43.051312454182863, 0.0 ], [ -89.458323027937809, 43.051264090601563, 0.0 ], [ -89.458296205847645, 43.051178762827256, 0.0 ], [ -89.458284890278378, 43.051140122253628, 0.0 ], [ -89.458271898328462, 43.051113803077691, 0.0 ], [ -89.458253122865344, 43.051067115877011, 0.0 ], [ -89.458240466191569, 43.051030151684024, 0.0 ], [ -89.458166202529455, 43.050996204976144, 0.0 ], [ -89.458034858106771, 43.051026798922685, 0.0 ], [ -89.458016334100762, 43.05104004232971, 0.0 ], [ -89.457874009384895, 43.051140206072553, 0.0 ], [ -89.457710729911128, 43.051223606009096, 0.0 ], [ -89.457668568938161, 43.051235089216405, 0.0 ], [ -89.457604615016976, 43.05126534788684, 0.0 ], [ -89.457568405195275, 43.051269455019408, 0.0 ], [ -89.457533285020972, 43.051271801952268, 0.0 ], [ -89.4574772939078, 43.051278339836728, 0.0 ], [ -89.457419207318807, 43.051272304866444, 0.0 ], [ -89.457378974183584, 43.051263839144241, 0.0 ], [ -89.457279983907128, 43.051247159156873, 0.0 ], [ -89.457237152381921, 43.051251098651356, 0.0 ], [ -89.457219718023339, 43.051251182470388, 0.0 ], [ -89.457189124076748, 43.051255792517118, 0.0 ], [ -89.457145370542207, 43.051255205783896, 0.0 ], [ -89.457136485724845, 43.051255960155174, 0.0 ], [ -89.457042105495134, 43.051258390907073, 0.0 ], [ -89.456965327262083, 43.051253780860307, 0.0 ], [ -89.456944037228027, 43.051248081166143, 0.0 ], [ -89.456941690295125, 43.051245482776181, 0.0 ], [ -89.456920484080115, 43.051247829709041, 0.0 ], [ -89.456881005316163, 43.051249757546749, 0.0 ], [ -89.456714037805, 43.05122025324755, 0.0 ], [ -89.456568947061101, 43.051248919356361, 0.0 ], [ -89.456514464690471, 43.05125118247021, 0.0 ], [ -89.456476746126214, 43.051257217440494, 0.0 ], [ -89.456398878245736, 43.051249757546657, 0.0 ], [ -89.456377252935567, 43.051247745889874, 0.0 ], [ -89.456294188275137, 43.0512539484982, 0.0 ], [ -89.456241214647093, 43.051280686769303, 0.0 ], [ -89.456208022310534, 43.051282782245096, 0.0 ], [ -89.456208357586661, 43.051282614607018, 0.0 ], [ -89.456203160806695, 43.051278675112528, 0.0 ], [ -89.456194443627396, 43.05124774588981, 0.0 ], [ -89.456180864944258, 43.051083209130574, 0.0 ], [ -89.456178937106529, 43.051032079521221, 0.0 ], [ -89.456170471384326, 43.050939627129239, 0.0 ], [ -89.456202993168631, 43.050835020977651, 0.0 ], [ -89.456205004825392, 43.050815323505212, 0.0 ], [ -89.456194695084491, 43.050794620204371, 0.0 ], [ -89.456179523839751, 43.050775760922249, 0.0 ], [ -89.456179020925561, 43.050766037914556, 0.0 ], [ -89.456179607658783, 43.050769893589987, 0.0 ], [ -89.456178182735243, 43.050754135612038, 0.0 ], [ -89.456177512182975, 43.050752207774302, 0.0 ], [ -89.456172902136245, 43.050730331007045, 0.0 ], [ -89.456171561031738, 43.050692193347622, 0.0 ], [ -89.456169465555945, 43.050652966040758, 0.0 ], [ -89.456165526061454, 43.050631508368646, 0.0 ], [ -89.456154713406349, 43.05053821778634, 0.0 ], [ -89.456159574910188, 43.050479963559297, 0.0 ], [ -89.456166448070789, 43.050412070143629, 0.0 ], [ -89.456140715628052, 43.050330346587678, 0.0 ], [ -89.456126047297516, 43.050309056553623, 0.0 ], [ -89.456165274604359, 43.050222303855818, 0.0 ], [ -89.456161502747932, 43.050184920567681, 0.0 ], [ -89.456155635415712, 43.050071010503558, 0.0 ], [ -89.456166364251771, 43.050000853974034, 0.0 ], [ -89.456153959035063, 43.0499704276655, 0.0 ], [ -89.456130070611039, 43.049936480957662, 0.0 ], [ -89.45611028931954, 43.049933798748619, 0.0 ], [ -89.456091346218386, 43.04993187091091, 0.0 ], [ -89.455956816672469, 43.049915945294842, 0.0 ], [ -89.455855479463139, 43.049902366611683, 0.0 ], [ -89.455850869416381, 43.0499003549549, 0.0 ], [ -89.45584575645546, 43.049900941688136, 0.0 ], [ -89.455782556905547, 43.049914939466404, 0.0 ], [ -89.455762943252125, 43.049916112932863, 0.0 ], [ -89.455713070928255, 43.049928182873415, 0.0 ], [ -89.455659259109879, 43.049929691615972, 0.0 ], [ -89.455612152814055, 43.049931787091772, 0.0 ], [ -89.455444682388702, 43.049928769606566, 0.0 ], [ -89.45534099824647, 43.049921644988835, 0.0 ], [ -89.455324904992381, 43.049920555341444, 0.0 ], [ -89.455209653823772, 43.049909072134064, 0.0 ], [ -89.455101778729954, 43.049899935859571, 0.0 ], [ -89.455088032408739, 43.04990538409664, 0.0 ], [ -89.454984934999743, 43.049898008021813, 0.0 ], [ -89.454828780143657, 43.049815362456492, 0.0 ], [ -89.454777901991406, 43.049692399936951, 0.0 ], [ -89.454770861192742, 43.049668679150997, 0.0 ], [ -89.4547712802879, 43.04965644157236, 0.0 ], [ -89.454778488724628, 43.049608245629116, 0.0 ], [ -89.454790810122276, 43.049554349991723, 0.0 ], [ -89.45477957837204, 43.0494882167757, 0.0 ], [ -89.454773878677869, 43.049417724970034, 0.0 ], [ -89.454772453754344, 43.049402302268199, 0.0 ] ] } },
{ "type": "Feature", "properties": { "id": 3 }, "geometry": { "type": "LineString", "coordinates": [ [ -89.459929671137729, 43.053854182501027, 0.0 ], [ -89.459930676966096, 43.053841693465266, 0.0 ], [ -89.459941824897328, 43.053788133104, 0.0 ], [ -89.459946267305995, 43.053771956030886, 0.0 ], [ -89.459934532641569, 43.053761646290006, 0.0 ], [ -89.459826489909688, 43.053738176961069, 0.0 ], [ -89.459693552925387, 43.053734824199786, 0.0 ], [ -89.459665641187826, 43.053726107020466, 0.0 ], [ -89.459669329225221, 43.053722418983078, 0.0 ], [ -89.459690619259263, 43.053714037079907, 0.0 ], [ -89.459646865724721, 43.053718479488595, 0.0 ], [ -89.459626832976127, 43.053726945210769, 0.0 ], [ -89.459628844632903, 43.053718730945683, 0.0 ], [ -89.459628844632903, 43.053718730945683, 0.0 ], [ -89.459548126905361, 43.053722335164004, 0.0 ], [ -89.459472605957771, 43.053722335163997, 0.0 ], [ -89.459375040604854, 43.053720994059461, 0.0 ], [ -89.459360372274318, 43.053724095363641, 0.0 ], [ -89.459254005923071, 43.053740523893836, 0.0 ], [ -89.459193740039254, 43.053737422589649, 0.0 ], [ -89.459154093637267, 43.053741194446047, 0.0 ], [ -89.459127439185181, 43.053741362084089, 0.0 ], [ -89.459080165251294, 43.053731639076418, 0.0 ], [ -89.459005817770148, 43.053727531943828, 0.0 ], [ -89.458999447523738, 43.053724346820651, 0.0 ], [ -89.458996681495705, 43.053716132555522, 0.0 ], [ -89.458972290157476, 43.05370758301428, 0.0 ], [ -89.458934990688363, 43.053722838078045, 0.0 ], [ -89.458700465037609, 43.053707247738096, 0.0 ], [ -89.458690239115739, 43.053708169747445, 0.0 ], [ -89.458673056214252, 43.053698027644593, 0.0 ], [ -89.458671715109745, 43.053691657398197, 0.0 ], [ -89.458671715109745, 43.053661650184821, 0.0 ], [ -89.458678672089363, 43.053644299645249, 0.0 ], [ -89.458677750080028, 43.053631559152457, 0.0 ], [ -89.458687640725756, 43.053491413731429, 0.0 ], [ -89.45869199931542, 43.053460316870655, 0.0 ], [ -89.458683617412248, 43.053452773157787, 0.0 ], [ -89.458687473087707, 43.053445061806897, 0.0 ], [ -89.458685545249963, 43.053424358506042, 0.0 ], [ -89.458687221630612, 43.053370462868649, 0.0 ], [ -89.458681186660328, 43.053306928042616, 0.0 ], [ -89.458678672089363, 43.053252529491033, 0.0 ], [ -89.458679175003553, 43.053210871432277, 0.0 ], [ -89.458687556906739, 43.053185474265668, 0.0 ], [ -89.458691161125103, 43.05318103185698, 0.0 ], [ -89.458693927153149, 43.053173488144118, 0.0 ], [ -89.458697782828608, 43.053166866440598, 0.0 ], [ -89.458696357905069, 43.053165692974169, 0.0 ], [ -89.458698034285703, 43.053158652175519, 0.0 ], [ -89.458697363733449, 43.05314096635982, 0.0 ], [ -89.458698537199879, 43.053120095420937, 0.0 ], [ -89.458698201923767, 43.05310593000457, 0.0 ], [ -89.458695184438625, 43.053097631920423, 0.0 ], [ -89.458692753686691, 43.053059494260992, 0.0 ], [ -89.458685209973851, 43.053023787353474, 0.0 ], [ -89.458679258822599, 43.05295748649938, 0.0 ], [ -89.458682108669663, 43.052896298606228, 0.0 ], [ -89.458679342641631, 43.052868554506766, 0.0 ], [ -89.458665680139447, 43.052812311936457, 0.0 ], [ -89.458665428682352, 43.052708963070351, 0.0 ], [ -89.458654699846306, 43.052655821804251, 0.0 ], [ -89.458647826685706, 43.052604021642644, 0.0 ], [ -89.458661070092717, 43.052563201774205, 0.0 ], [ -89.458660399540449, 43.052551634747822, 0.0 ], [ -89.458659142254987, 43.052541744102065, 0.0 ], [ -89.458661656825939, 43.052513329450321, 0.0 ], [ -89.458656795322099, 43.052439903978552, 0.0 ], [ -89.458655538036624, 43.052423978362498, 0.0 ], [ -89.458654532208243, 43.052283581484403, 0.0 ], [ -89.458652688189531, 43.052254412461345, 0.0 ], [ -89.458649335428277, 43.052254999194581, 0.0 ], [ -89.458639863877693, 43.052251227338147, 0.0 ], [ -89.458638858049312, 43.052197583157849, 0.0 ], [ -89.458633996545473, 43.05217956206603, 0.0 ], [ -89.458627207203904, 43.0520930608253, 0.0 ], [ -89.458634499459663, 43.052065065268685, 0.0 ], [ -89.458632320164824, 43.051997842405271, 0.0 ], [ -89.458603486417914, 43.051934139941153, 0.0 ], [ -89.4586118683211, 43.051928524066042, 0.0 ], [ -89.458612706511417, 43.051888374749872, 0.0 ], [ -89.458609102293053, 43.051855517689411, 0.0 ], [ -89.458604911341467, 43.051787959549863, 0.0 ], [ -89.458605414255658, 43.051782678950836, 0.0 ], [ -89.458560487254658, 43.051759796355149, 0.0 ], [ -89.458532491698065, 43.051733477179226, 0.0 ], [ -89.458484882488037, 43.05169483660557, 0.0 ], [ -89.45846091024498, 43.051655609298741, 0.0 ], [ -89.458419168367186, 43.051531892407901, 0.0 ], [ -89.458383880554834, 43.051469866324418, 0.0 ], [ -89.458368625491062, 43.051411109183213, 0.0 ], [ -89.458352616056004, 43.051374899361491, 0.0 ], [ -89.45833920501093, 43.051307257402904, 0.0 ], [ -89.458338031544486, 43.05130901760257, 0.0 ], [ -89.458338702096739, 43.05130952051676, 0.0 ], [ -89.458339121191884, 43.05131119689738, 0.0 ], [ -89.458338702096739, 43.051312873278015, 0.0 ], [ -89.458337193354154, 43.051312454182863, 0.0 ], [ -89.458323027937809, 43.051264090601563, 0.0 ], [ -89.458296205847645, 43.051178762827256, 0.0 ], [ -89.458284890278378, 43.051140122253628, 0.0 ], [ -89.458271898328462, 43.051113803077691, 0.0 ], [ -89.458253122865344, 43.051067115877011, 0.0 ], [ -89.458240466191569, 43.051030151684024, 0.0 ], [ -89.458166202529455, 43.050996204976144, 0.0 ], [ -89.458034858106771, 43.051026798922685, 0.0 ], [ -89.458016334100762, 43.05104004232971, 0.0 ], [ -89.457874009384895, 43.051140206072553, 0.0 ], [ -89.457710729911128, 43.051223606009096, 0.0 ], [ -89.457668568938161, 43.051235089216405, 0.0 ], [ -89.457604615016976, 43.05126534788684, 0.0 ], [ -89.457568405195275, 43.051269455019408, 0.0 ], [ -89.457533285020972, 43.051271801952268, 0.0 ], [ -89.4574772939078, 43.051278339836728, 0.0 ], [ -89.457419207318807, 43.051272304866444, 0.0 ], [ -89.457378974183584, 43.051263839144241, 0.0 ], [ -89.457279983907128, 43.051247159156873, 0.0 ], [ -89.457237152381921, 43.051251098651356, 0.0 ], [ -89.457219718023339, 43.051251182470388, 0.0 ], [ -89.457189124076748, 43.051255792517118, 0.0 ], [ -89.457145370542207, 43.051255205783896, 0.0 ], [ -89.457136485724845, 43.051255960155174, 0.0 ], [ -89.457042105495134, 43.051258390907073, 0.0 ], [ -89.456965327262083, 43.051253780860307, 0.0 ], [ -89.456944037228027, 43.051248081166143, 0.0 ], [ -89.456941690295125, 43.051245482776181, 0.0 ], [ -89.456920484080115, 43.051247829709041, 0.0 ], [ -89.456881005316163, 43.051249757546749, 0.0 ], [ -89.456714037805, 43.05122025324755, 0.0 ], [ -89.456568947061101, 43.051248919356361, 0.0 ], [ -89.456514464690471, 43.05125118247021, 0.0 ], [ -89.456476746126214, 43.051257217440494, 0.0 ], [ -89.456398878245736, 43.051249757546657, 0.0 ], [ -89.456377252935567, 43.051247745889874, 0.0 ], [ -89.456294188275137, 43.0512539484982, 0.0 ], [ -89.456241214647093, 43.051280686769303, 0.0 ], [ -89.456208022310534, 43.051282782245096, 0.0 ], [ -89.456208357586661, 43.051282614607018, 0.0 ], [ -89.456203160806695, 43.051278675112528, 0.0 ], [ -89.456194443627396, 43.05124774588981, 0.0 ], [ -89.456180864944258, 43.051083209130574, 0.0 ], [ -89.456178937106529, 43.051032079521221, 0.0 ], [ -89.456170471384326, 43.050939627129239, 0.0 ], [ -89.456202993168631, 43.050835020977651, 0.0 ], [ -89.456205004825392, 43.050815323505212, 0.0 ], [ -89.456194695084491, 43.050794620204371, 0.0 ], [ -89.456179523839751, 43.050775760922249, 0.0 ], [ -89.456179020925561, 43.050766037914556, 0.0 ], [ -89.456179607658783, 43.050769893589987, 0.0 ], [ -89.456178182735243, 43.050754135612038, 0.0 ], [ -89.456177512182975, 43.050752207774302, 0.0 ], [ -89.456172902136245, 43.050730331007045, 0.0 ], [ -89.456171561031738, 43.050692193347622, 0.0 ], [ -89.456169465555945, 43.050652966040758, 0.0 ], [ -89.456165526061454, 43.050631508368646, 0.0 ], [ -89.456154713406349, 43.05053821778634, 0.0 ], [ -89.456159574910188, 43.050479963559297, 0.0 ], [ -89.456166448070789, 43.050412070143629, 0.0 ], [ -89.456140715628052, 43.050330346587678, 0.0 ], [ -89.456126047297516, 43.050309056553623, 0.0 ], [ -89.456165274604359, 43.050222303855818, 0.0 ], [ -89.456161502747932, 43.050184920567681, 0.0 ], [ -89.456155635415712, 43.050071010503558, 0.0 ], [ -89.456166364251771, 43.050000853974034, 0.0 ], [ -89.456153959035063, 43.0499704276655, 0.0 ], [ -89.456130070611039, 43.049936480957662, 0.0 ], [ -89.45611028931954, 43.049933798748619, 0.0 ], [ -89.456091346218386, 43.04993187091091, 0.0 ], [ -89.455956816672469, 43.049915945294842, 0.0 ], [ -89.455855479463139, 43.049902366611683, 0.0 ], [ -89.455850869416381, 43.0499003549549, 0.0 ], [ -89.45584575645546, 43.049900941688136, 0.0 ], [ -89.455782556905547, 43.049914939466404, 0.0 ], [ -89.455762943252125, 43.049916112932863, 0.0 ], [ -89.455713070928255, 43.049928182873415, 0.0 ], [ -89.455659259109879, 43.049929691615972, 0.0 ], [ -89.455612152814055, 43.049931787091772, 0.0 ], [ -89.455444682388702, 43.049928769606566, 0.0 ], [ -89.45534099824647, 43.049921644988835, 0.0 ], [ -89.455324904992381, 43.049920555341444, 0.0 ], [ -89.455209653823772, 43.049909072134064, 0.0 ], [ -89.455101778729954, 43.049899935859571, 0.0 ], [ -89.455088032408739, 43.04990538409664, 0.0 ], [ -89.454984934999743, 43.049898008021813, 0.0 ], [ -89.454828780143657, 43.049815362456492, 0.0 ], [ -89.454777901991406, 43.049692399936951, 0.0 ], [ -89.454770861192742, 43.049668679150997, 0.0 ], [ -89.4547712802879, 43.04965644157236, 0.0 ], [ -89.454778488724628, 43.049608245629116, 0.0 ], [ -89.454790810122276, 43.049554349991723, 0.0 ], [ -89.45477957837204, 43.0494882167757, 0.0 ], [ -89.454773878677869, 43.049417724970034, 0.0 ], [ -89.454772453754344, 43.049402302268199, 0.0 ], [ -89.45478075183847, 43.049351005020796, 0.0 ], [ -89.454781925304928, 43.049263917046837, 0.0 ], [ -89.454828780143657, 43.049165094408458, 0.0 ], [ -89.454884435980716, 43.049105499076923, 0.0 ], [ -89.454910252242485, 43.049072055283261, 0.0 ], [ -89.454935817047158, 43.049048921230522, 0.0 ], [ -89.454956017433801, 43.049025032806476, 0.0 ], [ -89.455005470662499, 43.048975914853919, 0.0 ], [ -89.455109490080858, 43.048904165762785, 0.0 ], [ -89.455148885025778, 43.048889078337083, 0.0 ], [ -89.45515676401476, 43.048885893213885, 0.0 ], [ -89.455152573063174, 43.048863764989498, 0.0 ], [ -89.455128852277198, 43.048788663137088, 0.0 ], [ -89.455122314392725, 43.048754464972149, 0.0 ], [ -89.455128349363008, 43.048707861590508, 0.0 ], [ -89.455128097905913, 43.048590431127089, 0.0 ], [ -89.45510596968154, 43.048559250447276, 0.0 ], [ -89.455091636627117, 43.048547683420914, 0.0 ], [ -89.455088870599056, 43.048545420307065, 0.0 ], [ -89.455089122056151, 43.048545420307029, 0.0 ], [ -89.455086942761341, 43.048540977898362, 0.0 ], [ -89.455059869214097, 43.048483394223574, 0.0 ], [ -89.45504754781642, 43.048462355646606, 0.0 ], [ -89.455019887535968, 43.048408543828245, 0.0 ], [ -89.454965488984371, 43.048356995123726, 0.0 ], [ -89.454839928074875, 43.048276193577102, 0.0 ], [ -89.454817213117281, 43.048259513589784, 0.0 ], [ -89.454758204518953, 43.048220956835181, 0.0 ], [ -89.45467891171495, 43.048162702608131, 0.0 ], [ -89.454604983328963, 43.048108890789742, 0.0 ], [ -89.454557457937995, 43.048065891626479, 0.0 ], [ -89.454555697738328, 43.048061197760696, 0.0 ], [ -89.454482020809436, 43.047997411477525, 0.0 ], [ -89.45441454648892, 43.047859361532282, 0.0 ], [ -89.454394178464213, 43.047788031536292, 0.0 ], [ -89.454390658064881, 43.047782248023104, 0.0 ], [ -89.454364674165049, 43.047698261353318, 0.0 ], [ -89.454368781297603, 43.047586865860175, 0.0 ], [ -89.454379593952694, 43.047546884182033, 0.0 ], [ -89.454374313353696, 43.04752668379539, 0.0 ], [ -89.45435495115737, 43.047465328264174, 0.0 ], [ -89.454355705528656, 43.04735116674297, 0.0 ], [ -89.454338271170059, 43.047324344652836, 0.0 ], [ -89.454303653909946, 43.047280926394365, 0.0 ], [ -89.45430608466188, 43.047256451237146, 0.0 ], [ -89.454300636424819, 43.047133488717606, 0.0 ], [ -89.454306168480898, 43.047127118471188, 0.0 ], [ -89.454309688880244, 43.047121418777039, 0.0 ], [ -89.45430382154801, 43.047088226440493, 0.0 ], [ -89.454309185966054, 43.047062410178697, 0.0 ], [ -89.45430608466188, 43.047006251427469, 0.0 ], [ -89.45430658757607, 43.046994013848845, 0.0 ], [ -89.454313460736671, 43.046961743521607, 0.0 ], [ -89.454319914802099, 43.046912960845162, 0.0 ], [ -89.45433315820911, 43.046863591435482, 0.0 ], [ -89.4543336611233, 43.046862082692932, 0.0 ], [ -89.45432905107657, 43.046854874256177, 0.0 ], [ -89.454332739113966, 43.046813132378389, 0.0 ], [ -89.454375319182077, 43.046694193172385, 0.0 ], [ -89.454370373859206, 43.046589335563738, 0.0 ], [ -89.454372804611126, 43.046463355559048, 0.0 ], [ -89.454371128230491, 43.046396048876588, 0.0 ], [ -89.454364506526986, 43.046336202087936, 0.0 ], [ -89.454371882601777, 43.046335531535703, 0.0 ], [ -89.45434858091096, 43.046315163510968, 0.0 ], [ -89.454313460736671, 43.046260429683244, 0.0 ], [ -89.454303486271883, 43.046255651998443, 0.0 ], [ -89.454294182359376, 43.046251293408808, 0.0 ], [ -89.454250764100948, 43.046201756361043, 0.0 ], [ -89.45424422621646, 43.046194045010132, 0.0 ], [ -89.454178512095609, 43.0461213739096, 0.0 ], [ -89.454152612014795, 43.046091953429467, 0.0 ], [ -89.454107349737669, 43.04603847688724, 0.0 ], [ -89.454060830175081, 43.04594946107553, 0.0 ], [ -89.454045826568404, 43.045917861300559, 0.0 ], [ -89.454049849881926, 43.045908976483211, 0.0 ], [ -89.454032247885266, 43.045887351173015, 0.0 ], [ -89.454022357239509, 43.045860445263841, 0.0 ], [ -89.454021938144365, 43.045849213513591, 0.0 ], [ -89.454017244278589, 43.045811159673171, 0.0 ], [ -89.454018166287923, 43.045812249320605, 0.0 ], [ -89.454010287298956, 43.045807387816765, 0.0 ], [ -89.454019926487604, 43.045700350913258, 0.0 ], [ -89.454057477413812, 43.045659195768721, 0.0 ], [ -89.45406175218443, 43.045660453054168, 0.0 ], [ -89.454066110774079, 43.045623656499266, 0.0 ], [ -89.454104667528668, 43.045521900194764, 0.0 ], [ -89.454100141300955, 43.045505555483579, 0.0 ], [ -89.454094776882926, 43.045471189680576, 0.0 ] ] } },
{ "type": "Feature", "properties": { "id": 4 }, "geometry": { "type": "LineString", "coordinates": [ [ -89.459929671137729, 43.053854182501027, 0.0 ], [ -89.459930676966096, 43.053841693465266, 0.0 ], [ -89.459941824897328, 43.053788133104, 0.0 ], [ -89.459946267305995, 43.053771956030886, 0.0 ], [ -89.459934532641569, 43.053761646290006, 0.0 ], [ -89.459826489909688, 43.053738176961069, 0.0 ], [ -89.459693552925387, 43.053734824199786, 0.0 ], [ -89.459665641187826, 43.053726107020466, 0.0 ], [ -89.459669329225221, 43.053722418983078, 0.0 ], [ -89.459690619259263, 43.053714037079907, 0.0 ], [ -89.459646865724721, 43.053718479488595, 0.0 ], [ -89.459626832976127, 43.053726945210769, 0.0 ], [ -89.459628844632903, 43.053718730945683, 0.0 ], [ -89.459628844632903, 43.053718730945683, 0.0 ], [ -89.459548126905361, 43.053722335164004, 0.0 ], [ -89.459472605957771, 43.053722335163997, 0.0 ], [ -89.459375040604854, 43.053720994059461, 0.0 ], [ -89.459360372274318, 43.053724095363641, 0.0 ], [ -89.459254005923071, 43.053740523893836, 0.0 ], [ -89.459193740039254, 43.053737422589649, 0.0 ], [ -89.459154093637267, 43.053741194446047, 0.0 ], [ -89.459127439185181, 43.053741362084089, 0.0 ], [ -89.459080165251294, 43.053731639076418, 0.0 ], [ -89.459005817770148, 43.053727531943828, 0.0 ], [ -89.458999447523738, 43.053724346820651, 0.0 ], [ -89.458996681495705, 43.053716132555522, 0.0 ], [ -89.458972290157476, 43.05370758301428, 0.0 ], [ -89.458934990688363, 43.053722838078045, 0.0 ], [ -89.458700465037609, 43.053707247738096, 0.0 ], [ -89.458690239115739, 43.053708169747445, 0.0 ], [ -89.458673056214252, 43.053698027644593, 0.0 ], [ -89.458671715109745, 43.053691657398197, 0.0 ], [ -89.458671715109745, 43.053661650184821, 0.0 ], [ -89.458678672089363, 43.053644299645249, 0.0 ], [ -89.458677750080028, 43.053631559152457, 0.0 ], [ -89.458687640725756, 43.053491413731429, 0.0 ], [ -89.45869199931542, 43.053460316870655, 0.0 ], [ -89.458683617412248, 43.053452773157787, 0.0 ], [ -89.458687473087707, 43.053445061806897, 0.0 ], [ -89.458685545249963, 43.053424358506042, 0.0 ], [ -89.458687221630612, 43.053370462868649, 0.0 ], [ -89.458681186660328, 43.053306928042616, 0.0 ], [ -89.458678672089363, 43.053252529491033, 0.0 ], [ -89.458679175003553, 43.053210871432277, 0.0 ], [ -89.458687556906739, 43.053185474265668, 0.0 ], [ -89.458691161125103, 43.05318103185698, 0.0 ], [ -89.458693927153149, 43.053173488144118, 0.0 ], [ -89.458697782828608, 43.053166866440598, 0.0 ], [ -89.458696357905069, 43.053165692974169, 0.0 ], [ -89.458698034285703, 43.053158652175519, 0.0 ], [ -89.458697363733449, 43.05314096635982, 0.0 ], [ -89.458698537199879, 43.053120095420937, 0.0 ], [ -89.458698201923767, 43.05310593000457, 0.0 ], [ -89.458695184438625, 43.053097631920423, 0.0 ], [ -89.458692753686691, 43.053059494260992, 0.0 ], [ -89.458685209973851, 43.053023787353474, 0.0 ], [ -89.458679258822599, 43.05295748649938, 0.0 ], [ -89.458682108669663, 43.052896298606228, 0.0 ], [ -89.458679342641631, 43.052868554506766, 0.0 ], [ -89.458665680139447, 43.052812311936457, 0.0 ], [ -89.458665428682352, 43.052708963070351, 0.0 ], [ -89.458654699846306, 43.052655821804251, 0.0 ], [ -89.458647826685706, 43.052604021642644, 0.0 ], [ -89.458661070092717, 43.052563201774205, 0.0 ], [ -89.458660399540449, 43.052551634747822, 0.0 ], [ -89.458659142254987, 43.052541744102065, 0.0 ], [ -89.458661656825939, 43.052513329450321, 0.0 ], [ -89.458656795322099, 43.052439903978552, 0.0 ], [ -89.458655538036624, 43.052423978362498, 0.0 ], [ -89.458654532208243, 43.052283581484403, 0.0 ], [ -89.458652688189531, 43.052254412461345, 0.0 ], [ -89.458649335428277, 43.052254999194581, 0.0 ], [ -89.458639863877693, 43.052251227338147, 0.0 ], [ -89.458638858049312, 43.052197583157849, 0.0 ], [ -89.458633996545473, 43.05217956206603, 0.0 ], [ -89.458627207203904, 43.0520930608253, 0.0 ], [ -89.458634499459663, 43.052065065268685, 0.0 ], [ -89.458632320164824, 43.051997842405271, 0.0 ], [ -89.458603486417914, 43.051934139941153, 0.0 ], [ -89.4586118683211, 43.051928524066042, 0.0 ], [ -89.458612706511417, 43.051888374749872, 0.0 ], [ -89.458609102293053, 43.051855517689411, 0.0 ], [ -89.458604911341467, 43.051787959549863, 0.0 ], [ -89.458605414255658, 43.051782678950836, 0.0 ], [ -89.458560487254658, 43.051759796355149, 0.0 ], [ -89.458532491698065, 43.051733477179226, 0.0 ], [ -89.458484882488037, 43.05169483660557, 0.0 ], [ -89.45846091024498, 43.051655609298741, 0.0 ], [ -89.458419168367186, 43.051531892407901, 0.0 ], [ -89.458383880554834, 43.051469866324418, 0.0 ], [ -89.458368625491062, 43.051411109183213, 0.0 ], [ -89.458352616056004, 43.051374899361491, 0.0 ], [ -89.45833920501093, 43.051307257402904, 0.0 ], [ -89.458338031544486, 43.05130901760257, 0.0 ], [ -89.458338702096739, 43.05130952051676, 0.0 ], [ -89.458339121191884, 43.05131119689738, 0.0 ], [ -89.458338702096739, 43.051312873278015, 0.0 ], [ -89.458337193354154, 43.051312454182863, 0.0 ], [ -89.458323027937809, 43.051264090601563, 0.0 ], [ -89.458296205847645, 43.051178762827256, 0.0 ], [ -89.458284890278378, 43.051140122253628, 0.0 ], [ -89.458271898328462, 43.051113803077691, 0.0 ], [ -89.458253122865344, 43.051067115877011, 0.0 ], [ -89.458240466191569, 43.051030151684024, 0.0 ], [ -89.458166202529455, 43.050996204976144, 0.0 ], [ -89.458034858106771, 43.051026798922685, 0.0 ], [ -89.458016334100762, 43.05104004232971, 0.0 ], [ -89.457874009384895, 43.051140206072553, 0.0 ], [ -89.457710729911128, 43.051223606009096, 0.0 ], [ -89.457668568938161, 43.051235089216405, 0.0 ], [ -89.457604615016976, 43.05126534788684, 0.0 ], [ -89.457568405195275, 43.051269455019408, 0.0 ], [ -89.457533285020972, 43.051271801952268, 0.0 ], [ -89.4574772939078, 43.051278339836728, 0.0 ], [ -89.457419207318807, 43.051272304866444, 0.0 ], [ -89.457378974183584, 43.051263839144241, 0.0 ], [ -89.457279983907128, 43.051247159156873, 0.0 ], [ -89.457237152381921, 43.051251098651356, 0.0 ], [ -89.457219718023339, 43.051251182470388, 0.0 ], [ -89.457189124076748, 43.051255792517118, 0.0 ], [ -89.457145370542207, 43.051255205783896, 0.0 ], [ -89.457136485724845, 43.051255960155174, 0.0 ], [ -89.457042105495134, 43.051258390907073, 0.0 ], [ -89.456965327262083, 43.051253780860307, 0.0 ], [ -89.456944037228027, 43.051248081166143, 0.0 ], [ -89.456941690295125, 43.051245482776181, 0.0 ], [ -89.456920484080115, 43.051247829709041, 0.0 ], [ -89.456881005316163, 43.051249757546749, 0.0 ], [ -89.456714037805, 43.05122025324755, 0.0 ], [ -89.456568947061101, 43.051248919356361, 0.0 ], [ -89.456514464690471, 43.05125118247021, 0.0 ], [ -89.456476746126214, 43.051257217440494, 0.0 ], [ -89.456398878245736, 43.051249757546657, 0.0 ], [ -89.456377252935567, 43.051247745889874, 0.0 ], [ -89.456294188275137, 43.0512539484982, 0.0 ], [ -89.456241214647093, 43.051280686769303, 0.0 ], [ -89.456208022310534, 43.051282782245096, 0.0 ], [ -89.456208357586661, 43.051282614607018, 0.0 ], [ -89.456203160806695, 43.051278675112528, 0.0 ], [ -89.456194443627396, 43.05124774588981, 0.0 ], [ -89.456180864944258, 43.051083209130574, 0.0 ], [ -89.456178937106529, 43.051032079521221, 0.0 ], [ -89.456170471384326, 43.050939627129239, 0.0 ], [ -89.456202993168631, 43.050835020977651, 0.0 ], [ -89.456205004825392, 43.050815323505212, 0.0 ], [ -89.456194695084491, 43.050794620204371, 0.0 ], [ -89.456179523839751, 43.050775760922249, 0.0 ], [ -89.456179020925561, 43.050766037914556, 0.0 ], [ -89.456179607658783, 43.050769893589987, 0.0 ], [ -89.456178182735243, 43.050754135612038, 0.0 ], [ -89.456177512182975, 43.050752207774302, 0.0 ], [ -89.456172902136245, 43.050730331007045, 0.0 ], [ -89.456171561031738, 43.050692193347622, 0.0 ], [ -89.456169465555945, 43.050652966040758, 0.0 ], [ -89.456165526061454, 43.050631508368646, 0.0 ], [ -89.456154713406349, 43.05053821778634, 0.0 ], [ -89.456159574910188, 43.050479963559297, 0.0 ], [ -89.456166448070789, 43.050412070143629, 0.0 ], [ -89.456140715628052, 43.050330346587678, 0.0 ], [ -89.456126047297516, 43.050309056553623, 0.0 ], [ -89.456165274604359, 43.050222303855818, 0.0 ], [ -89.456161502747932, 43.050184920567681, 0.0 ], [ -89.456155635415712, 43.050071010503558, 0.0 ], [ -89.456166364251771, 43.050000853974034, 0.0 ], [ -89.456153959035063, 43.0499704276655, 0.0 ], [ -89.456130070611039, 43.049936480957662, 0.0 ], [ -89.45611028931954, 43.049933798748619, 0.0 ], [ -89.456091346218386, 43.04993187091091, 0.0 ], [ -89.455956816672469, 43.049915945294842, 0.0 ], [ -89.455855479463139, 43.049902366611683, 0.0 ], [ -89.455850869416381, 43.0499003549549, 0.0 ], [ -89.45584575645546, 43.049900941688136, 0.0 ], [ -89.455782556905547, 43.049914939466404, 0.0 ], [ -89.455762943252125, 43.049916112932863, 0.0 ], [ -89.455713070928255, 43.049928182873415, 0.0 ], [ -89.455659259109879, 43.049929691615972, 0.0 ], [ -89.455612152814055, 43.049931787091772, 0.0 ], [ -89.455444682388702, 43.049928769606566, 0.0 ], [ -89.45534099824647, 43.049921644988835, 0.0 ], [ -89.455324904992381, 43.049920555341444, 0.0 ], [ -89.455209653823772, 43.049909072134064, 0.0 ], [ -89.455101778729954, 43.049899935859571, 0.0 ], [ -89.455088032408739, 43.04990538409664, 0.0 ], [ -89.454984934999743, 43.049898008021813, 0.0 ], [ -89.454828780143657, 43.049815362456492, 0.0 ], [ -89.454777901991406, 43.049692399936951, 0.0 ], [ -89.454770861192742, 43.049668679150997, 0.0 ], [ -89.4547712802879, 43.04965644157236, 0.0 ], [ -89.454778488724628, 43.049608245629116, 0.0 ], [ -89.454790810122276, 43.049554349991723, 0.0 ], [ -89.45477957837204, 43.0494882167757, 0.0 ], [ -89.454773878677869, 43.049417724970034, 0.0 ], [ -89.454772453754344, 43.049402302268199, 0.0 ], [ -89.45478075183847, 43.049351005020796, 0.0 ], [ -89.454781925304928, 43.049263917046837, 0.0 ], [ -89.454828780143657, 43.049165094408458, 0.0 ], [ -89.454884435980716, 43.049105499076923, 0.0 ], [ -89.454910252242485, 43.049072055283261, 0.0 ], [ -89.454935817047158, 43.049048921230522, 0.0 ], [ -89.454956017433801, 43.049025032806476, 0.0 ], [ -89.455005470662499, 43.048975914853919, 0.0 ], [ -89.455109490080858, 43.048904165762785, 0.0 ], [ -89.455148885025778, 43.048889078337083, 0.0 ], [ -89.45515676401476, 43.048885893213885, 0.0 ], [ -89.455152573063174, 43.048863764989498, 0.0 ], [ -89.455128852277198, 43.048788663137088, 0.0 ], [ -89.455122314392725, 43.048754464972149, 0.0 ], [ -89.455128349363008, 43.048707861590508, 0.0 ], [ -89.455128097905913, 43.048590431127089, 0.0 ], [ -89.45510596968154, 43.048559250447276, 0.0 ], [ -89.455091636627117, 43.048547683420914, 0.0 ], [ -89.455088870599056, 43.048545420307065, 0.0 ], [ -89.455089122056151, 43.048545420307029, 0.0 ], [ -89.455086942761341, 43.048540977898362, 0.0 ], [ -89.455059869214097, 43.048483394223574, 0.0 ], [ -89.45504754781642, 43.048462355646606, 0.0 ], [ -89.455019887535968, 43.048408543828245, 0.0 ], [ -89.454965488984371, 43.048356995123726, 0.0 ], [ -89.454839928074875, 43.048276193577102, 0.0 ], [ -89.454817213117281, 43.048259513589784, 0.0 ], [ -89.454758204518953, 43.048220956835181, 0.0 ], [ -89.45467891171495, 43.048162702608131, 0.0 ], [ -89.454604983328963, 43.048108890789742, 0.0 ], [ -89.454557457937995, 43.048065891626479, 0.0 ], [ -89.454555697738328, 43.048061197760696, 0.0 ], [ -89.454482020809436, 43.047997411477525, 0.0 ], [ -89.45441454648892, 43.047859361532282, 0.0 ], [ -89.454394178464213, 43.047788031536292, 0.0 ], [ -89.454390658064881, 43.047782248023104, 0.0 ], [ -89.454364674165049, 43.047698261353318, 0.0 ], [ -89.454368781297603, 43.047586865860175, 0.0 ], [ -89.454379593952694, 43.047546884182033, 0.0 ], [ -89.454374313353696, 43.04752668379539, 0.0 ], [ -89.45435495115737, 43.047465328264174, 0.0 ], [ -89.454355705528656, 43.04735116674297, 0.0 ], [ -89.454338271170059, 43.047324344652836, 0.0 ], [ -89.454303653909946, 43.047280926394365, 0.0 ], [ -89.45430608466188, 43.047256451237146, 0.0 ], [ -89.454300636424819, 43.047133488717606, 0.0 ], [ -89.454306168480898, 43.047127118471188, 0.0 ], [ -89.454309688880244, 43.047121418777039, 0.0 ], [ -89.45430382154801, 43.047088226440493, 0.0 ], [ -89.454309185966054, 43.047062410178697, 0.0 ], [ -89.45430608466188, 43.047006251427469, 0.0 ], [ -89.45430658757607, 43.046994013848845, 0.0 ], [ -89.454313460736671, 43.046961743521607, 0.0 ], [ -89.454319914802099, 43.046912960845162, 0.0 ], [ -89.45433315820911, 43.046863591435482, 0.0 ], [ -89.4543336611233, 43.046862082692932, 0.0 ], [ -89.45432905107657, 43.046854874256177, 0.0 ], [ -89.454332739113966, 43.046813132378389, 0.0 ], [ -89.454375319182077, 43.046694193172385, 0.0 ], [ -89.454370373859206, 43.046589335563738, 0.0 ], [ -89.454372804611126, 43.046463355559048, 0.0 ], [ -89.454371128230491, 43.046396048876588, 0.0 ], [ -89.454364506526986, 43.046336202087936, 0.0 ], [ -89.454371882601777, 43.046335531535703, 0.0 ], [ -89.45434858091096, 43.046315163510968, 0.0 ], [ -89.454313460736671, 43.046260429683244, 0.0 ], [ -89.454303486271883, 43.046255651998443, 0.0 ], [ -89.454294182359376, 43.046251293408808, 0.0 ], [ -89.454250764100948, 43.046201756361043, 0.0 ], [ -89.45424422621646, 43.046194045010132, 0.0 ], [ -89.454178512095609, 43.0461213739096, 0.0 ], [ -89.454152612014795, 43.046091953429467, 0.0 ], [ -89.454107349737669, 43.04603847688724, 0.0 ], [ -89.454060830175081, 43.04594946107553, 0.0 ], [ -89.454045826568404, 43.045917861300559, 0.0 ], [ -89.454049849881926, 43.045908976483211, 0.0 ], [ -89.454032247885266, 43.045887351173015, 0.0 ], [ -89.454022357239509, 43.045860445263841, 0.0 ], [ -89.454021938144365, 43.045849213513591, 0.0 ], [ -89.454017244278589, 43.045811159673171, 0.0 ], [ -89.454018166287923, 43.045812249320605, 0.0 ], [ -89.454010287298956, 43.045807387816765, 0.0 ], [ -89.454019926487604, 43.045700350913258, 0.0 ], [ -89.454057477413812, 43.045659195768721, 0.0 ], [ -89.45406175218443, 43.045660453054168, 0.0 ], [ -89.454066110774079, 43.045623656499266, 0.0 ], [ -89.454104667528668, 43.045521900194764, 0.0 ], [ -89.454100141300955, 43.045505555483579, 0.0 ], [ -89.454094776882926, 43.045471189680576, 0.0 ], [ -89.454098297282258, 43.045399775865555, 0.0 ], [ -89.454111792146364, 43.045372199404127, 0.0 ], [ -89.454135429113293, 43.04537513307023, 0.0 ], [ -89.454139368607784, 43.045373540508649, 0.0 ], [ -89.454138865693594, 43.0453705230235, 0.0 ], [ -89.454138865693594, 43.0453705230235, 0.0 ], [ -89.454133585094596, 43.045354345950372, 0.0 ], [ -89.454117743297616, 43.045305060359716, 0.0 ], [ -89.454150432719985, 43.045210093396797, 0.0 ], [ -89.454155545680905, 43.045182936030528, 0.0 ], [ -89.454149594529667, 43.045172039556391, 0.0 ], [ -89.454125370829487, 43.045126609641223, 0.0 ], [ -89.454119252040172, 43.045122586327686, 0.0 ], [ -89.454110534860874, 43.045118479195111, 0.0 ], [ -89.454098129644194, 43.045113282415151, 0.0 ], [ -89.454093603416467, 43.045111857491612, 0.0 ], [ -89.454066362231174, 43.04510439759779, 0.0 ], [ -89.454036522655883, 43.045105068150022, 0.0 ], [ -89.453972904010797, 43.045140775057504, 0.0 ], [ -89.453944321720982, 43.045154605197752, 0.0 ], [ -89.453884810208478, 43.045160472529943, 0.0 ], [ -89.453796129672924, 43.04521612836696, 0.0 ], [ -89.453740222378755, 43.045229790869129, 0.0 ], [ -89.453686326741376, 43.045249655979639, 0.0 ], [ -89.453619522973085, 43.0453027134267, 0.0 ], [ -89.453595299272934, 43.045306233826047, 0.0 ], [ -89.453523214905658, 43.045337246867739, 0.0 ], [ -89.453485747798481, 43.045351747560211, 0.0 ], [ -89.453465715049887, 43.045354429769219, 0.0 ], [ -89.453443251549388, 43.045363901319824, 0.0 ], [ -89.453414166345397, 43.0453861133632, 0.0 ], [ -89.453375022857585, 43.045395920189918, 0.0 ], [ -89.453358594327369, 43.045405391740488, 0.0 ], [ -89.453223394229212, 43.045460460844275, 0.0 ], [ -89.453082662074962, 43.045512093367783, 0.0 ], [ -89.452997082843581, 43.045551823588809, 0.0 ], [ -89.452960034831563, 43.045569006490318, 0.0 ], [ -89.45290178060452, 43.045587195220158, 0.0 ], [ -89.452825253828564, 43.045633211868548, 0.0 ], [ -89.452704219146753, 43.045685263487222, 0.0 ], [ -89.452636074273983, 43.045724239336941, 0.0 ], [ -89.452601205556775, 43.045734884353976, 0.0 ], [ -89.452461646868983, 43.045799257370284, 0.0 ], [ -89.452396268024245, 43.045805543797641, 0.0 ], [ -89.45230926386931, 43.045830354231029, 0.0 ], [ -89.452185463159481, 43.045873353394242, 0.0 ], [ -89.452182697131434, 43.045890368657687, 0.0 ], [ -89.452137015759149, 43.045911826329785, 0.0 ], [ -89.452123101799884, 43.045917190747829, 0.0 ], [ -89.452011035754481, 43.045954909312059, 0.0 ], [ -89.451932245864668, 43.046007128568817, 0.0 ], [ -89.45181213319222, 43.046047696980139, 0.0 ], [ -89.451781539245644, 43.046065969529046, 0.0 ], [ -89.451718339695731, 43.046104191007473, 0.0 ], [ -89.451680956407586, 43.046161271768071, 0.0 ], [ -89.451709622516432, 43.046196811037539, 0.0 ], [ -89.451724039389873, 43.046207623692617, 0.0 ], [ -89.451724039389873, 43.046207623692617, 0.0 ], [ -89.451724039389873, 43.046207623692617, 0.0 ], [ -89.451724039389873, 43.046207623692617, 0.0 ], [ -89.451762596144476, 43.046233859049551, 0.0 ], [ -89.451773827894726, 43.046242408590807, 0.0 ], [ -89.45188706740656, 43.046350535141734, 0.0 ], [ -89.451928390189195, 43.046392612295662, 0.0 ], [ -89.451957643031278, 43.046419350566794, 0.0 ], [ -89.451994020491014, 43.046435108544777, 0.0 ], [ -89.452016232534433, 43.046431504326407, 0.0 ], [ -89.452060740440274, 43.046429073574494, 0.0 ], [ -89.452154450117732, 43.046447597580531, 0.0 ], [ -89.452211698516408, 43.046471988918782, 0.0 ], [ -89.452253775670329, 43.046499397742153, 0.0 ], [ -89.452318148686686, 43.046529404955535, 0.0 ], [ -89.452323010190511, 43.046530746060029, 0.0 ], [ -89.452342707662979, 43.046518759938529, 0.0 ], [ -89.452399201690355, 43.046500990303791, 0.0 ], [ -89.452467933296361, 43.046484142678445, 0.0 ], [ -89.452451588585177, 43.046467546510172, 0.0 ], [ -89.45247665047566, 43.04646369083472, 0.0 ], [ -89.452619478105689, 43.046434605630729, 0.0 ], [ -89.45262324996213, 43.046433599802356, 0.0 ], [ -89.452669015153432, 43.046413231777684, 0.0 ], [ -89.452837994321385, 43.046370484071531, 0.0 ], [ -89.452906977384472, 43.046338046106264, 0.0 ], [ -89.45298191159884, 43.046313319491922, 0.0 ], [ -89.453001022338071, 43.04630602723617, 0.0 ], [ -89.453047290443578, 43.046277864041549, 0.0 ], [ -89.453127672894993, 43.046252215417837, 0.0 ], [ -89.453186010941067, 43.046237966182481, 0.0 ] ] } },
{ "type": "Feature", "properties": { "id": 5 }, "geometry": { "type": "LineString", "coordinates": [ [ -89.459929671137729, 43.053854182501027, 0.0 ], [ -89.459930676966096, 43.053841693465266, 0.0 ], [ -89.459941824897328, 43.053788133104, 0.0 ], [ -89.459946267305995, 43.053771956030886, 0.0 ], [ -89.459934532641569, 43.053761646290006, 0.0 ], [ -89.459826489909688, 43.053738176961069, 0.0 ], [ -89.459693552925387, 43.053734824199786, 0.0 ], [ -89.459665641187826, 43.053726107020466, 0.0 ], [ -89.459669329225221, 43.053722418983078, 0.0 ], [ -89.459690619259263, 43.053714037079907, 0.0 ], [ -89.459646865724721, 43.053718479488595, 0.0 ], [ -89.459626832976127, 43.053726945210769, 0.0 ], [ -89.459628844632903, 43.053718730945683, 0.0 ], [ -89.459628844632903, 43.053718730945683, 0.0 ], [ -89.459548126905361, 43.053722335164004, 0.0 ], [ -89.459472605957771, 43.053722335163997, 0.0 ], [ -89.459375040604854, 43.053720994059461, 0.0 ], [ -89.459360372274318, 43.053724095363641, 0.0 ], [ -89.459254005923071, 43.053740523893836, 0.0 ], [ -89.459193740039254, 43.053737422589649, 0.0 ], [ -89.459154093637267, 43.053741194446047, 0.0 ], [ -89.459127439185181, 43.053741362084089, 0.0 ], [ -89.459080165251294, 43.053731639076418, 0.0 ], [ -89.459005817770148, 43.053727531943828, 0.0 ], [ -89.458999447523738, 43.053724346820651, 0.0 ], [ -89.458996681495705, 43.053716132555522, 0.0 ], [ -89.458972290157476, 43.05370758301428, 0.0 ], [ -89.458934990688363, 43.053722838078045, 0.0 ], [ -89.458700465037609, 43.053707247738096, 0.0 ], [ -89.458690239115739, 43.053708169747445, 0.0 ], [ -89.458673056214252, 43.053698027644593, 0.0 ], [ -89.458671715109745, 43.053691657398197, 0.0 ], [ -89.458671715109745, 43.053661650184821, 0.0 ], [ -89.458678672089363, 43.053644299645249, 0.0 ], [ -89.458677750080028, 43.053631559152457, 0.0 ], [ -89.458687640725756, 43.053491413731429, 0.0 ], [ -89.45869199931542, 43.053460316870655, 0.0 ], [ -89.458683617412248, 43.053452773157787, 0.0 ], [ -89.458687473087707, 43.053445061806897, 0.0 ], [ -89.458685545249963, 43.053424358506042, 0.0 ], [ -89.458687221630612, 43.053370462868649, 0.0 ], [ -89.458681186660328, 43.053306928042616, 0.0 ], [ -89.458678672089363, 43.053252529491033, 0.0 ], [ -89.458679175003553, 43.053210871432277, 0.0 ], [ -89.458687556906739, 43.053185474265668, 0.0 ], [ -89.458691161125103, 43.05318103185698, 0.0 ], [ -89.458693927153149, 43.053173488144118, 0.0 ], [ -89.458697782828608, 43.053166866440598, 0.0 ], [ -89.458696357905069, 43.053165692974169, 0.0 ], [ -89.458698034285703, 43.053158652175519, 0.0 ], [ -89.458697363733449, 43.05314096635982, 0.0 ], [ -89.458698537199879, 43.053120095420937, 0.0 ], [ -89.458698201923767, 43.05310593000457, 0.0 ], [ -89.458695184438625, 43.053097631920423, 0.0 ], [ -89.458692753686691, 43.053059494260992, 0.0 ], [ -89.458685209973851, 43.053023787353474, 0.0 ], [ -89.458679258822599, 43.05295748649938, 0.0 ], [ -89.458682108669663, 43.052896298606228, 0.0 ], [ -89.458679342641631, 43.052868554506766, 0.0 ], [ -89.458665680139447, 43.052812311936457, 0.0 ], [ -89.458665428682352, 43.052708963070351, 0.0 ], [ -89.458654699846306, 43.052655821804251, 0.0 ], [ -89.458647826685706, 43.052604021642644, 0.0 ], [ -89.458661070092717, 43.052563201774205, 0.0 ], [ -89.458660399540449, 43.052551634747822, 0.0 ], [ -89.458659142254987, 43.052541744102065, 0.0 ], [ -89.458661656825939, 43.052513329450321, 0.0 ], [ -89.458656795322099, 43.052439903978552, 0.0 ], [ -89.458655538036624, 43.052423978362498, 0.0 ], [ -89.458654532208243, 43.052283581484403, 0.0 ], [ -89.458652688189531, 43.052254412461345, 0.0 ], [ -89.458649335428277, 43.052254999194581, 0.0 ], [ -89.458639863877693, 43.052251227338147, 0.0 ], [ -89.458638858049312, 43.052197583157849, 0.0 ], [ -89.458633996545473, 43.05217956206603, 0.0 ], [ -89.458627207203904, 43.0520930608253, 0.0 ], [ -89.458634499459663, 43.052065065268685, 0.0 ], [ -89.458632320164824, 43.051997842405271, 0.0 ], [ -89.458603486417914, 43.051934139941153, 0.0 ], [ -89.4586118683211, 43.051928524066042, 0.0 ], [ -89.458612706511417, 43.051888374749872, 0.0 ], [ -89.458609102293053, 43.051855517689411, 0.0 ], [ -89.458604911341467, 43.051787959549863, 0.0 ], [ -89.458605414255658, 43.051782678950836, 0.0 ], [ -89.458560487254658, 43.051759796355149, 0.0 ], [ -89.458532491698065, 43.051733477179226, 0.0 ], [ -89.458484882488037, 43.05169483660557, 0.0 ], [ -89.45846091024498, 43.051655609298741, 0.0 ], [ -89.458419168367186, 43.051531892407901, 0.0 ], [ -89.458383880554834, 43.051469866324418, 0.0 ], [ -89.458368625491062, 43.051411109183213, 0.0 ], [ -89.458352616056004, 43.051374899361491, 0.0 ], [ -89.45833920501093, 43.051307257402904, 0.0 ], [ -89.458338031544486, 43.05130901760257, 0.0 ], [ -89.458338702096739, 43.05130952051676, 0.0 ], [ -89.458339121191884, 43.05131119689738, 0.0 ], [ -89.458338702096739, 43.051312873278015, 0.0 ], [ -89.458337193354154, 43.051312454182863, 0.0 ], [ -89.458323027937809, 43.051264090601563, 0.0 ], [ -89.458296205847645, 43.051178762827256, 0.0 ], [ -89.458284890278378, 43.051140122253628, 0.0 ], [ -89.458271898328462, 43.051113803077691, 0.0 ], [ -89.458253122865344, 43.051067115877011, 0.0 ], [ -89.458240466191569, 43.051030151684024, 0.0 ], [ -89.458166202529455, 43.050996204976144, 0.0 ], [ -89.458034858106771, 43.051026798922685, 0.0 ], [ -89.458016334100762, 43.05104004232971, 0.0 ], [ -89.457874009384895, 43.051140206072553, 0.0 ], [ -89.457710729911128, 43.051223606009096, 0.0 ], [ -89.457668568938161, 43.051235089216405, 0.0 ], [ -89.457604615016976, 43.05126534788684, 0.0 ], [ -89.457568405195275, 43.051269455019408, 0.0 ], [ -89.457533285020972, 43.051271801952268, 0.0 ], [ -89.4574772939078, 43.051278339836728, 0.0 ], [ -89.457419207318807, 43.051272304866444, 0.0 ], [ -89.457378974183584, 43.051263839144241, 0.0 ], [ -89.457279983907128, 43.051247159156873, 0.0 ], [ -89.457237152381921, 43.051251098651356, 0.0 ], [ -89.457219718023339, 43.051251182470388, 0.0 ], [ -89.457189124076748, 43.051255792517118, 0.0 ], [ -89.457145370542207, 43.051255205783896, 0.0 ], [ -89.457136485724845, 43.051255960155174, 0.0 ], [ -89.457042105495134, 43.051258390907073, 0.0 ], [ -89.456965327262083, 43.051253780860307, 0.0 ], [ -89.456944037228027, 43.051248081166143, 0.0 ], [ -89.456941690295125, 43.051245482776181, 0.0 ], [ -89.456920484080115, 43.051247829709041, 0.0 ], [ -89.456881005316163, 43.051249757546749, 0.0 ], [ -89.456714037805, 43.05122025324755, 0.0 ], [ -89.456568947061101, 43.051248919356361, 0.0 ], [ -89.456514464690471, 43.05125118247021, 0.0 ], [ -89.456476746126214, 43.051257217440494, 0.0 ], [ -89.456398878245736, 43.051249757546657, 0.0 ], [ -89.456377252935567, 43.051247745889874, 0.0 ], [ -89.456294188275137, 43.0512539484982, 0.0 ], [ -89.456241214647093, 43.051280686769303, 0.0 ], [ -89.456208022310534, 43.051282782245096, 0.0 ], [ -89.456208357586661, 43.051282614607018, 0.0 ], [ -89.456203160806695, 43.051278675112528, 0.0 ], [ -89.456194443627396, 43.05124774588981, 0.0 ], [ -89.456180864944258, 43.051083209130574, 0.0 ], [ -89.456178937106529, 43.051032079521221, 0.0 ], [ -89.456170471384326, 43.050939627129239, 0.0 ], [ -89.456202993168631, 43.050835020977651, 0.0 ], [ -89.456205004825392, 43.050815323505212, 0.0 ], [ -89.456194695084491, 43.050794620204371, 0.0 ], [ -89.456179523839751, 43.050775760922249, 0.0 ], [ -89.456179020925561, 43.050766037914556, 0.0 ], [ -89.456179607658783, 43.050769893589987, 0.0 ], [ -89.456178182735243, 43.050754135612038, 0.0 ], [ -89.456177512182975, 43.050752207774302, 0.0 ], [ -89.456172902136245, 43.050730331007045, 0.0 ], [ -89.456171561031738, 43.050692193347622, 0.0 ], [ -89.456169465555945, 43.050652966040758, 0.0 ], [ -89.456165526061454, 43.050631508368646, 0.0 ], [ -89.456154713406349, 43.05053821778634, 0.0 ], [ -89.456159574910188, 43.050479963559297, 0.0 ], [ -89.456166448070789, 43.050412070143629, 0.0 ], [ -89.456140715628052, 43.050330346587678, 0.0 ], [ -89.456126047297516, 43.050309056553623, 0.0 ], [ -89.456165274604359, 43.050222303855818, 0.0 ], [ -89.456161502747932, 43.050184920567681, 0.0 ], [ -89.456155635415712, 43.050071010503558, 0.0 ], [ -89.456166364251771, 43.050000853974034, 0.0 ], [ -89.456153959035063, 43.0499704276655, 0.0 ], [ -89.456130070611039, 43.049936480957662, 0.0 ], [ -89.45611028931954, 43.049933798748619, 0.0 ], [ -89.456091346218386, 43.04993187091091, 0.0 ], [ -89.455956816672469, 43.049915945294842, 0.0 ], [ -89.455855479463139, 43.049902366611683, 0.0 ], [ -89.455850869416381, 43.0499003549549, 0.0 ], [ -89.45584575645546, 43.049900941688136, 0.0 ], [ -89.455782556905547, 43.049914939466404, 0.0 ], [ -89.455762943252125, 43.049916112932863, 0.0 ], [ -89.455713070928255, 43.049928182873415, 0.0 ], [ -89.455659259109879, 43.049929691615972, 0.0 ], [ -89.455612152814055, 43.049931787091772, 0.0 ], [ -89.455444682388702, 43.049928769606566, 0.0 ], [ -89.45534099824647, 43.049921644988835, 0.0 ], [ -89.455324904992381, 43.049920555341444, 0.0 ], [ -89.455209653823772, 43.049909072134064, 0.0 ], [ -89.455101778729954, 43.049899935859571, 0.0 ], [ -89.455088032408739, 43.04990538409664, 0.0 ], [ -89.454984934999743, 43.049898008021813, 0.0 ], [ -89.454828780143657, 43.049815362456492, 0.0 ], [ -89.454777901991406, 43.049692399936951, 0.0 ], [ -89.454770861192742, 43.049668679150997, 0.0 ], [ -89.4547712802879, 43.04965644157236, 0.0 ], [ -89.454778488724628, 43.049608245629116, 0.0 ], [ -89.454790810122276, 43.049554349991723, 0.0 ], [ -89.45477957837204, 43.0494882167757, 0.0 ], [ -89.454773878677869, 43.049417724970034, 0.0 ], [ -89.454772453754344, 43.049402302268199, 0.0 ], [ -89.45478075183847, 43.049351005020796, 0.0 ], [ -89.454781925304928, 43.049263917046837, 0.0 ] ] } },
{ "type": "Feature", "properties": { "id": 6 }, "geometry": { "type": "LineString", "coordinates": [ [ -89.459929671137729, 43.053854182501027, 0.0 ], [ -89.459930676966096, 43.053841693465266, 0.0 ], [ -89.459941824897328, 43.053788133104, 0.0 ], [ -89.459946267305995, 43.053771956030886, 0.0 ], [ -89.459934532641569, 43.053761646290006, 0.0 ], [ -89.459826489909688, 43.053738176961069, 0.0 ], [ -89.459693552925387, 43.053734824199786, 0.0 ], [ -89.459665641187826, 43.053726107020466, 0.0 ], [ -89.459669329225221, 43.053722418983078, 0.0 ], [ -89.459690619259263, 43.053714037079907, 0.0 ], [ -89.459646865724721, 43.053718479488595, 0.0 ], [ -89.459626832976127, 43.053726945210769, 0.0 ], [ -89.459628844632903, 43.053718730945683, 0.0 ], [ -89.459628844632903, 43.053718730945683, 0.0 ], [ -89.459548126905361, 43.053722335164004, 0.0 ], [ -89.459472605957771, 43.053722335163997, 0.0 ], [ -89.459375040604854, 43.053720994059461, 0.0 ], [ -89.459360372274318, 43.053724095363641, 0.0 ], [ -89.459254005923071, 43.053740523893836, 0.0 ], [ -89.459193740039254, 43.053737422589649, 0.0 ], [ -89.459154093637267, 43.053741194446047, 0.0 ], [ -89.459127439185181, 43.053741362084089, 0.0 ], [ -89.459080165251294, 43.053731639076418, 0.0 ], [ -89.459005817770148, 43.053727531943828, 0.0 ] ] } },
{ "type": "Feature", "properties": { "id": 7 }, "geometry": { "type": "LineString", "coordinates": [ [ -89.459929671137729, 43.053854182501027, 0.0 ], [ -89.459930676966096, 43.053841693465266, 0.0 ], [ -89.459941824897328, 43.053788133104, 0.0 ], [ -89.459946267305995, 43.053771956030886, 0.0 ], [ -89.459934532641569, 43.053761646290006, 0.0 ], [ -89.459826489909688, 43.053738176961069, 0.0 ], [ -89.459693552925387, 43.053734824199786, 0.0 ], [ -89.459665641187826, 43.053726107020466, 0.0 ], [ -89.459669329225221, 43.053722418983078, 0.0 ], [ -89.459690619259263, 43.053714037079907, 0.0 ], [ -89.459646865724721, 43.053718479488595, 0.0 ], [ -89.459626832976127, 43.053726945210769, 0.0 ], [ -89.459628844632903, 43.053718730945683, 0.0 ], [ -89.459628844632903, 43.053718730945683, 0.0 ], [ -89.459548126905361, 43.053722335164004, 0.0 ], [ -89.459472605957771, 43.053722335163997, 0.0 ], [ -89.459375040604854, 43.053720994059461, 0.0 ], [ -89.459360372274318, 43.053724095363641, 0.0 ], [ -89.459254005923071, 43.053740523893836, 0.0 ], [ -89.459193740039254, 43.053737422589649, 0.0 ], [ -89.459154093637267, 43.053741194446047, 0.0 ], [ -89.459127439185181, 43.053741362084089, 0.0 ], [ -89.459080165251294, 43.053731639076418, 0.0 ], [ -89.459005817770148, 43.053727531943828, 0.0 ], [ -89.458999447523738, 43.053724346820651, 0.0 ], [ -89.458996681495705, 43.053716132555522, 0.0 ], [ -89.458972290157476, 43.05370758301428, 0.0 ], [ -89.458934990688363, 43.053722838078045, 0.0 ], [ -89.458700465037609, 43.053707247738096, 0.0 ], [ -89.458690239115739, 43.053708169747445, 0.0 ], [ -89.458673056214252, 43.053698027644593, 0.0 ], [ -89.458671715109745, 43.053691657398197, 0.0 ], [ -89.458671715109745, 43.053661650184821, 0.0 ], [ -89.458678672089363, 43.053644299645249, 0.0 ], [ -89.458677750080028, 43.053631559152457, 0.0 ], [ -89.458687640725756, 43.053491413731429, 0.0 ], [ -89.45869199931542, 43.053460316870655, 0.0 ], [ -89.458683617412248, 43.053452773157787, 0.0 ], [ -89.458687473087707, 43.053445061806897, 0.0 ], [ -89.458685545249963, 43.053424358506042, 0.0 ], [ -89.458687221630612, 43.053370462868649, 0.0 ], [ -89.458681186660328, 43.053306928042616, 0.0 ], [ -89.458678672089363, 43.053252529491033, 0.0 ], [ -89.458679175003553, 43.053210871432277, 0.0 ], [ -89.458687556906739, 43.053185474265668, 0.0 ], [ -89.458691161125103, 43.05318103185698, 0.0 ], [ -89.458693927153149, 43.053173488144118, 0.0 ], [ -89.458697782828608, 43.053166866440598, 0.0 ], [ -89.458696357905069, 43.053165692974169, 0.0 ], [ -89.458698034285703, 43.053158652175519, 0.0 ], [ -89.458697363733449, 43.05314096635982, 0.0 ], [ -89.458698537199879, 43.053120095420937, 0.0 ], [ -89.458698201923767, 43.05310593000457, 0.0 ], [ -89.458695184438625, 43.053097631920423, 0.0 ], [ -89.458692753686691, 43.053059494260992, 0.0 ], [ -89.458685209973851, 43.053023787353474, 0.0 ], [ -89.458679258822599, 43.05295748649938, 0.0 ], [ -89.458682108669663, 43.052896298606228, 0.0 ], [ -89.458679342641631, 43.052868554506766, 0.0 ], [ -89.458665680139447, 43.052812311936457, 0.0 ], [ -89.458665428682352, 43.052708963070351, 0.0 ], [ -89.458654699846306, 43.052655821804251, 0.0 ], [ -89.458647826685706, 43.052604021642644, 0.0 ], [ -89.458661070092717, 43.052563201774205, 0.0 ], [ -89.458660399540449, 43.052551634747822, 0.0 ], [ -89.458659142254987, 43.052541744102065, 0.0 ], [ -89.458661656825939, 43.052513329450321, 0.0 ], [ -89.458656795322099, 43.052439903978552, 0.0 ], [ -89.458655538036624, 43.052423978362498, 0.0 ], [ -89.458654532208243, 43.052283581484403, 0.0 ], [ -89.458652688189531, 43.052254412461345, 0.0 ], [ -89.458649335428277, 43.052254999194581, 0.0 ], [ -89.458639863877693, 43.052251227338147, 0.0 ], [ -89.458638858049312, 43.052197583157849, 0.0 ], [ -89.458633996545473, 43.05217956206603, 0.0 ], [ -89.458627207203904, 43.0520930608253, 0.0 ], [ -89.458634499459663, 43.052065065268685, 0.0 ], [ -89.458632320164824, 43.051997842405271, 0.0 ], [ -89.458603486417914, 43.051934139941153, 0.0 ], [ -89.4586118683211, 43.051928524066042, 0.0 ], [ -89.458612706511417, 43.051888374749872, 0.0 ], [ -89.458609102293053, 43.051855517689411, 0.0 ], [ -89.458604911341467, 43.051787959549863, 0.0 ], [ -89.458605414255658, 43.051782678950836, 0.0 ], [ -89.458560487254658, 43.051759796355149, 0.0 ], [ -89.458532491698065, 43.051733477179226, 0.0 ], [ -89.458484882488037, 43.05169483660557, 0.0 ], [ -89.45846091024498, 43.051655609298741, 0.0 ], [ -89.458419168367186, 43.051531892407901, 0.0 ], [ -89.458383880554834, 43.051469866324418, 0.0 ], [ -89.458368625491062, 43.051411109183213, 0.0 ], [ -89.458352616056004, 43.051374899361491, 0.0 ], [ -89.45833920501093, 43.051307257402904, 0.0 ], [ -89.458338031544486, 43.05130901760257, 0.0 ], [ -89.458338702096739, 43.05130952051676, 0.0 ], [ -89.458339121191884, 43.05131119689738, 0.0 ], [ -89.458338702096739, 43.051312873278015, 0.0 ], [ -89.458337193354154, 43.051312454182863, 0.0 ], [ -89.458323027937809, 43.051264090601563, 0.0 ], [ -89.458296205847645, 43.051178762827256, 0.0 ], [ -89.458284890278378, 43.051140122253628, 0.0 ], [ -89.458271898328462, 43.051113803077691, 0.0 ], [ -89.458253122865344, 43.051067115877011, 0.0 ], [ -89.458240466191569, 43.051030151684024, 0.0 ], [ -89.458166202529455, 43.050996204976144, 0.0 ], [ -89.458034858106771, 43.051026798922685, 0.0 ], [ -89.458016334100762, 43.05104004232971, 0.0 ], [ -89.457874009384895, 43.051140206072553, 0.0 ], [ -89.457710729911128, 43.051223606009096, 0.0 ], [ -89.457668568938161, 43.051235089216405, 0.0 ], [ -89.457604615016976, 43.05126534788684, 0.0 ], [ -89.457568405195275, 43.051269455019408, 0.0 ], [ -89.457533285020972, 43.051271801952268, 0.0 ], [ -89.4574772939078, 43.051278339836728, 0.0 ], [ -89.457419207318807, 43.051272304866444, 0.0 ], [ -89.457378974183584, 43.051263839144241, 0.0 ], [ -89.457279983907128, 43.051247159156873, 0.0 ], [ -89.457237152381921, 43.051251098651356, 0.0 ], [ -89.457219718023339, 43.051251182470388, 0.0 ], [ -89.457189124076748, 43.051255792517118, 0.0 ], [ -89.457145370542207, 43.051255205783896, 0.0 ], [ -89.457136485724845, 43.051255960155174, 0.0 ], [ -89.457042105495134, 43.051258390907073, 0.0 ], [ -89.456965327262083, 43.051253780860307, 0.0 ], [ -89.456944037228027, 43.051248081166143, 0.0 ], [ -89.456941690295125, 43.051245482776181, 0.0 ], [ -89.456920484080115, 43.051247829709041, 0.0 ], [ -89.456881005316163, 43.051249757546749, 0.0 ], [ -89.456714037805, 43.05122025324755, 0.0 ], [ -89.456568947061101, 43.051248919356361, 0.0 ], [ -89.456514464690471, 43.05125118247021, 0.0 ], [ -89.456476746126214, 43.051257217440494, 0.0 ], [ -89.456398878245736, 43.051249757546657, 0.0 ], [ -89.456377252935567, 43.051247745889874, 0.0 ], [ -89.456294188275137, 43.0512539484982, 0.0 ], [ -89.456241214647093, 43.051280686769303, 0.0 ], [ -89.456208022310534, 43.051282782245096, 0.0 ], [ -89.456208357586661, 43.051282614607018, 0.0 ], [ -89.456203160806695, 43.051278675112528, 0.0 ], [ -89.456194443627396, 43.05124774588981, 0.0 ], [ -89.456180864944258, 43.051083209130574, 0.0 ], [ -89.456178937106529, 43.051032079521221, 0.0 ], [ -89.456170471384326, 43.050939627129239, 0.0 ], [ -89.456202993168631, 43.050835020977651, 0.0 ], [ -89.456205004825392, 43.050815323505212, 0.0 ], [ -89.456194695084491, 43.050794620204371, 0.0 ], [ -89.456179523839751, 43.050775760922249, 0.0 ], [ -89.456179020925561, 43.050766037914556, 0.0 ], [ -89.456179607658783, 43.050769893589987, 0.0 ], [ -89.456178182735243, 43.050754135612038, 0.0 ], [ -89.456177512182975, 43.050752207774302, 0.0 ], [ -89.456172902136245, 43.050730331007045, 0.0 ], [ -89.456171561031738, 43.050692193347622, 0.0 ], [ -89.456169465555945, 43.050652966040758, 0.0 ], [ -89.456165526061454, 43.050631508368646, 0.0 ], [ -89.456154713406349, 43.05053821778634, 0.0 ], [ -89.456159574910188, 43.050479963559297, 0.0 ], [ -89.456166448070789, 43.050412070143629, 0.0 ], [ -89.456140715628052, 43.050330346587678, 0.0 ], [ -89.456126047297516, 43.050309056553623, 0.0 ], [ -89.456165274604359, 43.050222303855818, 0.0 ], [ -89.456161502747932, 43.050184920567681, 0.0 ], [ -89.456155635415712, 43.050071010503558, 0.0 ], [ -89.456166364251771, 43.050000853974034, 0.0 ], [ -89.456153959035063, 43.0499704276655, 0.0 ], [ -89.456130070611039, 43.049936480957662, 0.0 ], [ -89.45611028931954, 43.049933798748619, 0.0 ], [ -89.456091346218386, 43.04993187091091, 0.0 ], [ -89.455956816672469, 43.049915945294842, 0.0 ], [ -89.455855479463139, 43.049902366611683, 0.0 ], [ -89.455850869416381, 43.0499003549549, 0.0 ], [ -89.45584575645546, 43.049900941688136, 0.0 ], [ -89.455782556905547, 43.049914939466404, 0.0 ], [ -89.455762943252125, 43.049916112932863, 0.0 ], [ -89.455713070928255, 43.049928182873415, 0.0 ], [ -89.455659259109879, 43.049929691615972, 0.0 ], [ -89.455612152814055, 43.049931787091772, 0.0 ], [ -89.455444682388702, 43.049928769606566, 0.0 ], [ -89.45534099824647, 43.049921644988835, 0.0 ], [ -89.455324904992381, 43.049920555341444, 0.0 ], [ -89.455209653823772, 43.049909072134064, 0.0 ], [ -89.455101778729954, 43.049899935859571, 0.0 ], [ -89.455088032408739, 43.04990538409664, 0.0 ], [ -89.454984934999743, 43.049898008021813, 0.0 ], [ -89.454828780143657, 43.049815362456492, 0.0 ] ] } },
{ "type": "Feature", "properties": { "id": 8 }, "geometry": { "type": "LineString", "coordinates": [ [ -89.459929671137729, 43.053854182501027, 0.0 ], [ -89.459930676966096, 43.053841693465266, 0.0 ], [ -89.459941824897328, 43.053788133104, 0.0 ], [ -89.459946267305995, 43.053771956030886, 0.0 ], [ -89.459934532641569, 43.053761646290006, 0.0 ], [ -89.459826489909688, 43.053738176961069, 0.0 ], [ -89.459693552925387, 43.053734824199786, 0.0 ], [ -89.459665641187826, 43.053726107020466, 0.0 ], [ -89.459669329225221, 43.053722418983078, 0.0 ], [ -89.459690619259263, 43.053714037079907, 0.0 ], [ -89.459646865724721, 43.053718479488595, 0.0 ], [ -89.459626832976127, 43.053726945210769, 0.0 ], [ -89.459628844632903, 43.053718730945683, 0.0 ], [ -89.459628844632903, 43.053718730945683, 0.0 ], [ -89.459548126905361, 43.053722335164004, 0.0 ], [ -89.459472605957771, 43.053722335163997, 0.0 ], [ -89.459375040604854, 43.053720994059461, 0.0 ], [ -89.459360372274318, 43.053724095363641, 0.0 ], [ -89.459254005923071, 43.053740523893836, 0.0 ], [ -89.459193740039254, 43.053737422589649, 0.0 ], [ -89.459154093637267, 43.053741194446047, 0.0 ], [ -89.459127439185181, 43.053741362084089, 0.0 ], [ -89.459080165251294, 43.053731639076418, 0.0 ], [ -89.459005817770148, 43.053727531943828, 0.0 ], [ -89.458999447523738, 43.053724346820651, 0.0 ], [ -89.458996681495705, 43.053716132555522, 0.0 ], [ -89.458972290157476, 43.05370758301428, 0.0 ], [ -89.458934990688363, 43.053722838078045, 0.0 ], [ -89.458700465037609, 43.053707247738096, 0.0 ], [ -89.458690239115739, 43.053708169747445, 0.0 ], [ -89.458673056214252, 43.053698027644593, 0.0 ], [ -89.458671715109745, 43.053691657398197, 0.0 ], [ -89.458671715109745, 43.053661650184821, 0.0 ], [ -89.458678672089363, 43.053644299645249, 0.0 ], [ -89.458677750080028, 43.053631559152457, 0.0 ], [ -89.458687640725756, 43.053491413731429, 0.0 ], [ -89.45869199931542, 43.053460316870655, 0.0 ], [ -89.458683617412248, 43.053452773157787, 0.0 ], [ -89.458687473087707, 43.053445061806897, 0.0 ], [ -89.458685545249963, 43.053424358506042, 0.0 ], [ -89.458687221630612, 43.053370462868649, 0.0 ], [ -89.458681186660328, 43.053306928042616, 0.0 ], [ -89.458678672089363, 43.053252529491033, 0.0 ], [ -89.458679175003553, 43.053210871432277, 0.0 ], [ -89.458687556906739, 43.053185474265668, 0.0 ], [ -89.458691161125103, 43.05318103185698, 0.0 ], [ -89.458693927153149, 43.053173488144118, 0.0 ], [ -89.458697782828608, 43.053166866440598, 0.0 ], [ -89.458696357905069, 43.053165692974169, 0.0 ], [ -89.458698034285703, 43.053158652175519, 0.0 ], [ -89.458697363733449, 43.05314096635982, 0.0 ], [ -89.458698537199879, 43.053120095420937, 0.0 ], [ -89.458698201923767, 43.05310593000457, 0.0 ], [ -89.458695184438625, 43.053097631920423, 0.0 ], [ -89.458692753686691, 43.053059494260992, 0.0 ], [ -89.458685209973851, 43.053023787353474, 0.0 ], [ -89.458679258822599, 43.05295748649938, 0.0 ], [ -89.458682108669663, 43.052896298606228, 0.0 ], [ -89.458679342641631, 43.052868554506766, 0.0 ], [ -89.458665680139447, 43.052812311936457, 0.0 ], [ -89.458665428682352, 43.052708963070351, 0.0 ], [ -89.458654699846306, 43.052655821804251, 0.0 ], [ -89.458647826685706, 43.052604021642644, 0.0 ], [ -89.458661070092717, 43.052563201774205, 0.0 ], [ -89.458660399540449, 43.052551634747822, 0.0 ], [ -89.458659142254987, 43.052541744102065, 0.0 ], [ -89.458661656825939, 43.052513329450321, 0.0 ], [ -89.458656795322099, 43.052439903978552, 0.0 ], [ -89.458655538036624, 43.052423978362498, 0.0 ], [ -89.458654532208243, 43.052283581484403, 0.0 ], [ -89.458652688189531, 43.052254412461345, 0.0 ], [ -89.458649335428277, 43.052254999194581, 0.0 ], [ -89.458639863877693, 43.052251227338147, 0.0 ], [ -89.458638858049312, 43.052197583157849, 0.0 ], [ -89.458633996545473, 43.05217956206603, 0.0 ], [ -89.458627207203904, 43.0520930608253, 0.0 ], [ -89.458634499459663, 43.052065065268685, 0.0 ], [ -89.458632320164824, 43.051997842405271, 0.0 ], [ -89.458603486417914, 43.051934139941153, 0.0 ], [ -89.4586118683211, 43.051928524066042, 0.0 ], [ -89.458612706511417, 43.051888374749872, 0.0 ], [ -89.458609102293053, 43.051855517689411, 0.0 ], [ -89.458604911341467, 43.051787959549863, 0.0 ], [ -89.458605414255658, 43.051782678950836, 0.0 ], [ -89.458560487254658, 43.051759796355149, 0.0 ], [ -89.458532491698065, 43.051733477179226, 0.0 ], [ -89.458484882488037, 43.05169483660557, 0.0 ], [ -89.45846091024498, 43.051655609298741, 0.0 ], [ -89.458419168367186, 43.051531892407901, 0.0 ], [ -89.458383880554834, 43.051469866324418, 0.0 ], [ -89.458368625491062, 43.051411109183213, 0.0 ], [ -89.458352616056004, 43.051374899361491, 0.0 ], [ -89.45833920501093, 43.051307257402904, 0.0 ], [ -89.458338031544486, 43.05130901760257, 0.0 ], [ -89.458338702096739, 43.05130952051676, 0.0 ], [ -89.458339121191884, 43.05131119689738, 0.0 ], [ -89.458338702096739, 43.051312873278015, 0.0 ], [ -89.458337193354154, 43.051312454182863, 0.0 ], [ -89.458323027937809, 43.051264090601563, 0.0 ], [ -89.458296205847645, 43.051178762827256, 0.0 ], [ -89.458284890278378, 43.051140122253628, 0.0 ], [ -89.458271898328462, 43.051113803077691, 0.0 ], [ -89.458253122865344, 43.051067115877011, 0.0 ], [ -89.458240466191569, 43.051030151684024, 0.0 ], [ -89.458166202529455, 43.050996204976144, 0.0 ], [ -89.458034858106771, 43.051026798922685, 0.0 ], [ -89.458016334100762, 43.05104004232971, 0.0 ], [ -89.457874009384895, 43.051140206072553, 0.0 ], [ -89.457710729911128, 43.051223606009096, 0.0 ], [ -89.457668568938161, 43.051235089216405, 0.0 ], [ -89.457604615016976, 43.05126534788684, 0.0 ], [ -89.457568405195275, 43.051269455019408, 0.0 ], [ -89.457533285020972, 43.051271801952268, 0.0 ], [ -89.4574772939078, 43.051278339836728, 0.0 ], [ -89.457419207318807, 43.051272304866444, 0.0 ], [ -89.457378974183584, 43.051263839144241, 0.0 ], [ -89.457279983907128, 43.051247159156873, 0.0 ], [ -89.457237152381921, 43.051251098651356, 0.0 ], [ -89.457219718023339, 43.051251182470388, 0.0 ], [ -89.457189124076748, 43.051255792517118, 0.0 ], [ -89.457145370542207, 43.051255205783896, 0.0 ], [ -89.457136485724845, 43.051255960155174, 0.0 ], [ -89.457042105495134, 43.051258390907073, 0.0 ], [ -89.456965327262083, 43.051253780860307, 0.0 ], [ -89.456944037228027, 43.051248081166143, 0.0 ], [ -89.456941690295125, 43.051245482776181, 0.0 ], [ -89.456920484080115, 43.051247829709041, 0.0 ], [ -89.456881005316163, 43.051249757546749, 0.0 ], [ -89.456714037805, 43.05122025324755, 0.0 ], [ -89.456568947061101, 43.051248919356361, 0.0 ], [ -89.456514464690471, 43.05125118247021, 0.0 ], [ -89.456476746126214, 43.051257217440494, 0.0 ], [ -89.456398878245736, 43.051249757546657, 0.0 ], [ -89.456377252935567, 43.051247745889874, 0.0 ], [ -89.456294188275137, 43.0512539484982, 0.0 ], [ -89.456241214647093, 43.051280686769303, 0.0 ], [ -89.456208022310534, 43.051282782245096, 0.0 ], [ -89.456208357586661, 43.051282614607018, 0.0 ], [ -89.456203160806695, 43.051278675112528, 0.0 ], [ -89.456194443627396, 43.05124774588981, 0.0 ], [ -89.456180864944258, 43.051083209130574, 0.0 ], [ -89.456178937106529, 43.051032079521221, 0.0 ], [ -89.456170471384326, 43.050939627129239, 0.0 ], [ -89.456202993168631, 43.050835020977651, 0.0 ], [ -89.456205004825392, 43.050815323505212, 0.0 ], [ -89.456194695084491, 43.050794620204371, 0.0 ], [ -89.456179523839751, 43.050775760922249, 0.0 ], [ -89.456179020925561, 43.050766037914556, 0.0 ], [ -89.456179607658783, 43.050769893589987, 0.0 ], [ -89.456178182735243, 43.050754135612038, 0.0 ], [ -89.456177512182975, 43.050752207774302, 0.0 ], [ -89.456172902136245, 43.050730331007045, 0.0 ], [ -89.456171561031738, 43.050692193347622, 0.0 ], [ -89.456169465555945, 43.050652966040758, 0.0 ], [ -89.456165526061454, 43.050631508368646, 0.0 ], [ -89.456154713406349, 43.05053821778634, 0.0 ], [ -89.456159574910188, 43.050479963559297, 0.0 ], [ -89.456166448070789, 43.050412070143629, 0.0 ], [ -89.456140715628052, 43.050330346587678, 0.0 ], [ -89.456126047297516, 43.050309056553623, 0.0 ], [ -89.456165274604359, 43.050222303855818, 0.0 ], [ -89.456161502747932, 43.050184920567681, 0.0 ], [ -89.456155635415712, 43.050071010503558, 0.0 ], [ -89.456166364251771, 43.050000853974034, 0.0 ], [ -89.456153959035063, 43.0499704276655, 0.0 ], [ -89.456130070611039, 43.049936480957662, 0.0 ], [ -89.45611028931954, 43.049933798748619, 0.0 ], [ -89.456091346218386, 43.04993187091091, 0.0 ], [ -89.455956816672469, 43.049915945294842, 0.0 ], [ -89.455855479463139, 43.049902366611683, 0.0 ], [ -89.455850869416381, 43.0499003549549, 0.0 ], [ -89.45584575645546, 43.049900941688136, 0.0 ], [ -89.455782556905547, 43.049914939466404, 0.0 ], [ -89.455762943252125, 43.049916112932863, 0.0 ], [ -89.455713070928255, 43.049928182873415, 0.0 ], [ -89.455659259109879, 43.049929691615972, 0.0 ], [ -89.455612152814055, 43.049931787091772, 0.0 ], [ -89.455444682388702, 43.049928769606566, 0.0 ], [ -89.45534099824647, 43.049921644988835, 0.0 ], [ -89.455324904992381, 43.049920555341444, 0.0 ], [ -89.455209653823772, 43.049909072134064, 0.0 ], [ -89.455101778729954, 43.049899935859571, 0.0 ], [ -89.455088032408739, 43.04990538409664, 0.0 ], [ -89.454984934999743, 43.049898008021813, 0.0 ], [ -89.454828780143657, 43.049815362456492, 0.0 ], [ -89.454777901991406, 43.049692399936951, 0.0 ], [ -89.454770861192742, 43.049668679150997, 0.0 ], [ -89.4547712802879, 43.04965644157236, 0.0 ], [ -89.454778488724628, 43.049608245629116, 0.0 ], [ -89.454790810122276, 43.049554349991723, 0.0 ], [ -89.45477957837204, 43.0494882167757, 0.0 ], [ -89.454773878677869, 43.049417724970034, 0.0 ], [ -89.454772453754344, 43.049402302268199, 0.0 ], [ -89.45478075183847, 43.049351005020796, 0.0 ], [ -89.454781925304928, 43.049263917046837, 0.0 ], [ -89.454828780143657, 43.049165094408458, 0.0 ], [ -89.454884435980716, 43.049105499076923, 0.0 ], [ -89.454910252242485, 43.049072055283261, 0.0 ], [ -89.454935817047158, 43.049048921230522, 0.0 ], [ -89.454956017433801, 43.049025032806476, 0.0 ], [ -89.455005470662499, 43.048975914853919, 0.0 ], [ -89.455109490080858, 43.048904165762785, 0.0 ], [ -89.455148885025778, 43.048889078337083, 0.0 ], [ -89.45515676401476, 43.048885893213885, 0.0 ], [ -89.455152573063174, 43.048863764989498, 0.0 ], [ -89.455128852277198, 43.048788663137088, 0.0 ], [ -89.455122314392725, 43.048754464972149, 0.0 ], [ -89.455128349363008, 43.048707861590508, 0.0 ], [ -89.455128097905913, 43.048590431127089, 0.0 ], [ -89.45510596968154, 43.048559250447276, 0.0 ], [ -89.455091636627117, 43.048547683420914, 0.0 ], [ -89.455088870599056, 43.048545420307065, 0.0 ], [ -89.455089122056151, 43.048545420307029, 0.0 ], [ -89.455086942761341, 43.048540977898362, 0.0 ], [ -89.455059869214097, 43.048483394223574, 0.0 ], [ -89.45504754781642, 43.048462355646606, 0.0 ], [ -89.455019887535968, 43.048408543828245, 0.0 ], [ -89.454965488984371, 43.048356995123726, 0.0 ], [ -89.454839928074875, 43.048276193577102, 0.0 ], [ -89.454817213117281, 43.048259513589784, 0.0 ], [ -89.454758204518953, 43.048220956835181, 0.0 ], [ -89.45467891171495, 43.048162702608131, 0.0 ], [ -89.454604983328963, 43.048108890789742, 0.0 ], [ -89.454557457937995, 43.048065891626479, 0.0 ], [ -89.454555697738328, 43.048061197760696, 0.0 ], [ -89.454482020809436, 43.047997411477525, 0.0 ], [ -89.45441454648892, 43.047859361532282, 0.0 ], [ -89.454394178464213, 43.047788031536292, 0.0 ], [ -89.454390658064881, 43.047782248023104, 0.0 ], [ -89.454364674165049, 43.047698261353318, 0.0 ], [ -89.454368781297603, 43.047586865860175, 0.0 ], [ -89.454379593952694, 43.047546884182033, 0.0 ], [ -89.454374313353696, 43.04752668379539, 0.0 ], [ -89.45435495115737, 43.047465328264174, 0.0 ], [ -89.454355705528656, 43.04735116674297, 0.0 ], [ -89.454338271170059, 43.047324344652836, 0.0 ], [ -89.454303653909946, 43.047280926394365, 0.0 ], [ -89.45430608466188, 43.047256451237146, 0.0 ], [ -89.454300636424819, 43.047133488717606, 0.0 ], [ -89.454306168480898, 43.047127118471188, 0.0 ], [ -89.454309688880244, 43.047121418777039, 0.0 ], [ -89.45430382154801, 43.047088226440493, 0.0 ], [ -89.454309185966054, 43.047062410178697, 0.0 ], [ -89.45430608466188, 43.047006251427469, 0.0 ], [ -89.45430658757607, 43.046994013848845, 0.0 ], [ -89.454313460736671, 43.046961743521607, 0.0 ], [ -89.454319914802099, 43.046912960845162, 0.0 ], [ -89.45433315820911, 43.046863591435482, 0.0 ], [ -89.4543336611233, 43.046862082692932, 0.0 ], [ -89.45432905107657, 43.046854874256177, 0.0 ], [ -89.454332739113966, 43.046813132378389, 0.0 ], [ -89.454375319182077, 43.046694193172385, 0.0 ], [ -89.454370373859206, 43.046589335563738, 0.0 ], [ -89.454372804611126, 43.046463355559048, 0.0 ], [ -89.454371128230491, 43.046396048876588, 0.0 ], [ -89.454364506526986, 43.046336202087936, 0.0 ], [ -89.454371882601777, 43.046335531535703, 0.0 ], [ -89.45434858091096, 43.046315163510968, 0.0 ], [ -89.454313460736671, 43.046260429683244, 0.0 ], [ -89.454303486271883, 43.046255651998443, 0.0 ], [ -89.454294182359376, 43.046251293408808, 0.0 ], [ -89.454250764100948, 43.046201756361043, 0.0 ], [ -89.45424422621646, 43.046194045010132, 0.0 ], [ -89.454178512095609, 43.0461213739096, 0.0 ], [ -89.454152612014795, 43.046091953429467, 0.0 ], [ -89.454107349737669, 43.04603847688724, 0.0 ], [ -89.454060830175081, 43.04594946107553, 0.0 ], [ -89.454045826568404, 43.045917861300559, 0.0 ], [ -89.454049849881926, 43.045908976483211, 0.0 ], [ -89.454032247885266, 43.045887351173015, 0.0 ], [ -89.454022357239509, 43.045860445263841, 0.0 ], [ -89.454021938144365, 43.045849213513591, 0.0 ], [ -89.454017244278589, 43.045811159673171, 0.0 ], [ -89.454018166287923, 43.045812249320605, 0.0 ], [ -89.454010287298956, 43.045807387816765, 0.0 ], [ -89.454019926487604, 43.045700350913258, 0.0 ], [ -89.454057477413812, 43.045659195768721, 0.0 ], [ -89.45406175218443, 43.045660453054168, 0.0 ], [ -89.454066110774079, 43.045623656499266, 0.0 ], [ -89.454104667528668, 43.045521900194764, 0.0 ], [ -89.454100141300955, 43.045505555483579, 0.0 ], [ -89.454094776882926, 43.045471189680576, 0.0 ], [ -89.454098297282258, 43.045399775865555, 0.0 ], [ -89.454111792146364, 43.045372199404127, 0.0 ], [ -89.454135429113293, 43.04537513307023, 0.0 ], [ -89.454139368607784, 43.045373540508649, 0.0 ], [ -89.454138865693594, 43.0453705230235, 0.0 ], [ -89.454138865693594, 43.0453705230235, 0.0 ], [ -89.454133585094596, 43.045354345950372, 0.0 ], [ -89.454117743297616, 43.045305060359716, 0.0 ], [ -89.454150432719985, 43.045210093396797, 0.0 ], [ -89.454155545680905, 43.045182936030528, 0.0 ], [ -89.454149594529667, 43.045172039556391, 0.0 ], [ -89.454125370829487, 43.045126609641223, 0.0 ], [ -89.454119252040172, 43.045122586327686, 0.0 ], [ -89.454110534860874, 43.045118479195111, 0.0 ], [ -89.454098129644194, 43.045113282415151, 0.0 ], [ -89.454093603416467, 43.045111857491612, 0.0 ], [ -89.454066362231174, 43.04510439759779, 0.0 ], [ -89.454036522655883, 43.045105068150022, 0.0 ], [ -89.453972904010797, 43.045140775057504, 0.0 ], [ -89.453944321720982, 43.045154605197752, 0.0 ], [ -89.453884810208478, 43.045160472529943, 0.0 ], [ -89.453796129672924, 43.04521612836696, 0.0 ], [ -89.453740222378755, 43.045229790869129, 0.0 ], [ -89.453686326741376, 43.045249655979639, 0.0 ], [ -89.453619522973085, 43.0453027134267, 0.0 ], [ -89.453595299272934, 43.045306233826047, 0.0 ], [ -89.453523214905658, 43.045337246867739, 0.0 ], [ -89.453485747798481, 43.045351747560211, 0.0 ], [ -89.453465715049887, 43.045354429769219, 0.0 ], [ -89.453443251549388, 43.045363901319824, 0.0 ], [ -89.453414166345397, 43.0453861133632, 0.0 ], [ -89.453375022857585, 43.045395920189918, 0.0 ], [ -89.453358594327369, 43.045405391740488, 0.0 ], [ -89.453223394229212, 43.045460460844275, 0.0 ], [ -89.453082662074962, 43.045512093367783, 0.0 ], [ -89.452997082843581, 43.045551823588809, 0.0 ], [ -89.452960034831563, 43.045569006490318, 0.0 ], [ -89.45290178060452, 43.045587195220158, 0.0 ], [ -89.452825253828564, 43.045633211868548, 0.0 ], [ -89.452704219146753, 43.045685263487222, 0.0 ], [ -89.452636074273983, 43.045724239336941, 0.0 ], [ -89.452601205556775, 43.045734884353976, 0.0 ], [ -89.452461646868983, 43.045799257370284, 0.0 ] ] } },
{ "type": "Feature", "properties": { "id": 9 }, "geometry": { "type": "LineString", "coordinates": [ [ -89.459929671137729, 43.053854182501027, 0.0 ], [ -89.459930676966096, 43.053841693465266, 0.0 ], [ -89.459941824897328, 43.053788133104, 0.0 ], [ -89.459946267305995, 43.053771956030886, 0.0 ], [ -89.459934532641569, 43.053761646290006, 0.0 ], [ -89.459826489909688, 43.053738176961069, 0.0 ], [ -89.459693552925387, 43.053734824199786, 0.0 ], [ -89.459665641187826, 43.053726107020466, 0.0 ], [ -89.459669329225221, 43.053722418983078, 0.0 ], [ -89.459690619259263, 43.053714037079907, 0.0 ], [ -89.459646865724721, 43.053718479488595, 0.0 ], [ -89.459626832976127, 43.053726945210769, 0.0 ], [ -89.459628844632903, 43.053718730945683, 0.0 ], [ -89.459628844632903, 43.053718730945683, 0.0 ], [ -89.459548126905361, 43.053722335164004, 0.0 ], [ -89.459472605957771, 43.053722335163997, 0.0 ], [ -89.459375040604854, 43.053720994059461, 0.0 ], [ -89.459360372274318, 43.053724095363641, 0.0 ], [ -89.459254005923071, 43.053740523893836, 0.0 ], [ -89.459193740039254, 43.053737422589649, 0.0 ], [ -89.459154093637267, 43.053741194446047, 0.0 ], [ -89.459127439185181, 43.053741362084089, 0.0 ], [ -89.459080165251294, 43.053731639076418, 0.0 ], [ -89.459005817770148, 43.053727531943828, 0.0 ], [ -89.458999447523738, 43.053724346820651, 0.0 ], [ -89.458996681495705, 43.053716132555522, 0.0 ], [ -89.458972290157476, 43.05370758301428, 0.0 ], [ -89.458934990688363, 43.053722838078045, 0.0 ], [ -89.458700465037609, 43.053707247738096, 0.0 ], [ -89.458690239115739, 43.053708169747445, 0.0 ], [ -89.458673056214252, 43.053698027644593, 0.0 ], [ -89.458671715109745, 43.053691657398197, 0.0 ], [ -89.458671715109745, 43.053661650184821, 0.0 ], [ -89.458678672089363, 43.053644299645249, 0.0 ], [ -89.458677750080028, 43.053631559152457, 0.0 ], [ -89.458687640725756, 43.053491413731429, 0.0 ], [ -89.45869199931542, 43.053460316870655, 0.0 ], [ -89.458683617412248, 43.053452773157787, 0.0 ], [ -89.458687473087707, 43.053445061806897, 0.0 ], [ -89.458685545249963, 43.053424358506042, 0.0 ], [ -89.458687221630612, 43.053370462868649, 0.0 ], [ -89.458681186660328, 43.053306928042616, 0.0 ], [ -89.458678672089363, 43.053252529491033, 0.0 ], [ -89.458679175003553, 43.053210871432277, 0.0 ], [ -89.458687556906739, 43.053185474265668, 0.0 ], [ -89.458691161125103, 43.05318103185698, 0.0 ], [ -89.458693927153149, 43.053173488144118, 0.0 ], [ -89.458697782828608, 43.053166866440598, 0.0 ], [ -89.458696357905069, 43.053165692974169, 0.0 ], [ -89.458698034285703, 43.053158652175519, 0.0 ], [ -89.458697363733449, 43.05314096635982, 0.0 ], [ -89.458698537199879, 43.053120095420937, 0.0 ], [ -89.458698201923767, 43.05310593000457, 0.0 ], [ -89.458695184438625, 43.053097631920423, 0.0 ], [ -89.458692753686691, 43.053059494260992, 0.0 ], [ -89.458685209973851, 43.053023787353474, 0.0 ], [ -89.458679258822599, 43.05295748649938, 0.0 ], [ -89.458682108669663, 43.052896298606228, 0.0 ], [ -89.458679342641631, 43.052868554506766, 0.0 ], [ -89.458665680139447, 43.052812311936457, 0.0 ], [ -89.458665428682352, 43.052708963070351, 0.0 ], [ -89.458654699846306, 43.052655821804251, 0.0 ], [ -89.458647826685706, 43.052604021642644, 0.0 ], [ -89.458661070092717, 43.052563201774205, 0.0 ], [ -89.458660399540449, 43.052551634747822, 0.0 ], [ -89.458659142254987, 43.052541744102065, 0.0 ], [ -89.458661656825939, 43.052513329450321, 0.0 ], [ -89.458656795322099, 43.052439903978552, 0.0 ], [ -89.458655538036624, 43.052423978362498, 0.0 ], [ -89.458654532208243, 43.052283581484403, 0.0 ], [ -89.458652688189531, 43.052254412461345, 0.0 ], [ -89.458649335428277, 43.052254999194581, 0.0 ], [ -89.458639863877693, 43.052251227338147, 0.0 ], [ -89.458638858049312, 43.052197583157849, 0.0 ], [ -89.458633996545473, 43.05217956206603, 0.0 ], [ -89.458627207203904, 43.0520930608253, 0.0 ], [ -89.458634499459663, 43.052065065268685, 0.0 ], [ -89.458632320164824, 43.051997842405271, 0.0 ], [ -89.458603486417914, 43.051934139941153, 0.0 ], [ -89.4586118683211, 43.051928524066042, 0.0 ], [ -89.458612706511417, 43.051888374749872, 0.0 ], [ -89.458609102293053, 43.051855517689411, 0.0 ], [ -89.458604911341467, 43.051787959549863, 0.0 ], [ -89.458605414255658, 43.051782678950836, 0.0 ], [ -89.458560487254658, 43.051759796355149, 0.0 ], [ -89.458532491698065, 43.051733477179226, 0.0 ], [ -89.458484882488037, 43.05169483660557, 0.0 ], [ -89.45846091024498, 43.051655609298741, 0.0 ], [ -89.458419168367186, 43.051531892407901, 0.0 ], [ -89.458383880554834, 43.051469866324418, 0.0 ], [ -89.458368625491062, 43.051411109183213, 0.0 ], [ -89.458352616056004, 43.051374899361491, 0.0 ], [ -89.45833920501093, 43.051307257402904, 0.0 ], [ -89.458338031544486, 43.05130901760257, 0.0 ], [ -89.458338702096739, 43.05130952051676, 0.0 ], [ -89.458339121191884, 43.05131119689738, 0.0 ], [ -89.458338702096739, 43.051312873278015, 0.0 ], [ -89.458337193354154, 43.051312454182863, 0.0 ], [ -89.458323027937809, 43.051264090601563, 0.0 ], [ -89.458296205847645, 43.051178762827256, 0.0 ], [ -89.458284890278378, 43.051140122253628, 0.0 ], [ -89.458271898328462, 43.051113803077691, 0.0 ], [ -89.458253122865344, 43.051067115877011, 0.0 ], [ -89.458240466191569, 43.051030151684024, 0.0 ], [ -89.458166202529455, 43.050996204976144, 0.0 ], [ -89.458034858106771, 43.051026798922685, 0.0 ], [ -89.458016334100762, 43.05104004232971, 0.0 ], [ -89.457874009384895, 43.051140206072553, 0.0 ], [ -89.457710729911128, 43.051223606009096, 0.0 ], [ -89.457668568938161, 43.051235089216405, 0.0 ], [ -89.457604615016976, 43.05126534788684, 0.0 ], [ -89.457568405195275, 43.051269455019408, 0.0 ], [ -89.457533285020972, 43.051271801952268, 0.0 ], [ -89.4574772939078, 43.051278339836728, 0.0 ], [ -89.457419207318807, 43.051272304866444, 0.0 ], [ -89.457378974183584, 43.051263839144241, 0.0 ], [ -89.457279983907128, 43.051247159156873, 0.0 ], [ -89.457237152381921, 43.051251098651356, 0.0 ], [ -89.457219718023339, 43.051251182470388, 0.0 ], [ -89.457189124076748, 43.051255792517118, 0.0 ], [ -89.457145370542207, 43.051255205783896, 0.0 ], [ -89.457136485724845, 43.051255960155174, 0.0 ], [ -89.457042105495134, 43.051258390907073, 0.0 ], [ -89.456965327262083, 43.051253780860307, 0.0 ], [ -89.456944037228027, 43.051248081166143, 0.0 ], [ -89.456941690295125, 43.051245482776181, 0.0 ], [ -89.456920484080115, 43.051247829709041, 0.0 ], [ -89.456881005316163, 43.051249757546749, 0.0 ], [ -89.456714037805, 43.05122025324755, 0.0 ], [ -89.456568947061101, 43.051248919356361, 0.0 ], [ -89.456514464690471, 43.05125118247021, 0.0 ], [ -89.456476746126214, 43.051257217440494, 0.0 ], [ -89.456398878245736, 43.051249757546657, 0.0 ], [ -89.456377252935567, 43.051247745889874, 0.0 ], [ -89.456294188275137, 43.0512539484982, 0.0 ], [ -89.456241214647093, 43.051280686769303, 0.0 ], [ -89.456208022310534, 43.051282782245096, 0.0 ], [ -89.456208357586661, 43.051282614607018, 0.0 ], [ -89.456203160806695, 43.051278675112528, 0.0 ], [ -89.456194443627396, 43.05124774588981, 0.0 ], [ -89.456180864944258, 43.051083209130574, 0.0 ], [ -89.456178937106529, 43.051032079521221, 0.0 ], [ -89.456170471384326, 43.050939627129239, 0.0 ], [ -89.456202993168631, 43.050835020977651, 0.0 ], [ -89.456205004825392, 43.050815323505212, 0.0 ], [ -89.456194695084491, 43.050794620204371, 0.0 ], [ -89.456179523839751, 43.050775760922249, 0.0 ], [ -89.456179020925561, 43.050766037914556, 0.0 ], [ -89.456179607658783, 43.050769893589987, 0.0 ], [ -89.456178182735243, 43.050754135612038, 0.0 ], [ -89.456177512182975, 43.050752207774302, 0.0 ], [ -89.456172902136245, 43.050730331007045, 0.0 ], [ -89.456171561031738, 43.050692193347622, 0.0 ], [ -89.456169465555945, 43.050652966040758, 0.0 ], [ -89.456165526061454, 43.050631508368646, 0.0 ], [ -89.456154713406349, 43.05053821778634, 0.0 ], [ -89.456159574910188, 43.050479963559297, 0.0 ], [ -89.456166448070789, 43.050412070143629, 0.0 ], [ -89.456140715628052, 43.050330346587678, 0.0 ], [ -89.456126047297516, 43.050309056553623, 0.0 ], [ -89.456165274604359, 43.050222303855818, 0.0 ], [ -89.456161502747932, 43.050184920567681, 0.0 ], [ -89.456155635415712, 43.050071010503558, 0.0 ], [ -89.456166364251771, 43.050000853974034, 0.0 ], [ -89.456153959035063, 43.0499704276655, 0.0 ], [ -89.456130070611039, 43.049936480957662, 0.0 ], [ -89.45611028931954, 43.049933798748619, 0.0 ], [ -89.456091346218386, 43.04993187091091, 0.0 ], [ -89.455956816672469, 43.049915945294842, 0.0 ], [ -89.455855479463139, 43.049902366611683, 0.0 ], [ -89.455850869416381, 43.0499003549549, 0.0 ], [ -89.45584575645546, 43.049900941688136, 0.0 ], [ -89.455782556905547, 43.049914939466404, 0.0 ], [ -89.455762943252125, 43.049916112932863, 0.0 ], [ -89.455713070928255, 43.049928182873415, 0.0 ], [ -89.455659259109879, 43.049929691615972, 0.0 ], [ -89.455612152814055, 43.049931787091772, 0.0 ], [ -89.455444682388702, 43.049928769606566, 0.0 ], [ -89.45534099824647, 43.049921644988835, 0.0 ], [ -89.455324904992381, 43.049920555341444, 0.0 ], [ -89.455209653823772, 43.049909072134064, 0.0 ], [ -89.455101778729954, 43.049899935859571, 0.0 ], [ -89.455088032408739, 43.04990538409664, 0.0 ], [ -89.454984934999743, 43.049898008021813, 0.0 ], [ -89.454828780143657, 43.049815362456492, 0.0 ], [ -89.454777901991406, 43.049692399936951, 0.0 ], [ -89.454770861192742, 43.049668679150997, 0.0 ], [ -89.4547712802879, 43.04965644157236, 0.0 ], [ -89.454778488724628, 43.049608245629116, 0.0 ], [ -89.454790810122276, 43.049554349991723, 0.0 ], [ -89.45477957837204, 43.0494882167757, 0.0 ], [ -89.454773878677869, 43.049417724970034, 0.0 ], [ -89.454772453754344, 43.049402302268199, 0.0 ], [ -89.45478075183847, 43.049351005020796, 0.0 ], [ -89.454781925304928, 43.049263917046837, 0.0 ], [ -89.454828780143657, 43.049165094408458, 0.0 ], [ -89.454884435980716, 43.049105499076923, 0.0 ], [ -89.454910252242485, 43.049072055283261, 0.0 ], [ -89.454935817047158, 43.049048921230522, 0.0 ], [ -89.454956017433801, 43.049025032806476, 0.0 ], [ -89.455005470662499, 43.048975914853919, 0.0 ], [ -89.455109490080858, 43.048904165762785, 0.0 ], [ -89.455148885025778, 43.048889078337083, 0.0 ], [ -89.45515676401476, 43.048885893213885, 0.0 ], [ -89.455152573063174, 43.048863764989498, 0.0 ], [ -89.455128852277198, 43.048788663137088, 0.0 ], [ -89.455122314392725, 43.048754464972149, 0.0 ], [ -89.455128349363008, 43.048707861590508, 0.0 ], [ -89.455128097905913, 43.048590431127089, 0.0 ], [ -89.45510596968154, 43.048559250447276, 0.0 ], [ -89.455091636627117, 43.048547683420914, 0.0 ], [ -89.455088870599056, 43.048545420307065, 0.0 ], [ -89.455089122056151, 43.048545420307029, 0.0 ], [ -89.455086942761341, 43.048540977898362, 0.0 ], [ -89.455059869214097, 43.048483394223574, 0.0 ], [ -89.45504754781642, 43.048462355646606, 0.0 ], [ -89.455019887535968, 43.048408543828245, 0.0 ], [ -89.454965488984371, 43.048356995123726, 0.0 ], [ -89.454839928074875, 43.048276193577102, 0.0 ], [ -89.454817213117281, 43.048259513589784, 0.0 ], [ -89.454758204518953, 43.048220956835181, 0.0 ], [ -89.45467891171495, 43.048162702608131, 0.0 ], [ -89.454604983328963, 43.048108890789742, 0.0 ], [ -89.454557457937995, 43.048065891626479, 0.0 ], [ -89.454555697738328, 43.048061197760696, 0.0 ], [ -89.454482020809436, 43.047997411477525, 0.0 ], [ -89.45441454648892, 43.047859361532282, 0.0 ], [ -89.454394178464213, 43.047788031536292, 0.0 ], [ -89.454390658064881, 43.047782248023104, 0.0 ], [ -89.454364674165049, 43.047698261353318, 0.0 ], [ -89.454368781297603, 43.047586865860175, 0.0 ], [ -89.454379593952694, 43.047546884182033, 0.0 ], [ -89.454374313353696, 43.04752668379539, 0.0 ], [ -89.45435495115737, 43.047465328264174, 0.0 ], [ -89.454355705528656, 43.04735116674297, 0.0 ], [ -89.454338271170059, 43.047324344652836, 0.0 ], [ -89.454303653909946, 43.047280926394365, 0.0 ], [ -89.45430608466188, 43.047256451237146, 0.0 ], [ -89.454300636424819, 43.047133488717606, 0.0 ], [ -89.454306168480898, 43.047127118471188, 0.0 ], [ -89.454309688880244, 43.047121418777039, 0.0 ], [ -89.45430382154801, 43.047088226440493, 0.0 ], [ -89.454309185966054, 43.047062410178697, 0.0 ], [ -89.45430608466188, 43.047006251427469, 0.0 ], [ -89.45430658757607, 43.046994013848845, 0.0 ], [ -89.454313460736671, 43.046961743521607, 0.0 ], [ -89.454319914802099, 43.046912960845162, 0.0 ], [ -89.45433315820911, 43.046863591435482, 0.0 ], [ -89.4543336611233, 43.046862082692932, 0.0 ], [ -89.45432905107657, 43.046854874256177, 0.0 ], [ -89.454332739113966, 43.046813132378389, 0.0 ], [ -89.454375319182077, 43.046694193172385, 0.0 ], [ -89.454370373859206, 43.046589335563738, 0.0 ], [ -89.454372804611126, 43.046463355559048, 0.0 ], [ -89.454371128230491, 43.046396048876588, 0.0 ], [ -89.454364506526986, 43.046336202087936, 0.0 ], [ -89.454371882601777, 43.046335531535703, 0.0 ], [ -89.45434858091096, 43.046315163510968, 0.0 ], [ -89.454313460736671, 43.046260429683244, 0.0 ], [ -89.454303486271883, 43.046255651998443, 0.0 ], [ -89.454294182359376, 43.046251293408808, 0.0 ], [ -89.454250764100948, 43.046201756361043, 0.0 ], [ -89.45424422621646, 43.046194045010132, 0.0 ], [ -89.454178512095609, 43.0461213739096, 0.0 ], [ -89.454152612014795, 43.046091953429467, 0.0 ], [ -89.454107349737669, 43.04603847688724, 0.0 ], [ -89.454060830175081, 43.04594946107553, 0.0 ], [ -89.454045826568404, 43.045917861300559, 0.0 ], [ -89.454049849881926, 43.045908976483211, 0.0 ], [ -89.454032247885266, 43.045887351173015, 0.0 ], [ -89.454022357239509, 43.045860445263841, 0.0 ], [ -89.454021938144365, 43.045849213513591, 0.0 ], [ -89.454017244278589, 43.045811159673171, 0.0 ], [ -89.454018166287923, 43.045812249320605, 0.0 ], [ -89.454010287298956, 43.045807387816765, 0.0 ], [ -89.454019926487604, 43.045700350913258, 0.0 ], [ -89.454057477413812, 43.045659195768721, 0.0 ], [ -89.45406175218443, 43.045660453054168, 0.0 ], [ -89.454066110774079, 43.045623656499266, 0.0 ], [ -89.454104667528668, 43.045521900194764, 0.0 ], [ -89.454100141300955, 43.045505555483579, 0.0 ], [ -89.454094776882926, 43.045471189680576, 0.0 ], [ -89.454098297282258, 43.045399775865555, 0.0 ], [ -89.454111792146364, 43.045372199404127, 0.0 ], [ -89.454135429113293, 43.04537513307023, 0.0 ], [ -89.454139368607784, 43.045373540508649, 0.0 ], [ -89.454138865693594, 43.0453705230235, 0.0 ], [ -89.454138865693594, 43.0453705230235, 0.0 ], [ -89.454133585094596, 43.045354345950372, 0.0 ], [ -89.454117743297616, 43.045305060359716, 0.0 ], [ -89.454150432719985, 43.045210093396797, 0.0 ], [ -89.454155545680905, 43.045182936030528, 0.0 ], [ -89.454149594529667, 43.045172039556391, 0.0 ], [ -89.454125370829487, 43.045126609641223, 0.0 ], [ -89.454119252040172, 43.045122586327686, 0.0 ], [ -89.454110534860874, 43.045118479195111, 0.0 ], [ -89.454098129644194, 43.045113282415151, 0.0 ], [ -89.454093603416467, 43.045111857491612, 0.0 ], [ -89.454066362231174, 43.04510439759779, 0.0 ], [ -89.454036522655883, 43.045105068150022, 0.0 ], [ -89.453972904010797, 43.045140775057504, 0.0 ], [ -89.453944321720982, 43.045154605197752, 0.0 ], [ -89.453884810208478, 43.045160472529943, 0.0 ], [ -89.453796129672924, 43.04521612836696, 0.0 ], [ -89.453740222378755, 43.045229790869129, 0.0 ], [ -89.453686326741376, 43.045249655979639, 0.0 ], [ -89.453619522973085, 43.0453027134267, 0.0 ], [ -89.453595299272934, 43.045306233826047, 0.0 ], [ -89.453523214905658, 43.045337246867739, 0.0 ], [ -89.453485747798481, 43.045351747560211, 0.0 ], [ -89.453465715049887, 43.045354429769219, 0.0 ], [ -89.453443251549388, 43.045363901319824, 0.0 ], [ -89.453414166345397, 43.0453861133632, 0.0 ], [ -89.453375022857585, 43.045395920189918, 0.0 ], [ -89.453358594327369, 43.045405391740488, 0.0 ], [ -89.453223394229212, 43.045460460844275, 0.0 ], [ -89.453082662074962, 43.045512093367783, 0.0 ], [ -89.452997082843581, 43.045551823588809, 0.0 ], [ -89.452960034831563, 43.045569006490318, 0.0 ], [ -89.45290178060452, 43.045587195220158, 0.0 ], [ -89.452825253828564, 43.045633211868548, 0.0 ], [ -89.452704219146753, 43.045685263487222, 0.0 ], [ -89.452636074273983, 43.045724239336941, 0.0 ], [ -89.452601205556775, 43.045734884353976, 0.0 ], [ -89.452461646868983, 43.045799257370284, 0.0 ], [ -89.452396268024245, 43.045805543797641, 0.0 ], [ -89.45230926386931, 43.045830354231029, 0.0 ], [ -89.452185463159481, 43.045873353394242, 0.0 ], [ -89.452182697131434, 43.045890368657687, 0.0 ], [ -89.452137015759149, 43.045911826329785, 0.0 ], [ -89.452123101799884, 43.045917190747829, 0.0 ], [ -89.452011035754481, 43.045954909312059, 0.0 ], [ -89.451932245864668, 43.046007128568817, 0.0 ], [ -89.45181213319222, 43.046047696980139, 0.0 ], [ -89.451781539245644, 43.046065969529046, 0.0 ], [ -89.451718339695731, 43.046104191007473, 0.0 ], [ -89.451680956407586, 43.046161271768071, 0.0 ], [ -89.451709622516432, 43.046196811037539, 0.0 ], [ -89.451724039389873, 43.046207623692617, 0.0 ], [ -89.451724039389873, 43.046207623692617, 0.0 ], [ -89.451724039389873, 43.046207623692617, 0.0 ], [ -89.451724039389873, 43.046207623692617, 0.0 ], [ -89.451762596144476, 43.046233859049551, 0.0 ], [ -89.451773827894726, 43.046242408590807, 0.0 ], [ -89.45188706740656, 43.046350535141734, 0.0 ], [ -89.451928390189195, 43.046392612295662, 0.0 ], [ -89.451957643031278, 43.046419350566794, 0.0 ], [ -89.451994020491014, 43.046435108544777, 0.0 ], [ -89.452016232534433, 43.046431504326407, 0.0 ], [ -89.452060740440274, 43.046429073574494, 0.0 ], [ -89.452154450117732, 43.046447597580531, 0.0 ], [ -89.452211698516408, 43.046471988918782, 0.0 ], [ -89.452253775670329, 43.046499397742153, 0.0 ], [ -89.452318148686686, 43.046529404955535, 0.0 ], [ -89.452323010190511, 43.046530746060029, 0.0 ], [ -89.452342707662979, 43.046518759938529, 0.0 ], [ -89.452399201690355, 43.046500990303791, 0.0 ], [ -89.452467933296361, 43.046484142678445, 0.0 ], [ -89.452451588585177, 43.046467546510172, 0.0 ], [ -89.45247665047566, 43.04646369083472, 0.0 ], [ -89.452619478105689, 43.046434605630729, 0.0 ], [ -89.45262324996213, 43.046433599802356, 0.0 ], [ -89.452669015153432, 43.046413231777684, 0.0 ], [ -89.452837994321385, 43.046370484071531, 0.0 ], [ -89.452906977384472, 43.046338046106264, 0.0 ], [ -89.45298191159884, 43.046313319491922, 0.0 ], [ -89.453001022338071, 43.04630602723617, 0.0 ], [ -89.453047290443578, 43.046277864041549, 0.0 ], [ -89.453127672894993, 43.046252215417837, 0.0 ], [ -89.453186010941067, 43.046237966182481, 0.0 ], [ -89.453355995937386, 43.046225812422918, 0.0 ], [ -89.453438892959753, 43.046225980061003, 0.0 ], [ -89.45346730761149, 43.04624048075349, 0.0 ], [ -89.453603681176105, 43.04633469334518, 0.0 ], [ -89.453617511316338, 43.046340644496425, 0.0 ], [ -89.453614242374087, 43.046333436059712, 0.0 ], [ -89.453656990080276, 43.046301584827667, 0.0 ], [ -89.453756315632859, 43.046279372784277, 0.0 ], [ -89.453804427757063, 43.046257579836059, 0.0 ], [ -89.453818006440187, 43.046244587886143, 0.0 ], [ -89.453891096635843, 43.046212904292169, 0.0 ], [ -89.453953374176422, 43.046197733047464, 0.0 ], [ -89.453959828241864, 43.046197397771323, 0.0 ], [ -89.453982207923332, 43.046192200991356, 0.0 ], [ -89.454136099665561, 43.046198152142637, 0.0 ], [ -89.454183625056544, 43.046209886807091, 0.0 ], [ -89.454199802129665, 43.046214748310945, 0.0 ], [ -89.454245064406791, 43.046206114950685, 0.0 ], [ -89.454273646696606, 43.046214496853871, 0.0 ], [ -89.454303486271883, 43.046233356135993, 0.0 ], [ -89.454328464343348, 43.04625892094068, 0.0 ], [ -89.45436081848959, 43.046331172946026, 0.0 ], [ -89.454367943107286, 43.046340560677599, 0.0 ], [ -89.45437448099176, 43.046344751629171, 0.0 ], [ -89.454383533447185, 43.046347182381105, 0.0 ], [ -89.45438378490428, 43.046353217351388, 0.0 ], [ -89.45444799028256, 43.046357156845886, 0.0 ], [ -89.454505573957363, 43.046350870418543, 0.0 ], [ -89.454545220359364, 43.046350367504353, 0.0 ], [ -89.454622920601764, 43.046408705550448, 0.0 ], [ -89.454686455427805, 43.046546336400539, 0.0 ], [ -89.454691065474549, 43.046553880113393, 0.0 ], [ -89.454711601137319, 43.04658547988835, 0.0 ], [ -89.454735070466199, 43.046621019157804, 0.0 ], [ -89.45477027445952, 43.046670137110397, 0.0 ], [ -89.454808160661855, 43.046737359973832, 0.0 ], [ -89.454816039650837, 43.046751106295048, 0.0 ], [ -89.454815285279551, 43.04675412378019, 0.0 ], [ -89.454818135126615, 43.046753034132784, 0.0 ], [ -89.454823834820786, 43.046762254226273, 0.0 ], [ -89.454875634982386, 43.046833835679372, 0.0 ], [ -89.454911341889897, 43.046895694124771, 0.0 ], [ -89.454912934451499, 43.0468970352293, 0.0 ], [ -89.454921064897576, 43.046919917824951, 0.0 ], [ -89.454921064897576, 43.046919917824951, 0.0 ], [ -89.454921064897576, 43.046919917824951, 0.0 ], [ -89.454940594731951, 43.046957720208255, 0.0 ], [ -89.454960124566355, 43.046988314154831, 0.0 ], [ -89.454997004940296, 43.047075402128819, 0.0 ], [ -89.455032460390711, 43.047145642477382, 0.0 ], [ -89.455043356864849, 43.047176739338163, 0.0 ], [ -89.455050397663513, 43.047199119019616, 0.0 ], [ -89.455062132327939, 43.047220325234655, 0.0 ], [ -89.455071687697568, 43.047241782906767, 0.0 ], [ -89.455075291915932, 43.047268102082732, 0.0 ], [ -89.455083087085882, 43.0472836086036, 0.0 ], [ -89.455106053500558, 43.047322752091418, 0.0 ], [ -89.45516900159339, 43.047490725430997, 0.0 ], [ -89.455166738479534, 43.047511596369894, 0.0 ], [ -89.455128265543962, 43.047595918315764, 0.0 ], [ -89.455064814536968, 43.047718797016252, 0.0 ], [ -89.45504754781642, 43.047732459518414, 0.0 ], [ -89.455029945819774, 43.047746373477672, 0.0 ], [ -89.455018378793397, 43.047763137284043, 0.0 ], [ -89.455006727947989, 43.047789959374178, 0.0 ], [ -89.454998094587722, 43.047809405389522, 0.0 ], [ -89.454976720734635, 43.047886267441605, 0.0 ], [ -89.454939169808426, 43.047942677649935, 0.0 ], [ -89.454880161210099, 43.048007302123374, 0.0 ], [ -89.45487261749723, 43.048034040394498, 0.0 ], [ -89.454877143724943, 43.048136551070264, 0.0 ], [ -89.454860128461505, 43.048209473627864, 0.0 ], [ -89.454875467344309, 43.048317767816876, 0.0 ], [ -89.454886950551668, 43.048324138063244, 0.0 ], [ -89.454974373801747, 43.04837090908299, 0.0 ], [ -89.455017205326953, 43.048393959316734, 0.0 ], [ -89.455029945819774, 43.048400497201172, 0.0 ], [ -89.455096917226115, 43.048461768913377, 0.0 ], [ -89.455117117612744, 43.048511641237262, 0.0 ], [ -89.455141173674846, 43.048560340094689, 0.0 ], [ -89.455148633568683, 43.04859378388835, 0.0 ], [ -89.455149471758986, 43.048611302066, 0.0 ], [ -89.455169755964675, 43.048792267355459, 0.0 ], [ -89.455164643003741, 43.048804588753121, 0.0 ], [ -89.455118374898234, 43.048849934849279, 0.0 ], [ -89.455116866155663, 43.048853874343749, 0.0 ], [ -89.455100186168352, 43.048847252640265, 0.0 ], [ -89.455112675204063, 43.048933250966783, 0.0 ], [ -89.455037489532614, 43.049054034191492, 0.0 ], [ -89.454972865059176, 43.049128716948708, 0.0 ], [ -89.454906815662184, 43.049206333372069, 0.0 ], [ -89.454882927238131, 43.04923323928125, 0.0 ], [ -89.454858954995075, 43.049258552628821, 0.0 ], [ -89.454832300542989, 43.049313957008785, 0.0 ], [ -89.454814698546329, 43.04937296560712, 0.0 ], [ -89.454806484281221, 43.049401799354015, 0.0 ], [ -89.454800197853842, 43.049459969762012, 0.0 ], [ -89.454793743788386, 43.049514871227757, 0.0 ], [ -89.454786116256514, 43.049568180131978, 0.0 ], [ -89.454794246702576, 43.049635989728621, 0.0 ], [ -89.45480153895835, 43.049707403543636, 0.0 ], [ -89.454792570321956, 43.049807232010409, 0.0 ], [ -89.454791983588734, 43.049832293900906, 0.0 ], [ -89.454771783202091, 43.049935726586028, 0.0 ], [ -89.454771028830805, 43.049942599746615, 0.0 ], [ -89.45477614179174, 43.049954334411062, 0.0 ], [ -89.454781673847833, 43.049969086560672, 0.0 ], [ -89.4547868706278, 43.050000518697544, 0.0 ], [ -89.454787289722958, 43.0500141811997, 0.0 ], [ -89.454790642484227, 43.050056258353628, 0.0 ], [ -89.454796845092574, 43.050086265566975, 0.0 ], [ -89.454793827607432, 43.050152482602037, 0.0 ], [ -89.45480497553865, 43.050179304692186, 0.0 ], [ -89.454805394633809, 43.05026614120905, 0.0 ], [ -89.454814782365361, 43.050308637458137, 0.0 ], [ -89.454814363270188, 43.050337471205054, 0.0 ], [ -89.454827858134294, 43.050485244157969, 0.0 ], [ -89.454823331906582, 43.05062522194094, 0.0 ], [ -89.454833390190387, 43.050769474494516, 0.0 ], [ -89.454832216723958, 43.050849270212701, 0.0 ], [ -89.454828193410435, 43.050902914393014, 0.0 ], [ -89.454839425160685, 43.051019087570964, 0.0 ], [ -89.454803634434143, 43.051167614895157, 0.0 ], [ -89.454797096549669, 43.051182786139883, 0.0 ], [ -89.454784858971038, 43.051251433926872, 0.0 ], [ -89.45478368550458, 43.051358638468436, 0.0 ], [ -89.454793073236146, 43.051444133880779, 0.0 ], [ -89.454802963881875, 43.051500795546232, 0.0 ], [ -89.454812267794381, 43.051627781379274, 0.0 ], [ -89.454806400462175, 43.051695088061749, 0.0 ], [ -89.454798437654176, 43.051752001184255, 0.0 ], [ -89.454799024387384, 43.051754934850365, 0.0 ], [ -89.454798018559018, 43.051757952335514, 0.0 ], [ -89.45479910820643, 43.051759293440021, 0.0 ], [ -89.454795336350003, 43.051800364765569, 0.0 ], [ -89.454794414340654, 43.051818134400314, 0.0 ], [ -89.454793073236146, 43.051865827429339, 0.0 ], [ -89.454793659969368, 43.051878148826994, 0.0 ], [ -89.454796090721274, 43.051910670611321, 0.0 ], [ -89.454781673847833, 43.051994741100124, 0.0 ], [ -89.454776393248835, 43.052007816869072, 0.0 ], [ -89.454786116256514, 43.052066071096085, 0.0 ], [ -89.454786535351658, 43.052099933984934, 0.0 ], [ -89.454789469017769, 43.052114937591583, 0.0 ], [ -89.45482551120142, 43.052300764384903, 0.0 ], [ -89.45481863804082, 43.052360611173555, 0.0 ], [ -89.454813273622776, 43.052398162099756, 0.0 ], [ -89.454812100156346, 43.052458008888422, 0.0 ], [ -89.454797683282877, 43.052471587571532, 0.0 ], [ -89.454795420169035, 43.052477873998924, 0.0 ], [ -89.454793576150323, 43.052487094092413, 0.0 ], [ -89.454805310814777, 43.052518107134141, 0.0 ], [ -89.454807825385728, 43.052534451845332, 0.0 ], [ -89.454846633597398, 43.052662192049681, 0.0 ], [ -89.454851914196396, 43.052744921433977, 0.0 ] ] } },
{ "type": "Feature", "properties": { "id": 10 }, "geometry": { "type": "LineString", "coordinates": [ [ -89.459929671137729, 43.053854182501027, 0.0 ], [ -89.459930676966096, 43.053841693465266, 0.0 ], [ -89.459941824897328, 43.053788133104, 0.0 ], [ -89.459946267305995, 43.053771956030886, 0.0 ], [ -89.459934532641569, 43.053761646290006, 0.0 ], [ -89.459826489909688, 43.053738176961069, 0.0 ], [ -89.459693552925387, 43.053734824199786, 0.0 ], [ -89.459665641187826, 43.053726107020466, 0.0 ], [ -89.459669329225221, 43.053722418983078, 0.0 ], [ -89.459690619259263, 43.053714037079907, 0.0 ], [ -89.459646865724721, 43.053718479488595, 0.0 ], [ -89.459626832976127, 43.053726945210769, 0.0 ], [ -89.459628844632903, 43.053718730945683, 0.0 ], [ -89.459628844632903, 43.053718730945683, 0.0 ], [ -89.459548126905361, 43.053722335164004, 0.0 ], [ -89.459472605957771, 43.053722335163997, 0.0 ], [ -89.459375040604854, 43.053720994059461, 0.0 ], [ -89.459360372274318, 43.053724095363641, 0.0 ], [ -89.459254005923071, 43.053740523893836, 0.0 ], [ -89.459193740039254, 43.053737422589649, 0.0 ], [ -89.459154093637267, 43.053741194446047, 0.0 ], [ -89.459127439185181, 43.053741362084089, 0.0 ], [ -89.459080165251294, 43.053731639076418, 0.0 ], [ -89.459005817770148, 43.053727531943828, 0.0 ], [ -89.458999447523738, 43.053724346820651, 0.0 ], [ -89.458996681495705, 43.053716132555522, 0.0 ], [ -89.458972290157476, 43.05370758301428, 0.0 ], [ -89.458934990688363, 43.053722838078045, 0.0 ], [ -89.458700465037609, 43.053707247738096, 0.0 ], [ -89.458690239115739, 43.053708169747445, 0.0 ], [ -89.458673056214252, 43.053698027644593, 0.0 ], [ -89.458671715109745, 43.053691657398197, 0.0 ], [ -89.458671715109745, 43.053661650184821, 0.0 ], [ -89.458678672089363, 43.053644299645249, 0.0 ], [ -89.458677750080028, 43.053631559152457, 0.0 ], [ -89.458687640725756, 43.053491413731429, 0.0 ], [ -89.45869199931542, 43.053460316870655, 0.0 ], [ -89.458683617412248, 43.053452773157787, 0.0 ], [ -89.458687473087707, 43.053445061806897, 0.0 ], [ -89.458685545249963, 43.053424358506042, 0.0 ], [ -89.458687221630612, 43.053370462868649, 0.0 ], [ -89.458681186660328, 43.053306928042616, 0.0 ], [ -89.458678672089363, 43.053252529491033, 0.0 ], [ -89.458679175003553, 43.053210871432277, 0.0 ], [ -89.458687556906739, 43.053185474265668, 0.0 ], [ -89.458691161125103, 43.05318103185698, 0.0 ], [ -89.458693927153149, 43.053173488144118, 0.0 ], [ -89.458697782828608, 43.053166866440598, 0.0 ], [ -89.458696357905069, 43.053165692974169, 0.0 ], [ -89.458698034285703, 43.053158652175519, 0.0 ], [ -89.458697363733449, 43.05314096635982, 0.0 ], [ -89.458698537199879, 43.053120095420937, 0.0 ], [ -89.458698201923767, 43.05310593000457, 0.0 ], [ -89.458695184438625, 43.053097631920423, 0.0 ], [ -89.458692753686691, 43.053059494260992, 0.0 ], [ -89.458685209973851, 43.053023787353474, 0.0 ], [ -89.458679258822599, 43.05295748649938, 0.0 ], [ -89.458682108669663, 43.052896298606228, 0.0 ], [ -89.458679342641631, 43.052868554506766, 0.0 ], [ -89.458665680139447, 43.052812311936457, 0.0 ], [ -89.458665428682352, 43.052708963070351, 0.0 ], [ -89.458654699846306, 43.052655821804251, 0.0 ], [ -89.458647826685706, 43.052604021642644, 0.0 ], [ -89.458661070092717, 43.052563201774205, 0.0 ], [ -89.458660399540449, 43.052551634747822, 0.0 ], [ -89.458659142254987, 43.052541744102065, 0.0 ], [ -89.458661656825939, 43.052513329450321, 0.0 ], [ -89.458656795322099, 43.052439903978552, 0.0 ], [ -89.458655538036624, 43.052423978362498, 0.0 ], [ -89.458654532208243, 43.052283581484403, 0.0 ], [ -89.458652688189531, 43.052254412461345, 0.0 ], [ -89.458649335428277, 43.052254999194581, 0.0 ], [ -89.458639863877693, 43.052251227338147, 0.0 ], [ -89.458638858049312, 43.052197583157849, 0.0 ], [ -89.458633996545473, 43.05217956206603, 0.0 ], [ -89.458627207203904, 43.0520930608253, 0.0 ], [ -89.458634499459663, 43.052065065268685, 0.0 ], [ -89.458632320164824, 43.051997842405271, 0.0 ], [ -89.458603486417914, 43.051934139941153, 0.0 ], [ -89.4586118683211, 43.051928524066042, 0.0 ], [ -89.458612706511417, 43.051888374749872, 0.0 ], [ -89.458609102293053, 43.051855517689411, 0.0 ], [ -89.458604911341467, 43.051787959549863, 0.0 ], [ -89.458605414255658, 43.051782678950836, 0.0 ], [ -89.458560487254658, 43.051759796355149, 0.0 ], [ -89.458532491698065, 43.051733477179226, 0.0 ], [ -89.458484882488037, 43.05169483660557, 0.0 ], [ -89.45846091024498, 43.051655609298741, 0.0 ], [ -89.458419168367186, 43.051531892407901, 0.0 ], [ -89.458383880554834, 43.051469866324418, 0.0 ], [ -89.458368625491062, 43.051411109183213, 0.0 ], [ -89.458352616056004, 43.051374899361491, 0.0 ], [ -89.45833920501093, 43.051307257402904, 0.0 ], [ -89.458338031544486, 43.05130901760257, 0.0 ], [ -89.458338702096739, 43.05130952051676, 0.0 ], [ -89.458339121191884, 43.05131119689738, 0.0 ], [ -89.458338702096739, 43.051312873278015, 0.0 ], [ -89.458337193354154, 43.051312454182863, 0.0 ], [ -89.458323027937809, 43.051264090601563, 0.0 ], [ -89.458296205847645, 43.051178762827256, 0.0 ], [ -89.458284890278378, 43.051140122253628, 0.0 ], [ -89.458271898328462, 43.051113803077691, 0.0 ] ] } },
{ "type": "Feature", "properties": { "id": 11 }, "geometry": { "type": "LineString", "coordinates": [ [ -89.459929671137729, 43.053854182501027, 0.0 ], [ -89.459930676966096, 43.053841693465266, 0.0 ], [ -89.459941824897328, 43.053788133104, 0.0 ], [ -89.459946267305995, 43.053771956030886, 0.0 ], [ -89.459934532641569, 43.053761646290006, 0.0 ], [ -89.459826489909688, 43.053738176961069, 0.0 ], [ -89.459693552925387, 43.053734824199786, 0.0 ], [ -89.459665641187826, 43.053726107020466, 0.0 ], [ -89.459669329225221, 43.053722418983078, 0.0 ], [ -89.459690619259263, 43.053714037079907, 0.0 ], [ -89.459646865724721, 43.053718479488595, 0.0 ], [ -89.459626832976127, 43.053726945210769, 0.0 ], [ -89.459628844632903, 43.053718730945683, 0.0 ], [ -89.459628844632903, 43.053718730945683, 0.0 ], [ -89.459548126905361, 43.053722335164004, 0.0 ], [ -89.459472605957771, 43.053722335163997, 0.0 ], [ -89.459375040604854, 43.053720994059461, 0.0 ], [ -89.459360372274318, 43.053724095363641, 0.0 ], [ -89.459254005923071, 43.053740523893836, 0.0 ], [ -89.459193740039254, 43.053737422589649, 0.0 ], [ -89.459154093637267, 43.053741194446047, 0.0 ], [ -89.459127439185181, 43.053741362084089, 0.0 ], [ -89.459080165251294, 43.053731639076418, 0.0 ], [ -89.459005817770148, 43.053727531943828, 0.0 ], [ -89.458999447523738, 43.053724346820651, 0.0 ], [ -89.458996681495705, 43.053716132555522, 0.0 ], [ -89.458972290157476, 43.05370758301428, 0.0 ], [ -89.458934990688363, 43.053722838078045, 0.0 ], [ -89.458700465037609, 43.053707247738096, 0.0 ], [ -89.458690239115739, 43.053708169747445, 0.0 ], [ -89.458673056214252, 43.053698027644593, 0.0 ], [ -89.458671715109745, 43.053691657398197, 0.0 ], [ -89.458671715109745, 43.053661650184821, 0.0 ], [ -89.458678672089363, 43.053644299645249, 0.0 ], [ -89.458677750080028, 43.053631559152457, 0.0 ], [ -89.458687640725756, 43.053491413731429, 0.0 ], [ -89.45869199931542, 43.053460316870655, 0.0 ], [ -89.458683617412248, 43.053452773157787, 0.0 ], [ -89.458687473087707, 43.053445061806897, 0.0 ], [ -89.458685545249963, 43.053424358506042, 0.0 ], [ -89.458687221630612, 43.053370462868649, 0.0 ], [ -89.458681186660328, 43.053306928042616, 0.0 ], [ -89.458678672089363, 43.053252529491033, 0.0 ], [ -89.458679175003553, 43.053210871432277, 0.0 ], [ -89.458687556906739, 43.053185474265668, 0.0 ], [ -89.458691161125103, 43.05318103185698, 0.0 ], [ -89.458693927153149, 43.053173488144118, 0.0 ], [ -89.458697782828608, 43.053166866440598, 0.0 ], [ -89.458696357905069, 43.053165692974169, 0.0 ], [ -89.458698034285703, 43.053158652175519, 0.0 ], [ -89.458697363733449, 43.05314096635982, 0.0 ], [ -89.458698537199879, 43.053120095420937, 0.0 ], [ -89.458698201923767, 43.05310593000457, 0.0 ], [ -89.458695184438625, 43.053097631920423, 0.0 ], [ -89.458692753686691, 43.053059494260992, 0.0 ], [ -89.458685209973851, 43.053023787353474, 0.0 ], [ -89.458679258822599, 43.05295748649938, 0.0 ], [ -89.458682108669663, 43.052896298606228, 0.0 ], [ -89.458679342641631, 43.052868554506766, 0.0 ], [ -89.458665680139447, 43.052812311936457, 0.0 ], [ -89.458665428682352, 43.052708963070351, 0.0 ], [ -89.458654699846306, 43.052655821804251, 0.0 ], [ -89.458647826685706, 43.052604021642644, 0.0 ], [ -89.458661070092717, 43.052563201774205, 0.0 ], [ -89.458660399540449, 43.052551634747822, 0.0 ], [ -89.458659142254987, 43.052541744102065, 0.0 ], [ -89.458661656825939, 43.052513329450321, 0.0 ], [ -89.458656795322099, 43.052439903978552, 0.0 ], [ -89.458655538036624, 43.052423978362498, 0.0 ], [ -89.458654532208243, 43.052283581484403, 0.0 ], [ -89.458652688189531, 43.052254412461345, 0.0 ], [ -89.458649335428277, 43.052254999194581, 0.0 ], [ -89.458639863877693, 43.052251227338147, 0.0 ], [ -89.458638858049312, 43.052197583157849, 0.0 ], [ -89.458633996545473, 43.05217956206603, 0.0 ], [ -89.458627207203904, 43.0520930608253, 0.0 ], [ -89.458634499459663, 43.052065065268685, 0.0 ], [ -89.458632320164824, 43.051997842405271, 0.0 ], [ -89.458603486417914, 43.051934139941153, 0.0 ], [ -89.4586118683211, 43.051928524066042, 0.0 ], [ -89.458612706511417, 43.051888374749872, 0.0 ], [ -89.458609102293053, 43.051855517689411, 0.0 ], [ -89.458604911341467, 43.051787959549863, 0.0 ], [ -89.458605414255658, 43.051782678950836, 0.0 ], [ -89.458560487254658, 43.051759796355149, 0.0 ], [ -89.458532491698065, 43.051733477179226, 0.0 ], [ -89.458484882488037, 43.05169483660557, 0.0 ], [ -89.45846091024498, 43.051655609298741, 0.0 ], [ -89.458419168367186, 43.051531892407901, 0.0 ], [ -89.458383880554834, 43.051469866324418, 0.0 ], [ -89.458368625491062, 43.051411109183213, 0.0 ], [ -89.458352616056004, 43.051374899361491, 0.0 ], [ -89.45833920501093, 43.051307257402904, 0.0 ], [ -89.458338031544486, 43.05130901760257, 0.0 ], [ -89.458338702096739, 43.05130952051676, 0.0 ], [ -89.458339121191884, 43.05131119689738, 0.0 ], [ -89.458338702096739, 43.051312873278015, 0.0 ], [ -89.458337193354154, 43.051312454182863, 0.0 ], [ -89.458323027937809, 43.051264090601563, 0.0 ], [ -89.458296205847645, 43.051178762827256, 0.0 ], [ -89.458284890278378, 43.051140122253628, 0.0 ], [ -89.458271898328462, 43.051113803077691, 0.0 ], [ -89.458253122865344, 43.051067115877011, 0.0 ], [ -89.458240466191569, 43.051030151684024, 0.0 ], [ -89.458166202529455, 43.050996204976144, 0.0 ], [ -89.458034858106771, 43.051026798922685, 0.0 ], [ -89.458016334100762, 43.05104004232971, 0.0 ], [ -89.457874009384895, 43.051140206072553, 0.0 ], [ -89.457710729911128, 43.051223606009096, 0.0 ], [ -89.457668568938161, 43.051235089216405, 0.0 ], [ -89.457604615016976, 43.05126534788684, 0.0 ], [ -89.457568405195275, 43.051269455019408, 0.0 ], [ -89.457533285020972, 43.051271801952268, 0.0 ], [ -89.4574772939078, 43.051278339836728, 0.0 ], [ -89.457419207318807, 43.051272304866444, 0.0 ], [ -89.457378974183584, 43.051263839144241, 0.0 ], [ -89.457279983907128, 43.051247159156873, 0.0 ], [ -89.457237152381921, 43.051251098651356, 0.0 ], [ -89.457219718023339, 43.051251182470388, 0.0 ], [ -89.457189124076748, 43.051255792517118, 0.0 ], [ -89.457145370542207, 43.051255205783896, 0.0 ], [ -89.457136485724845, 43.051255960155174, 0.0 ], [ -89.457042105495134, 43.051258390907073, 0.0 ], [ -89.456965327262083, 43.051253780860307, 0.0 ], [ -89.456944037228027, 43.051248081166143, 0.0 ], [ -89.456941690295125, 43.051245482776181, 0.0 ], [ -89.456920484080115, 43.051247829709041, 0.0 ], [ -89.456881005316163, 43.051249757546749, 0.0 ], [ -89.456714037805, 43.05122025324755, 0.0 ], [ -89.456568947061101, 43.051248919356361, 0.0 ], [ -89.456514464690471, 43.05125118247021, 0.0 ], [ -89.456476746126214, 43.051257217440494, 0.0 ], [ -89.456398878245736, 43.051249757546657, 0.0 ], [ -89.456377252935567, 43.051247745889874, 0.0 ], [ -89.456294188275137, 43.0512539484982, 0.0 ], [ -89.456241214647093, 43.051280686769303, 0.0 ], [ -89.456208022310534, 43.051282782245096, 0.0 ], [ -89.456208357586661, 43.051282614607018, 0.0 ], [ -89.456203160806695, 43.051278675112528, 0.0 ], [ -89.456194443627396, 43.05124774588981, 0.0 ], [ -89.456180864944258, 43.051083209130574, 0.0 ], [ -89.456178937106529, 43.051032079521221, 0.0 ], [ -89.456170471384326, 43.050939627129239, 0.0 ], [ -89.456202993168631, 43.050835020977651, 0.0 ], [ -89.456205004825392, 43.050815323505212, 0.0 ], [ -89.456194695084491, 43.050794620204371, 0.0 ], [ -89.456179523839751, 43.050775760922249, 0.0 ], [ -89.456179020925561, 43.050766037914556, 0.0 ], [ -89.456179607658783, 43.050769893589987, 0.0 ], [ -89.456178182735243, 43.050754135612038, 0.0 ], [ -89.456177512182975, 43.050752207774302, 0.0 ], [ -89.456172902136245, 43.050730331007045, 0.0 ], [ -89.456171561031738, 43.050692193347622, 0.0 ], [ -89.456169465555945, 43.050652966040758, 0.0 ], [ -89.456165526061454, 43.050631508368646, 0.0 ], [ -89.456154713406349, 43.05053821778634, 0.0 ], [ -89.456159574910188, 43.050479963559297, 0.0 ], [ -89.456166448070789, 43.050412070143629, 0.0 ], [ -89.456140715628052, 43.050330346587678, 0.0 ], [ -89.456126047297516, 43.050309056553623, 0.0 ], [ -89.456165274604359, 43.050222303855818, 0.0 ], [ -89.456161502747932, 43.050184920567681, 0.0 ], [ -89.456155635415712, 43.050071010503558, 0.0 ], [ -89.456166364251771, 43.050000853974034, 0.0 ], [ -89.456153959035063, 43.0499704276655, 0.0 ], [ -89.456130070611039, 43.049936480957662, 0.0 ], [ -89.45611028931954, 43.049933798748619, 0.0 ], [ -89.456091346218386, 43.04993187091091, 0.0 ], [ -89.455956816672469, 43.049915945294842, 0.0 ], [ -89.455855479463139, 43.049902366611683, 0.0 ], [ -89.455850869416381, 43.0499003549549, 0.0 ], [ -89.45584575645546, 43.049900941688136, 0.0 ], [ -89.455782556905547, 43.049914939466404, 0.0 ], [ -89.455762943252125, 43.049916112932863, 0.0 ], [ -89.455713070928255, 43.049928182873415, 0.0 ], [ -89.455659259109879, 43.049929691615972, 0.0 ], [ -89.455612152814055, 43.049931787091772, 0.0 ], [ -89.455444682388702, 43.049928769606566, 0.0 ], [ -89.45534099824647, 43.049921644988835, 0.0 ], [ -89.455324904992381, 43.049920555341444, 0.0 ], [ -89.455209653823772, 43.049909072134064, 0.0 ], [ -89.455101778729954, 43.049899935859571, 0.0 ], [ -89.455088032408739, 43.04990538409664, 0.0 ], [ -89.454984934999743, 43.049898008021813, 0.0 ], [ -89.454828780143657, 43.049815362456492, 0.0 ], [ -89.454777901991406, 43.049692399936951, 0.0 ], [ -89.454770861192742, 43.049668679150997, 0.0 ], [ -89.4547712802879, 43.04965644157236, 0.0 ], [ -89.454778488724628, 43.049608245629116, 0.0 ], [ -89.454790810122276, 43.049554349991723, 0.0 ], [ -89.45477957837204, 43.0494882167757, 0.0 ], [ -89.454773878677869, 43.049417724970034, 0.0 ], [ -89.454772453754344, 43.049402302268199, 0.0 ], [ -89.45478075183847, 43.049351005020796, 0.0 ], [ -89.454781925304928, 43.049263917046837, 0.0 ], [ -89.454828780143657, 43.049165094408458, 0.0 ], [ -89.454884435980716, 43.049105499076923, 0.0 ], [ -89.454910252242485, 43.049072055283261, 0.0 ], [ -89.454935817047158, 43.049048921230522, 0.0 ], [ -89.454956017433801, 43.049025032806476, 0.0 ], [ -89.455005470662499, 43.048975914853919, 0.0 ], [ -89.455109490080858, 43.048904165762785, 0.0 ], [ -89.455148885025778, 43.048889078337083, 0.0 ], [ -89.45515676401476, 43.048885893213885, 0.0 ], [ -89.455152573063174, 43.048863764989498, 0.0 ], [ -89.455128852277198, 43.048788663137088, 0.0 ], [ -89.455122314392725, 43.048754464972149, 0.0 ], [ -89.455128349363008, 43.048707861590508, 0.0 ], [ -89.455128097905913, 43.048590431127089, 0.0 ], [ -89.45510596968154, 43.048559250447276, 0.0 ], [ -89.455091636627117, 43.048547683420914, 0.0 ], [ -89.455088870599056, 43.048545420307065, 0.0 ], [ -89.455089122056151, 43.048545420307029, 0.0 ], [ -89.455086942761341, 43.048540977898362, 0.0 ], [ -89.455059869214097, 43.048483394223574, 0.0 ], [ -89.45504754781642, 43.048462355646606, 0.0 ], [ -89.455019887535968, 43.048408543828245, 0.0 ], [ -89.454965488984371, 43.048356995123726, 0.0 ], [ -89.454839928074875, 43.048276193577102, 0.0 ], [ -89.454817213117281, 43.048259513589784, 0.0 ], [ -89.454758204518953, 43.048220956835181, 0.0 ], [ -89.45467891171495, 43.048162702608131, 0.0 ], [ -89.454604983328963, 43.048108890789742, 0.0 ], [ -89.454557457937995, 43.048065891626479, 0.0 ], [ -89.454555697738328, 43.048061197760696, 0.0 ], [ -89.454482020809436, 43.047997411477525, 0.0 ], [ -89.45441454648892, 43.047859361532282, 0.0 ], [ -89.454394178464213, 43.047788031536292, 0.0 ], [ -89.454390658064881, 43.047782248023104, 0.0 ], [ -89.454364674165049, 43.047698261353318, 0.0 ], [ -89.454368781297603, 43.047586865860175, 0.0 ], [ -89.454379593952694, 43.047546884182033, 0.0 ], [ -89.454374313353696, 43.04752668379539, 0.0 ], [ -89.45435495115737, 43.047465328264174, 0.0 ], [ -89.454355705528656, 43.04735116674297, 0.0 ] ] } },
{ "type": "Feature", "properties": { "id": 12 }, "geometry": { "type": "LineString", "coordinates": [ [ -89.459929671137729, 43.053854182501027, 0.0 ], [ -89.459930676966096, 43.053841693465266, 0.0 ], [ -89.459941824897328, 43.053788133104, 0.0 ], [ -89.459946267305995, 43.053771956030886, 0.0 ], [ -89.459934532641569, 43.053761646290006, 0.0 ], [ -89.459826489909688, 43.053738176961069, 0.0 ], [ -89.459693552925387, 43.053734824199786, 0.0 ], [ -89.459665641187826, 43.053726107020466, 0.0 ], [ -89.459669329225221, 43.053722418983078, 0.0 ], [ -89.459690619259263, 43.053714037079907, 0.0 ], [ -89.459646865724721, 43.053718479488595, 0.0 ], [ -89.459626832976127, 43.053726945210769, 0.0 ], [ -89.459628844632903, 43.053718730945683, 0.0 ], [ -89.459628844632903, 43.053718730945683, 0.0 ], [ -89.459548126905361, 43.053722335164004, 0.0 ], [ -89.459472605957771, 43.053722335163997, 0.0 ], [ -89.459375040604854, 43.053720994059461, 0.0 ], [ -89.459360372274318, 43.053724095363641, 0.0 ], [ -89.459254005923071, 43.053740523893836, 0.0 ], [ -89.459193740039254, 43.053737422589649, 0.0 ], [ -89.459154093637267, 43.053741194446047, 0.0 ], [ -89.459127439185181, 43.053741362084089, 0.0 ], [ -89.459080165251294, 43.053731639076418, 0.0 ], [ -89.459005817770148, 43.053727531943828, 0.0 ], [ -89.458999447523738, 43.053724346820651, 0.0 ], [ -89.458996681495705, 43.053716132555522, 0.0 ], [ -89.458972290157476, 43.05370758301428, 0.0 ], [ -89.458934990688363, 43.053722838078045, 0.0 ], [ -89.458700465037609, 43.053707247738096, 0.0 ], [ -89.458690239115739, 43.053708169747445, 0.0 ], [ -89.458673056214252, 43.053698027644593, 0.0 ], [ -89.458671715109745, 43.053691657398197, 0.0 ], [ -89.458671715109745, 43.053661650184821, 0.0 ], [ -89.458678672089363, 43.053644299645249, 0.0 ], [ -89.458677750080028, 43.053631559152457, 0.0 ], [ -89.458687640725756, 43.053491413731429, 0.0 ], [ -89.45869199931542, 43.053460316870655, 0.0 ], [ -89.458683617412248, 43.053452773157787, 0.0 ], [ -89.458687473087707, 43.053445061806897, 0.0 ], [ -89.458685545249963, 43.053424358506042, 0.0 ], [ -89.458687221630612, 43.053370462868649, 0.0 ], [ -89.458681186660328, 43.053306928042616, 0.0 ], [ -89.458678672089363, 43.053252529491033, 0.0 ], [ -89.458679175003553, 43.053210871432277, 0.0 ], [ -89.458687556906739, 43.053185474265668, 0.0 ], [ -89.458691161125103, 43.05318103185698, 0.0 ], [ -89.458693927153149, 43.053173488144118, 0.0 ], [ -89.458697782828608, 43.053166866440598, 0.0 ], [ -89.458696357905069, 43.053165692974169, 0.0 ], [ -89.458698034285703, 43.053158652175519, 0.0 ], [ -89.458697363733449, 43.05314096635982, 0.0 ], [ -89.458698537199879, 43.053120095420937, 0.0 ], [ -89.458698201923767, 43.05310593000457, 0.0 ], [ -89.458695184438625, 43.053097631920423, 0.0 ], [ -89.458692753686691, 43.053059494260992, 0.0 ], [ -89.458685209973851, 43.053023787353474, 0.0 ], [ -89.458679258822599, 43.05295748649938, 0.0 ], [ -89.458682108669663, 43.052896298606228, 0.0 ], [ -89.458679342641631, 43.052868554506766, 0.0 ], [ -89.458665680139447, 43.052812311936457, 0.0 ], [ -89.458665428682352, 43.052708963070351, 0.0 ], [ -89.458654699846306, 43.052655821804251, 0.0 ], [ -89.458647826685706, 43.052604021642644, 0.0 ], [ -89.458661070092717, 43.052563201774205, 0.0 ], [ -89.458660399540449, 43.052551634747822, 0.0 ], [ -89.458659142254987, 43.052541744102065, 0.0 ], [ -89.458661656825939, 43.052513329450321, 0.0 ], [ -89.458656795322099, 43.052439903978552, 0.0 ], [ -89.458655538036624, 43.052423978362498, 0.0 ], [ -89.458654532208243, 43.052283581484403, 0.0 ], [ -89.458652688189531, 43.052254412461345, 0.0 ], [ -89.458649335428277, 43.052254999194581, 0.0 ], [ -89.458639863877693, 43.052251227338147, 0.0 ], [ -89.458638858049312, 43.052197583157849, 0.0 ], [ -89.458633996545473, 43.05217956206603, 0.0 ], [ -89.458627207203904, 43.0520930608253, 0.0 ], [ -89.458634499459663, 43.052065065268685, 0.0 ], [ -89.458632320164824, 43.051997842405271, 0.0 ], [ -89.458603486417914, 43.051934139941153, 0.0 ], [ -89.4586118683211, 43.051928524066042, 0.0 ], [ -89.458612706511417, 43.051888374749872, 0.0 ], [ -89.458609102293053, 43.051855517689411, 0.0 ], [ -89.458604911341467, 43.051787959549863, 0.0 ], [ -89.458605414255658, 43.051782678950836, 0.0 ], [ -89.458560487254658, 43.051759796355149, 0.0 ], [ -89.458532491698065, 43.051733477179226, 0.0 ], [ -89.458484882488037, 43.05169483660557, 0.0 ], [ -89.45846091024498, 43.051655609298741, 0.0 ], [ -89.458419168367186, 43.051531892407901, 0.0 ], [ -89.458383880554834, 43.051469866324418, 0.0 ], [ -89.458368625491062, 43.051411109183213, 0.0 ], [ -89.458352616056004, 43.051374899361491, 0.0 ], [ -89.45833920501093, 43.051307257402904, 0.0 ], [ -89.458338031544486, 43.05130901760257, 0.0 ], [ -89.458338702096739, 43.05130952051676, 0.0 ], [ -89.458339121191884, 43.05131119689738, 0.0 ], [ -89.458338702096739, 43.051312873278015, 0.0 ], [ -89.458337193354154, 43.051312454182863, 0.0 ], [ -89.458323027937809, 43.051264090601563, 0.0 ], [ -89.458296205847645, 43.051178762827256, 0.0 ], [ -89.458284890278378, 43.051140122253628, 0.0 ], [ -89.458271898328462, 43.051113803077691, 0.0 ], [ -89.458253122865344, 43.051067115877011, 0.0 ], [ -89.458240466191569, 43.051030151684024, 0.0 ], [ -89.458166202529455, 43.050996204976144, 0.0 ], [ -89.458034858106771, 43.051026798922685, 0.0 ], [ -89.458016334100762, 43.05104004232971, 0.0 ], [ -89.457874009384895, 43.051140206072553, 0.0 ], [ -89.457710729911128, 43.051223606009096, 0.0 ], [ -89.457668568938161, 43.051235089216405, 0.0 ], [ -89.457604615016976, 43.05126534788684, 0.0 ], [ -89.457568405195275, 43.051269455019408, 0.0 ], [ -89.457533285020972, 43.051271801952268, 0.0 ], [ -89.4574772939078, 43.051278339836728, 0.0 ], [ -89.457419207318807, 43.051272304866444, 0.0 ], [ -89.457378974183584, 43.051263839144241, 0.0 ], [ -89.457279983907128, 43.051247159156873, 0.0 ], [ -89.457237152381921, 43.051251098651356, 0.0 ], [ -89.457219718023339, 43.051251182470388, 0.0 ], [ -89.457189124076748, 43.051255792517118, 0.0 ], [ -89.457145370542207, 43.051255205783896, 0.0 ], [ -89.457136485724845, 43.051255960155174, 0.0 ], [ -89.457042105495134, 43.051258390907073, 0.0 ], [ -89.456965327262083, 43.051253780860307, 0.0 ], [ -89.456944037228027, 43.051248081166143, 0.0 ], [ -89.456941690295125, 43.051245482776181, 0.0 ], [ -89.456920484080115, 43.051247829709041, 0.0 ], [ -89.456881005316163, 43.051249757546749, 0.0 ], [ -89.456714037805, 43.05122025324755, 0.0 ], [ -89.456568947061101, 43.051248919356361, 0.0 ], [ -89.456514464690471, 43.05125118247021, 0.0 ], [ -89.456476746126214, 43.051257217440494, 0.0 ], [ -89.456398878245736, 43.051249757546657, 0.0 ], [ -89.456377252935567, 43.051247745889874, 0.0 ], [ -89.456294188275137, 43.0512539484982, 0.0 ], [ -89.456241214647093, 43.051280686769303, 0.0 ], [ -89.456208022310534, 43.051282782245096, 0.0 ], [ -89.456208357586661, 43.051282614607018, 0.0 ], [ -89.456203160806695, 43.051278675112528, 0.0 ], [ -89.456194443627396, 43.05124774588981, 0.0 ], [ -89.456180864944258, 43.051083209130574, 0.0 ], [ -89.456178937106529, 43.051032079521221, 0.0 ], [ -89.456170471384326, 43.050939627129239, 0.0 ], [ -89.456202993168631, 43.050835020977651, 0.0 ], [ -89.456205004825392, 43.050815323505212, 0.0 ], [ -89.456194695084491, 43.050794620204371, 0.0 ], [ -89.456179523839751, 43.050775760922249, 0.0 ], [ -89.456179020925561, 43.050766037914556, 0.0 ], [ -89.456179607658783, 43.050769893589987, 0.0 ], [ -89.456178182735243, 43.050754135612038, 0.0 ], [ -89.456177512182975, 43.050752207774302, 0.0 ], [ -89.456172902136245, 43.050730331007045, 0.0 ], [ -89.456171561031738, 43.050692193347622, 0.0 ], [ -89.456169465555945, 43.050652966040758, 0.0 ], [ -89.456165526061454, 43.050631508368646, 0.0 ], [ -89.456154713406349, 43.05053821778634, 0.0 ], [ -89.456159574910188, 43.050479963559297, 0.0 ], [ -89.456166448070789, 43.050412070143629, 0.0 ], [ -89.456140715628052, 43.050330346587678, 0.0 ], [ -89.456126047297516, 43.050309056553623, 0.0 ], [ -89.456165274604359, 43.050222303855818, 0.0 ], [ -89.456161502747932, 43.050184920567681, 0.0 ], [ -89.456155635415712, 43.050071010503558, 0.0 ], [ -89.456166364251771, 43.050000853974034, 0.0 ], [ -89.456153959035063, 43.0499704276655, 0.0 ], [ -89.456130070611039, 43.049936480957662, 0.0 ], [ -89.45611028931954, 43.049933798748619, 0.0 ], [ -89.456091346218386, 43.04993187091091, 0.0 ], [ -89.455956816672469, 43.049915945294842, 0.0 ], [ -89.455855479463139, 43.049902366611683, 0.0 ], [ -89.455850869416381, 43.0499003549549, 0.0 ], [ -89.45584575645546, 43.049900941688136, 0.0 ], [ -89.455782556905547, 43.049914939466404, 0.0 ], [ -89.455762943252125, 43.049916112932863, 0.0 ], [ -89.455713070928255, 43.049928182873415, 0.0 ], [ -89.455659259109879, 43.049929691615972, 0.0 ], [ -89.455612152814055, 43.049931787091772, 0.0 ], [ -89.455444682388702, 43.049928769606566, 0.0 ], [ -89.45534099824647, 43.049921644988835, 0.0 ], [ -89.455324904992381, 43.049920555341444, 0.0 ], [ -89.455209653823772, 43.049909072134064, 0.0 ], [ -89.455101778729954, 43.049899935859571, 0.0 ], [ -89.455088032408739, 43.04990538409664, 0.0 ], [ -89.454984934999743, 43.049898008021813, 0.0 ], [ -89.454828780143657, 43.049815362456492, 0.0 ], [ -89.454777901991406, 43.049692399936951, 0.0 ], [ -89.454770861192742, 43.049668679150997, 0.0 ], [ -89.4547712802879, 43.04965644157236, 0.0 ], [ -89.454778488724628, 43.049608245629116, 0.0 ], [ -89.454790810122276, 43.049554349991723, 0.0 ], [ -89.45477957837204, 43.0494882167757, 0.0 ], [ -89.454773878677869, 43.049417724970034, 0.0 ], [ -89.454772453754344, 43.049402302268199, 0.0 ], [ -89.45478075183847, 43.049351005020796, 0.0 ], [ -89.454781925304928, 43.049263917046837, 0.0 ], [ -89.454828780143657, 43.049165094408458, 0.0 ], [ -89.454884435980716, 43.049105499076923, 0.0 ], [ -89.454910252242485, 43.049072055283261, 0.0 ], [ -89.454935817047158, 43.049048921230522, 0.0 ], [ -89.454956017433801, 43.049025032806476, 0.0 ], [ -89.455005470662499, 43.048975914853919, 0.0 ], [ -89.455109490080858, 43.048904165762785, 0.0 ], [ -89.455148885025778, 43.048889078337083, 0.0 ], [ -89.45515676401476, 43.048885893213885, 0.0 ], [ -89.455152573063174, 43.048863764989498, 0.0 ], [ -89.455128852277198, 43.048788663137088, 0.0 ], [ -89.455122314392725, 43.048754464972149, 0.0 ], [ -89.455128349363008, 43.048707861590508, 0.0 ], [ -89.455128097905913, 43.048590431127089, 0.0 ], [ -89.45510596968154, 43.048559250447276, 0.0 ], [ -89.455091636627117, 43.048547683420914, 0.0 ], [ -89.455088870599056, 43.048545420307065, 0.0 ], [ -89.455089122056151, 43.048545420307029, 0.0 ], [ -89.455086942761341, 43.048540977898362, 0.0 ], [ -89.455059869214097, 43.048483394223574, 0.0 ], [ -89.45504754781642, 43.048462355646606, 0.0 ], [ -89.455019887535968, 43.048408543828245, 0.0 ], [ -89.454965488984371, 43.048356995123726, 0.0 ], [ -89.454839928074875, 43.048276193577102, 0.0 ], [ -89.454817213117281, 43.048259513589784, 0.0 ], [ -89.454758204518953, 43.048220956835181, 0.0 ], [ -89.45467891171495, 43.048162702608131, 0.0 ], [ -89.454604983328963, 43.048108890789742, 0.0 ], [ -89.454557457937995, 43.048065891626479, 0.0 ], [ -89.454555697738328, 43.048061197760696, 0.0 ], [ -89.454482020809436, 43.047997411477525, 0.0 ], [ -89.45441454648892, 43.047859361532282, 0.0 ], [ -89.454394178464213, 43.047788031536292, 0.0 ], [ -89.454390658064881, 43.047782248023104, 0.0 ], [ -89.454364674165049, 43.047698261353318, 0.0 ], [ -89.454368781297603, 43.047586865860175, 0.0 ], [ -89.454379593952694, 43.047546884182033, 0.0 ] ] } }
]
}
