{
  "type": "FeatureCollection",
  "features": [
    {
      "type": "Feature",
      "properties": {
        "heart_rate": 82,
        "start_time": "2026-06-22T10:48:11",
        "end_time": "2026-06-22T10:48:12"
      },
      "geometry": {
        "type": "LineString",
        "coordinates": [
          [
            -89.30147733539343,
            43.082190128043294,
            271.6
          ],
          [
            -89.30149745196104,
            43.08219079859555,
            271.4
          ]
        ]
      }
    },
    {
      "type": "Feature",
      "properties": {
        "heart_rate": 82,
        "start_time": "2026-06-22T10:48:12",
        "end_time": "2026-06-22T10:48:22"
      },
      "geometry": {
        "type": "LineString",
        "coordinates": [
          [
            -89.30149745196104,
            43.08219079859555,
            271.4
          ],
          [
            -89.30168202146888,
            43.08218685910106,
            270.8
          ]
        ]
      }
    },
    {
      "type": "Feature",
      "properties": {
        "heart_rate": 85,
        "start_time": "2026-06-22T10:48:22",
        "end_time": "2026-06-22T10:48:29"
      },
      "geometry": {
        "type": "LineString",
        "coordinates": [
          [
            -89.30168202146888,
            43.08218685910106,
            270.8
          ],
          [
            -89.30174689739943,
            43.08219239115715,
            270.4
          ]
        ]
      }
    },
    {
      "type": "Feature",
      "properties": {
        "heart_rate": 86,
        "start_time": "2026-06-22T10:48:29",
        "end_time": "2026-06-22T10:48:30"
      },
      "geometry": {
        "type": "LineString",
        "coordinates": [
          [
            -89.30174689739943,
            43.08219239115715,
            270.4
          ],
          [
            -89.30174832232296,
            43.08219348080456,
            270.4
          ]
        ]
      }
    },
    {
      "type": "Feature",
      "properties": {
        "heart_rate": 86,
        "start_time": "2026-06-22T10:48:30",
        "end_time": "2026-06-22T10:48:33"
      },
      "geometry": {
        "type": "LineString",
        "coordinates": [
          [
            -89.30174832232296,
            43.08219348080456,
            270.4
          ],
          [
            -89.3017499987036,
            43.08219348080456,
            270.4
          ]
        ]
      }
    },
    {
      "type": "Feature",
      "properties": {
        "heart_rate": 88,
        "start_time": "2026-06-22T10:48:33",
        "end_time": "2026-06-22T10:48:38"
      },
      "geometry": {
        "type": "LineString",
        "coordinates": [
          [
            -89.3017499987036,
            43.08219348080456,
            270.4
          ],
          [
            -89.30182459764183,
            43.082185266539454,
            270.8
          ]
        ]
      }
    },
    {
      "type": "Feature",
      "properties": {
        "heart_rate": 86,
        "start_time": "2026-06-22T10:48:38",
        "end_time": "2026-06-22T10:48:43"
      },
      "geometry": {
        "type": "LineString",
        "coordinates": [
          [
            -89.30182459764183,
            43.082185266539454,
            270.8
          ],
          [
            -89.30191000923514,
            43.082177974283695,
            271.0
          ]
        ]
      }
    },
    {
      "type": "Feature",
      "properties": {
        "heart_rate": 86,
        "start_time": "2026-06-22T10:48:43",
        "end_time": "2026-06-22T10:48:45"
      },
      "geometry": {
        "type": "LineString",
        "coordinates": [
          [
            -89.30191000923514,
            43.082177974283695,
            271.0
          ],
          [
            -89.30194563232362,
            43.08217780664563,
            270.8
          ]
        ]
      }
    },
    {
      "type": "Feature",
      "properties": {
        "heart_rate": 86,
        "start_time": "2026-06-22T10:48:45",
        "end_time": "2026-06-22T10:48:55"
      },
      "geometry": {
        "type": "LineString",
        "coordinates": [
          [
            -89.30194563232362,
            43.08217780664563,
            270.8
          ],
          [
            -89.3021075706929,
            43.082182332873344,
            270.8
          ]
        ]
      }
    },
    {
      "type": "Feature",
      "properties": {
        "heart_rate": 88,
        "start_time": "2026-06-22T10:48:55",
        "end_time": "2026-06-22T10:49:03"
      },
      "geometry": {
        "type": "LineString",
        "coordinates": [
          [
            -89.3021075706929,
            43.082182332873344,
            270.8
          ],
          [
            -89.30224243551493,
            43.08217126876116,
            271.6
          ]
        ]
      }
    },
    {
      "type": "Feature",
      "properties": {
        "heart_rate": 90,
        "start_time": "2026-06-22T10:49:03",
        "end_time": "2026-06-22T10:49:04"
      },
      "geometry": {
        "type": "LineString",
        "coordinates": [
          [
            -89.30224243551493,
            43.08217126876116,
            271.6
          ],
          [
            -89.30226238444448,
            43.0821692571044,
            271.6
          ]
        ]
      }
    },
    {
      "type": "Feature",
      "properties": {
        "heart_rate": 92,
        "start_time": "2026-06-22T10:49:04",
        "end_time": "2026-06-22T10:49:07"
      },
      "geometry": {
        "type": "LineString",
        "coordinates": [
          [
            -89.30226238444448,
            43.0821692571044,
            271.6
          ],
          [
            -89.30231745354831,
            43.08216456323862,
            271.6
          ]
        ]
      }
    },
    {
      "type": "Feature",
      "properties": {
        "heart_rate": 92,
        "start_time": "2026-06-22T10:49:07",
        "end_time": "2026-06-22T10:49:15"
      },
      "geometry": {
        "type": "LineString",
        "coordinates": [
          [
            -89.30231745354831,
            43.08216456323862,
            271.6
          ],
          [
            -89.30246061645448,
            43.08216146193445,
            271.0
          ]
        ]
      }
    },
    {
      "type": "Feature",
      "properties": {
        "heart_rate": 90,
        "start_time": "2026-06-22T10:49:15",
        "end_time": "2026-06-22T10:49:23"
      },
      "geometry": {
        "type": "LineString",
        "coordinates": [
          [
            -89.30246061645448,
            43.08216146193445,
            271.0
          ],
          [
            -89.30254041217268,
            43.08217177167535,
            270.8
          ]
        ]
      }
    },
    {
      "type": "Feature",
      "properties": {
        "heart_rate": 88,
        "start_time": "2026-06-22T10:49:23",
        "end_time": "2026-06-22T10:49:33"
      },
      "geometry": {
        "type": "LineString",
        "coordinates": [
          [
            -89.30254041217268,
            43.08217177167535,
            270.8
          ],
          [
            -89.30258114822209,
            43.082164311781526,
            271.0
          ]
        ]
      }
    },
    {
      "type": "Feature",
      "properties": {
        "heart_rate": 88,
        "start_time": "2026-06-22T10:49:33",
        "end_time": "2026-06-22T10:49:41"
      },
      "geometry": {
        "type": "LineString",
        "coordinates": [
          [
            -89.30258114822209,
            43.082164311781526,
            271.0
          ],
          [
            -89.30271953344345,
            43.08215224184096,
            270.2
          ]
        ]
      }
    },
    {
      "type": "Feature",
      "properties": {
        "heart_rate": 90,
        "start_time": "2026-06-22T10:49:41",
        "end_time": "2026-06-22T10:49:45"
      },
      "geometry": {
        "type": "LineString",
        "coordinates": [
          [
            -89.30271953344345,
            43.08215224184096,
            270.2
          ],
          [
            -89.3027793802321,
            43.08213514275849,
            269.8
          ]
        ]
      }
    },
    {
      "type": "Feature",
      "properties": {
        "heart_rate": 90,
        "start_time": "2026-06-22T10:49:45",
        "end_time": "2026-06-22T10:49:48"
      },
      "geometry": {
        "type": "LineString",
        "coordinates": [
          [
            -89.3027793802321,
            43.08213514275849,
            269.8
          ],
          [
            -89.30280352011323,
            43.0821208935231,
            269.6
          ]
        ]
      }
    },
    {
      "type": "Feature",
      "properties": {
        "heart_rate": 90,
        "start_time": "2026-06-22T10:49:48",
        "end_time": "2026-06-22T10:49:54"
      },
      "geometry": {
        "type": "LineString",
        "coordinates": [
          [
            -89.30280352011323,
            43.0821208935231,
            269.6
          ],
          [
            -89.3028277438134,
            43.08208736591041,
            270.2
          ]
        ]
      }
    },
    {
      "type": "Feature",
      "properties": {
        "heart_rate": 88,
        "start_time": "2026-06-22T10:49:54",
        "end_time": "2026-06-22T10:49:56"
      },
      "geometry": {
        "type": "LineString",
        "coordinates": [
          [
            -89.3028277438134,
            43.08208736591041,
            270.2
          ],
          [
            -89.30286940187216,
            43.08207278139889,
            270.4
          ]
        ]
      }
    },
    {
      "type": "Feature",
      "properties": {
        "heart_rate": 88,
        "start_time": "2026-06-22T10:49:56",
        "end_time": "2026-06-22T10:49:58"
      },
      "geometry": {
        "type": "LineString",
        "coordinates": [
          [
            -89.30286940187216,
            43.08207278139889,
            270.4
          ],
          [
            -89.30288029834628,
            43.08204344473779,
            270.4
          ]
        ]
      }
    },
    {
      "type": "Feature",
      "properties": {
        "heart_rate": 88,
        "start_time": "2026-06-22T10:49:58",
        "end_time": "2026-06-22T10:50:05"
      },
      "geometry": {
        "type": "LineString",
        "coordinates": [
          [
            -89.30288029834628,
            43.08204344473779,
            270.4
          ],
          [
            -89.30288608185947,
            43.08199726045132,
            269.8
          ]
        ]
      }
    },
    {
      "type": "Feature",
      "properties": {
        "heart_rate": 90,
        "start_time": "2026-06-22T10:50:05",
        "end_time": "2026-06-22T10:50:10"
      },
      "geometry": {
        "type": "LineString",
        "coordinates": [
          [
            -89.30288608185947,
            43.08199726045132,
            269.8
          ],
          [
            -89.30287853814662,
            43.08193691074848,
            269.8
          ]
        ]
      }
    },
    {
      "type": "Feature",
      "properties": {
        "heart_rate": 92,
        "start_time": "2026-06-22T10:50:10",
        "end_time": "2026-06-22T10:50:17"
      },
      "geometry": {
        "type": "LineString",
        "coordinates": [
          [
            -89.30287853814662,
            43.08193691074848,
            269.8
          ],
          [
            -89.3029017560184,
            43.08189248666167,
            270.4
          ]
        ]
      }
    },
    {
      "type": "Feature",
      "properties": {
        "heart_rate": 93,
        "start_time": "2026-06-22T10:50:17",
        "end_time": "2026-06-22T10:50:31"
      },
      "geometry": {
        "type": "LineString",
        "coordinates": [
          [
            -89.3029017560184,
            43.08189248666167,
            270.4
          ],
          [
            -89.3028916977346,
            43.081931630149484,
            271.6
          ]
        ]
      }
    },
    {
      "type": "Feature",
      "properties": {
        "heart_rate": 92,
        "start_time": "2026-06-22T10:50:31",
        "end_time": "2026-06-22T10:50:32"
      },
      "geometry": {
        "type": "LineString",
        "coordinates": [
          [
            -89.3028916977346,
            43.081931630149484,
            271.6
          ],
          [
            -89.30288784205914,
            43.081950321793556,
            271.6
          ]
        ]
      }
    },
    {
      "type": "Feature",
      "properties": {
        "heart_rate": 90,
        "start_time": "2026-06-22T10:50:32",
        "end_time": "2026-06-22T10:50:37"
      },
      "geometry": {
        "type": "LineString",
        "coordinates": [
          [
            -89.30288784205914,
            43.081950321793556,
            271.6
          ],
          [
            -89.30289739742875,
            43.08201796375215,
            271.6
          ]
        ]
      }
    },
    {
      "type": "Feature",
      "properties": {
        "heart_rate": 90,
        "start_time": "2026-06-22T10:50:37",
        "end_time": "2026-06-22T10:50:43"
      },
      "geometry": {
        "type": "LineString",
        "coordinates": [
          [
            -89.30289739742875,
            43.08201796375215,
            271.6
          ],
          [
            -89.30289823561907,
            43.08209516108036,
            271.4
          ]
        ]
      }
    },
    {
      "type": "Feature",
      "properties": {
        "heart_rate": 88,
        "start_time": "2026-06-22T10:50:43",
        "end_time": "2026-06-22T10:50:48"
      },
      "geometry": {
        "type": "LineString",
        "coordinates": [
          [
            -89.30289823561907,
            43.08209516108036,
            271.4
          ],
          [
            -89.30287652648985,
            43.08216154575348,
            271.2
          ]
        ]
      }
    },
    {
      "type": "Feature",
      "properties": {
        "heart_rate": 84,
        "start_time": "2026-06-22T10:50:48",
        "end_time": "2026-06-22T10:50:52"
      },
      "geometry": {
        "type": "LineString",
        "coordinates": [
          [
            -89.30287652648985,
            43.08216154575348,
            271.2
          ],
          [
            -89.30286730639637,
            43.08221108280122,
            271.2
          ]
        ]
      }
    },
    {
      "type": "Feature",
      "properties": {
        "heart_rate": 82,
        "start_time": "2026-06-22T10:50:52",
        "end_time": "2026-06-22T10:50:57"
      },
      "geometry": {
        "type": "LineString",
        "coordinates": [
          [
            -89.30286730639637,
            43.08221108280122,
            271.2
          ],
          [
            -89.30286671966314,
            43.08226715773344,
            271.2
          ]
        ]
      }
    },
    {
      "type": "Feature",
      "properties": {
        "heart_rate": 79,
        "start_time": "2026-06-22T10:50:57",
        "end_time": "2026-06-22T10:50:59"
      },
      "geometry": {
        "type": "LineString",
        "coordinates": [
          [
            -89.30286671966314,
            43.08226715773344,
            271.2
          ],
          [
            -89.30287518538535,
            43.08227302506566,
            271.2
          ]
        ]
      }
    },
    {
      "type": "Feature",
      "properties": {
        "heart_rate": 77,
        "start_time": "2026-06-22T10:50:59",
        "end_time": "2026-06-22T10:51:00"
      },
      "geometry": {
        "type": "LineString",
        "coordinates": [
          [
            -89.30287518538535,
            43.08227302506566,
            271.2
          ],
          [
            -89.30288532748818,
            43.08228325098753,
            271.2
          ]
        ]
      }
    },
    {
      "type": "Feature",
      "properties": {
        "heart_rate": 74,
        "start_time": "2026-06-22T10:51:00",
        "end_time": "2026-06-22T10:51:03"
      },
      "geometry": {
        "type": "LineString",
        "coordinates": [
          [
            -89.30288532748818,
            43.08228325098753,
            271.2
          ],
          [
            -89.30289815180004,
            43.082332368940115,
            271.2
          ]
        ]
      }
    },
    {
      "type": "Feature",
      "properties": {
        "heart_rate": 72,
        "start_time": "2026-06-22T10:51:03",
        "end_time": "2026-06-22T10:51:08"
      },
      "geometry": {
        "type": "LineString",
        "coordinates": [
          [
            -89.30289815180004,
            43.082332368940115,
            271.2
          ],
          [
            -89.30290527641773,
            43.082379642874,
            269.8
          ]
        ]
      }
    },
    {
      "type": "Feature",
      "properties": {
        "heart_rate": 72,
        "start_time": "2026-06-22T10:51:08",
        "end_time": "2026-06-22T10:51:15"
      },
      "geometry": {
        "type": "LineString",
        "coordinates": [
          [
            -89.30290527641773,
            43.082379642874,
            269.8
          ],
          [
            -89.30289194919169,
            43.08248936198652,
            269.2
          ]
        ]
      }
    },
    {
      "type": "Feature",
      "properties": {
        "heart_rate": 72,
        "start_time": "2026-06-22T10:51:15",
        "end_time": "2026-06-22T10:51:16"
      },
      "geometry": {
        "type": "LineString",
        "coordinates": [
          [
            -89.30289194919169,
            43.08248936198652,
            269.2
          ],
          [
            -89.30289102718234,
            43.08250277303159,
            269.2
          ]
        ]
      }
    },
    {
      "type": "Feature",
      "properties": {
        "heart_rate": 70,
        "start_time": "2026-06-22T10:51:16",
        "end_time": "2026-06-22T10:51:24"
      },
      "geometry": {
        "type": "LineString",
        "coordinates": [
          [
            -89.30289102718234,
            43.08250277303159,
            269.2
          ],
          [
            -89.30287887342274,
            43.08257544413209,
            268.8
          ]
        ]
      }
    },
    {
      "type": "Feature",
      "properties": {
        "heart_rate": 70,
        "start_time": "2026-06-22T10:51:24",
        "end_time": "2026-06-22T10:51:25"
      },
      "geometry": {
        "type": "LineString",
        "coordinates": [
          [
            -89.30287887342274,
            43.08257544413209,
            268.8
          ],
          [
            -89.30287937633693,
            43.08257745578885,
            268.8
          ]
        ]
      }
    },
    {
      "type": "Feature",
      "properties": {
        "heart_rate": 72,
        "start_time": "2026-06-22T10:51:25",
        "end_time": "2026-06-22T10:51:29"
      },
      "geometry": {
        "type": "LineString",
        "coordinates": [
          [
            -89.30287937633693,
            43.08257745578885,
            268.8
          ],
          [
            -89.3028756044805,
            43.08264149352908,
            268.4
          ]
        ]
      }
    },
    {
      "type": "Feature",
      "properties": {
        "heart_rate": 71,
        "start_time": "2026-06-22T10:51:29",
        "end_time": "2026-06-22T10:51:34"
      },
      "geometry": {
        "type": "LineString",
        "coordinates": [
          [
            -89.3028756044805,
            43.08264149352908,
            268.4
          ],
          [
            -89.3028898537159,
            43.082698406651616,
            269.0
          ]
        ]
      }
    },
    {
      "type": "Feature",
      "properties": {
        "heart_rate": 68,
        "start_time": "2026-06-22T10:51:34",
        "end_time": "2026-06-22T10:51:38"
      },
      "geometry": {
        "type": "LineString",
        "coordinates": [
          [
            -89.3028898537159,
            43.082698406651616,
            269.0
          ],
          [
            -89.30289630778134,
            43.08275875635445,
            270.2
          ]
        ]
      }
    },
    {
      "type": "Feature",
      "properties": {
        "heart_rate": 66,
        "start_time": "2026-06-22T10:51:38",
        "end_time": "2026-06-22T10:51:44"
      },
      "geometry": {
        "type": "LineString",
        "coordinates": [
          [
            -89.30289630778134,
            43.08275875635445,
            270.2
          ],
          [
            -89.30288708768785,
            43.082835702225566,
            270.8
          ]
        ]
      }
    },
    {
      "type": "Feature",
      "properties": {
        "heart_rate": 66,
        "start_time": "2026-06-22T10:51:44",
        "end_time": "2026-06-22T10:51:50"
      },
      "geometry": {
        "type": "LineString",
        "coordinates": [
          [
            -89.30288708768785,
            43.082835702225566,
            270.8
          ],
          [
            -89.30289496667683,
            43.0828823056072,
            270.2
          ]
        ]
      }
    },
    {
      "type": "Feature",
      "properties": {
        "heart_rate": 66,
        "start_time": "2026-06-22T10:51:50",
        "end_time": "2026-06-22T10:51:55"
      },
      "geometry": {
        "type": "LineString",
        "coordinates": [
          [
            -89.30289496667683,
            43.0828823056072,
            270.2
          ],
          [
            -89.30291667580605,
            43.082922203466296,
            269.8
          ]
        ]
      }
    },
    {
      "type": "Feature",
      "properties": {
        "heart_rate": 62,
        "start_time": "2026-06-22T10:51:55",
        "end_time": "2026-06-22T10:52:00"
      },
      "geometry": {
        "type": "LineString",
        "coordinates": [
          [
            -89.30291667580605,
            43.082922203466296,
            269.8
          ],
          [
            -89.30301398970187,
            43.082956317812204,
            269.2
          ]
        ]
      }
    },
    {
      "type": "Feature",
      "properties": {
        "heart_rate": 60,
        "start_time": "2026-06-22T10:52:00",
        "end_time": "2026-06-22T10:52:03"
      },
      "geometry": {
        "type": "LineString",
        "coordinates": [
          [
            -89.30301398970187,
            43.082956317812204,
            269.2
          ],
          [
            -89.30306838825345,
            43.082971991971135,
            269.2
          ]
        ]
      }
    },
    {
      "type": "Feature",
      "properties": {
        "heart_rate": 58,
        "start_time": "2026-06-22T10:52:03",
        "end_time": "2026-06-22T10:52:06"
      },
      "geometry": {
        "type": "LineString",
        "coordinates": [
          [
            -89.30306838825345,
            43.082971991971135,
            269.2
          ],
          [
            -89.30312873795629,
            43.082990013062954,
            269.2
          ]
        ]
      }
    },
    {
      "type": "Feature",
      "properties": {
        "heart_rate": 54,
        "start_time": "2026-06-22T10:52:06",
        "end_time": "2026-06-22T10:52:12"
      },
      "geometry": {
        "type": "LineString",
        "coordinates": [
          [
            -89.30312873795629,
            43.082990013062954,
            269.2
          ],
          [
            -89.3032146524638,
            43.083032425493,
            269.2
          ]
        ]
      }
    },
    {
      "type": "Feature",
      "properties": {
        "heart_rate": 56,
        "start_time": "2026-06-22T10:52:12",
        "end_time": "2026-06-22T10:52:13"
      },
      "geometry": {
        "type": "LineString",
        "coordinates": [
          [
            -89.3032146524638,
            43.083032425493,
            269.2
          ],
          [
            -89.30321733467281,
            43.083038963377476,
            269.2
          ]
        ]
      }
    },
    {
      "type": "Feature",
      "properties": {
        "heart_rate": 58,
        "start_time": "2026-06-22T10:52:13",
        "end_time": "2026-06-22T10:52:20"
      },
      "geometry": {
        "type": "LineString",
        "coordinates": [
          [
            -89.30321733467281,
            43.083038963377476,
            269.2
          ],
          [
            -89.30322856642306,
            43.083059415221214,
            269.0
          ]
        ]
      }
    },
    {
      "type": "Feature",
      "properties": {
        "heart_rate": 58,
        "start_time": "2026-06-22T10:52:20",
        "end_time": "2026-06-22T10:52:25"
      },
      "geometry": {
        "type": "LineString",
        "coordinates": [
          [
            -89.30322856642306,
            43.083059415221214,
            269.0
          ],
          [
            -89.30322823114693,
            43.083130829036236,
            269.0
          ]
        ]
      }
    },
    {
      "type": "Feature",
      "properties": {
        "heart_rate": 60,
        "start_time": "2026-06-22T10:52:25",
        "end_time": "2026-06-22T10:52:28"
      },
      "geometry": {
        "type": "LineString",
        "coordinates": [
          [
            -89.30322823114693,
            43.083130829036236,
            269.0
          ],
          [
            -89.30322303436697,
            43.08315387926996,
            269.0
          ]
        ]
      }
    },
    {
      "type": "Feature",
      "properties": {
        "heart_rate": 60,
        "start_time": "2026-06-22T10:52:28",
        "end_time": "2026-06-22T10:52:29"
      },
      "geometry": {
        "type": "LineString",
        "coordinates": [
          [
            -89.30322303436697,
            43.08315387926996,
            269.0
          ],
          [
            -89.30322663858533,
            43.08315890841186,
            269.0
          ]
        ]
      }
    },
    {
      "type": "Feature",
      "properties": {
        "heart_rate": 58,
        "start_time": "2026-06-22T10:52:29",
        "end_time": "2026-06-22T10:52:32"
      },
      "geometry": {
        "type": "LineString",
        "coordinates": [
          [
            -89.30322663858533,
            43.08315890841186,
            269.0
          ],
          [
            -89.30323887616396,
            43.083209954202175,
            270.0
          ]
        ]
      }
    },
    {
      "type": "Feature",
      "properties": {
        "heart_rate": 60,
        "start_time": "2026-06-22T10:52:32",
        "end_time": "2026-06-22T10:52:35"
      },
      "geometry": {
        "type": "LineString",
        "coordinates": [
          [
            -89.30323887616396,
            43.083209954202175,
            270.0
          ],
          [
            -89.30324457585812,
            43.08325714431703,
            270.8
          ]
        ]
      }
    },
    {
      "type": "Feature",
      "properties": {
        "heart_rate": 63,
        "start_time": "2026-06-22T10:52:35",
        "end_time": "2026-06-22T10:52:37"
      },
      "geometry": {
        "type": "LineString",
        "coordinates": [
          [
            -89.30324457585812,
            43.08325714431703,
            270.8
          ],
          [
            -89.30324331857264,
            43.083281284198165,
            271.2
          ]
        ]
      }
    },
    {
      "type": "Feature",
      "properties": {
        "heart_rate": 64,
        "start_time": "2026-06-22T10:52:37",
        "end_time": "2026-06-22T10:52:38"
      },
      "geometry": {
        "type": "LineString",
        "coordinates": [
          [
            -89.30324331857264,
            43.083281284198165,
            271.2
          ],
          [
            -89.303241642192,
            43.083292515948415,
            271.4
          ]
        ]
      }
    },
    {
      "type": "Feature",
      "properties": {
        "heart_rate": 66,
        "start_time": "2026-06-22T10:52:38",
        "end_time": "2026-06-22T10:52:39"
      },
      "geometry": {
        "type": "LineString",
        "coordinates": [
          [
            -89.303241642192,
            43.083292515948415,
            271.4
          ],
          [
            -89.30324122309685,
            43.08330601081252,
            271.4
          ]
        ]
      }
    },
    {
      "type": "Feature",
      "properties": {
        "heart_rate": 66,
        "start_time": "2026-06-22T10:52:39",
        "end_time": "2026-06-22T10:52:40"
      },
      "geometry": {
        "type": "LineString",
        "coordinates": [
          [
            -89.30324122309685,
            43.08330601081252,
            271.4
          ],
          [
            -89.303241642192,
            43.08331858366728,
            271.6
          ]
        ]
      }
    },
    {
      "type": "Feature",
      "properties": {
        "heart_rate": 66,
        "start_time": "2026-06-22T10:52:40",
        "end_time": "2026-06-22T10:52:45"
      },
      "geometry": {
        "type": "LineString",
        "coordinates": [
          [
            -89.303241642192,
            43.08331858366728,
            271.6
          ],
          [
            -89.30324885062873,
            43.08338010683656,
            271.8
          ]
        ]
      }
    },
    {
      "type": "Feature",
      "properties": {
        "heart_rate": 68,
        "start_time": "2026-06-22T10:52:45",
        "end_time": "2026-06-22T10:52:48"
      },
      "geometry": {
        "type": "LineString",
        "coordinates": [
          [
            -89.30324885062873,
            43.08338010683656,
            271.8
          ],
          [
            -89.30325899273157,
            43.083398044109344,
            271.6
          ]
        ]
      }
    },
    {
      "type": "Feature",
      "properties": {
        "heart_rate": 70,
        "start_time": "2026-06-22T10:52:48",
        "end_time": "2026-06-22T10:52:51"
      },
      "geometry": {
        "type": "LineString",
        "coordinates": [
          [
            -89.30325899273157,
            43.083398044109344,
            271.6
          ],
          [
            -89.30325262248516,
            43.08343048207462,
            271.2
          ]
        ]
      }
    },
    {
      "type": "Feature",
      "properties": {
        "heart_rate": 71,
        "start_time": "2026-06-22T10:52:51",
        "end_time": "2026-06-22T10:52:55"
      },
      "geometry": {
        "type": "LineString",
        "coordinates": [
          [
            -89.30325262248516,
            43.08343048207462,
            271.2
          ],
          [
            -89.30324474349618,
            43.08348395861685,
            270.4
          ]
        ]
      }
    },
    {
      "type": "Feature",
      "properties": {
        "heart_rate": 67,
        "start_time": "2026-06-22T10:52:55",
        "end_time": "2026-06-22T10:53:02"
      },
      "geometry": {
        "type": "LineString",
        "coordinates": [
          [
            -89.30324474349618,
            43.08348395861685,
            270.4
          ],
          [
            -89.30325974710286,
            43.0835644248873,
            270.2
          ]
        ]
      }
    },
    {
      "type": "Feature",
      "properties": {
        "heart_rate": 62,
        "start_time": "2026-06-22T10:53:02",
        "end_time": "2026-06-22T10:53:03"
      },
      "geometry": {
        "type": "LineString",
        "coordinates": [
          [
            -89.30325974710286,
            43.0835644248873,
            270.2
          ],
          [
            -89.30325974710286,
            43.08356920257211,
            270.2
          ]
        ]
      }
    },
    {
      "type": "Feature",
      "properties": {
        "heart_rate": 61,
        "start_time": "2026-06-22T10:53:03",
        "end_time": "2026-06-22T10:53:09"
      },
      "geometry": {
        "type": "LineString",
        "coordinates": [
          [
            -89.30325974710286,
            43.08356920257211,
            270.2
          ],
          [
            -89.30324516259134,
            43.08364598080516,
            270.4
          ]
        ]
      }
    },
    {
      "type": "Feature",
      "properties": {
        "heart_rate": 60,
        "start_time": "2026-06-22T10:53:09",
        "end_time": "2026-06-22T10:53:17"
      },
      "geometry": {
        "type": "LineString",
        "coordinates": [
          [
            -89.30324516259134,
            43.08364598080516,
            270.4
          ],
          [
            -89.3032366130501,
            43.08368990197778,
            271.0
          ]
        ]
      }
    },
    {
      "type": "Feature",
      "properties": {
        "heart_rate": 59,
        "start_time": "2026-06-22T10:53:17",
        "end_time": "2026-06-22T10:53:27"
      },
      "geometry": {
        "type": "LineString",
        "coordinates": [
          [
            -89.3032366130501,
            43.08368990197778,
            271.0
          ],
          [
            -89.30324818007648,
            43.083702474832535,
            272.4
          ]
        ]
      }
    },
    {
      "type": "Feature",
      "properties": {
        "heart_rate": 60,
        "start_time": "2026-06-22T10:53:27",
        "end_time": "2026-06-22T10:53:39"
      },
      "geometry": {
        "type": "LineString",
        "coordinates": [
          [
            -89.30324818007648,
            43.083702474832535,
            272.4
          ],
          [
            -89.30324868299067,
            43.083702977746725,
            272.8
          ]
        ]
      }
    },
    {
      "type": "Feature",
      "properties": {
        "heart_rate": 64,
        "start_time": "2026-06-22T10:53:39",
        "end_time": "2026-06-22T10:53:47"
      },
      "geometry": {
        "type": "LineString",
        "coordinates": [
          [
            -89.30324868299067,
            43.083702977746725,
            272.8
          ],
          [
            -89.3032487668097,
            43.083702977746725,
            272.8
          ]
        ]
      }
    },
    {
      "type": "Feature",
      "properties": {
        "heart_rate": 66,
        "start_time": "2026-06-22T10:53:47",
        "end_time": "2026-06-22T10:53:50"
      },
      "geometry": {
        "type": "LineString",
        "coordinates": [
          [
            -89.3032487668097,
            43.083702977746725,
            272.8
          ],
          [
            -89.3032487668097,
            43.083702977746725,
            272.8
          ]
        ]
      }
    },
    {
      "type": "Feature",
      "properties": {
        "heart_rate": 70,
        "start_time": "2026-06-22T10:53:50",
        "end_time": "2026-06-22T10:53:57"
      },
      "geometry": {
        "type": "LineString",
        "coordinates": [
          [
            -89.3032487668097,
            43.083702977746725,
            272.8
          ],
          [
            -89.30324893444777,
            43.083702977746725,
            272.8
          ]
        ]
      }
    },
    {
      "type": "Feature",
      "properties": {
        "heart_rate": 72,
        "start_time": "2026-06-22T10:53:57",
        "end_time": "2026-06-22T10:54:13"
      },
      "geometry": {
        "type": "LineString",
        "coordinates": [
          [
            -89.30324893444777,
            43.083702977746725,
            272.8
          ],
          [
            -89.30324943736196,
            43.08370121754706,
            272.8
          ]
        ]
      }
    },
    {
      "type": "Feature",
      "properties": {
        "heart_rate": 74,
        "start_time": "2026-06-22T10:54:13",
        "end_time": "2026-06-22T10:54:21"
      },
      "geometry": {
        "type": "LineString",
        "coordinates": [
          [
            -89.30324943736196,
            43.08370121754706,
            272.8
          ],
          [
            -89.30326008237898,
            43.083747988566756,
            272.8
          ]
        ]
      }
    },
    {
      "type": "Feature",
      "properties": {
        "heart_rate": 74,
        "start_time": "2026-06-22T10:54:21",
        "end_time": "2026-06-22T10:54:26"
      },
      "geometry": {
        "type": "LineString",
        "coordinates": [
          [
            -89.30326008237898,
            43.083747988566756,
            272.8
          ],
          [
            -89.30328422226012,
            43.083792915567756,
            272.2
          ]
        ]
      }
    },
    {
      "type": "Feature",
      "properties": {
        "heart_rate": 75,
        "start_time": "2026-06-22T10:54:26",
        "end_time": "2026-06-22T10:54:28"
      },
      "geometry": {
        "type": "LineString",
        "coordinates": [
          [
            -89.30328422226012,
            43.083792915567756,
            272.2
          ],
          [
            -89.30330157279968,
            43.08380540460348,
            271.8
          ]
        ]
      }
    },
    {
      "type": "Feature",
      "properties": {
        "heart_rate": 76,
        "start_time": "2026-06-22T10:54:28",
        "end_time": "2026-06-22T10:54:34"
      },
      "geometry": {
        "type": "LineString",
        "coordinates": [
          [
            -89.30330157279968,
            43.08380540460348,
            271.8
          ],
          [
            -89.30333484895527,
            43.08383801020682,
            271.0
          ]
        ]
      }
    },
    {
      "type": "Feature",
      "properties": {
        "heart_rate": 76,
        "start_time": "2026-06-22T10:54:34",
        "end_time": "2026-06-22T10:54:40"
      },
      "geometry": {
        "type": "LineString",
        "coordinates": [
          [
            -89.30333484895527,
            43.08383801020682,
            271.0
          ],
          [
            -89.30342193692923,
            43.08389416895807,
            270.8
          ]
        ]
      }
    },
    {
      "type": "Feature",
      "properties": {
        "heart_rate": null,
        "start_time": "2026-06-22T10:54:40",
        "end_time": "2026-06-22T10:54:48"
      },
      "geometry": {
        "type": "LineString",
        "coordinates": [
          [
            -89.30342193692923,
            43.08389416895807,
            270.8
          ],
          [
            -89.30353811010718,
            43.08395938016474,
            269.6
          ]
        ]
      }
    },
    {
      "type": "Feature",
      "properties": {
        "heart_rate": null,
        "start_time": "2026-06-22T10:54:48",
        "end_time": "2026-06-22T10:54:54"
      },
      "geometry": {
        "type": "LineString",
        "coordinates": [
          [
            -89.30353811010718,
            43.08395938016474,
            269.6
          ],
          [
            -89.30360466241837,
            43.0840081628412,
            269.0
          ]
        ]
      }
    },
    {
      "type": "Feature",
      "properties": {
        "heart_rate": null,
        "start_time": "2026-06-22T10:54:54",
        "end_time": "2026-06-22T10:55:03"
      },
      "geometry": {
        "type": "LineString",
        "coordinates": [
          [
            -89.30360466241837,
            43.0840081628412,
            269.0
          ],
          [
            -89.30374464020133,
            43.08404948562384,
            268.4
          ]
        ]
      }
    },
    {
      "type": "Feature",
      "properties": {
        "heart_rate": null,
        "start_time": "2026-06-22T10:55:03",
        "end_time": "2026-06-22T10:55:10"
      },
      "geometry": {
        "type": "LineString",
        "coordinates": [
          [
            -89.30374464020133,
            43.08404948562384,
            268.4
          ],
          [
            -89.3037878908217,
            43.08405174873769,
            267.8
          ]
        ]
      }
    },
    {
      "type": "Feature",
      "properties": {
        "heart_rate": null,
        "start_time": "2026-06-22T10:55:10",
        "end_time": "2026-06-22T10:55:18"
      },
      "geometry": {
        "type": "LineString",
        "coordinates": [
          [
            -89.3037878908217,
            43.08405174873769,
            267.8
          ],
          [
            -89.30381186306477,
            43.08404470793903,
            267.2
          ]
        ]
      }
    },
    {
      "type": "Feature",
      "properties": {
        "heart_rate": null,
        "start_time": "2026-06-22T10:55:18",
        "end_time": "2026-06-22T10:55:41"
      },
      "geometry": {
        "type": "LineString",
        "coordinates": [
          [
            -89.30381186306477,
            43.08404470793903,
            267.2
          ],
          [
            -89.30388143286109,
            43.08403850533068,
            266.8
          ]
        ]
      }
    },
    {
      "type": "Feature",
      "properties": {
        "heart_rate": null,
        "start_time": "2026-06-22T10:55:41",
        "end_time": "2026-06-22T10:55:49"
      },
      "geometry": {
        "type": "LineString",
        "coordinates": [
          [
            -89.30388143286109,
            43.08403850533068,
            266.8
          ],
          [
            -89.30398721247911,
            43.084054766222835,
            267.4
          ]
        ]
      }
    },
    {
      "type": "Feature",
      "properties": {
        "heart_rate": null,
        "start_time": "2026-06-22T10:55:49",
        "end_time": "2026-06-22T10:56:06"
      },
      "geometry": {
        "type": "LineString",
        "coordinates": [
          [
            -89.30398721247911,
            43.084054766222835,
            267.4
          ],
          [
            -89.30399534292519,
            43.084054347127676,
            269.2
          ]
        ]
      }
    },
    {
      "type": "Feature",
      "properties": {
        "heart_rate": null,
        "start_time": "2026-06-22T10:56:06",
        "end_time": "2026-06-22T10:56:37"
      },
      "geometry": {
        "type": "LineString",
        "coordinates": [
          [
            -89.30399534292519,
            43.084054347127676,
            269.2
          ],
          [
            -89.30411470122635,
            43.08405023999512,
            269.8
          ]
        ]
      }
    },
    {
      "type": "Feature",
      "properties": {
        "heart_rate": null,
        "start_time": "2026-06-22T10:56:37",
        "end_time": "2026-06-22T10:56:44"
      },
      "geometry": {
        "type": "LineString",
        "coordinates": [
          [
            -89.30411470122635,
            43.08405023999512,
            269.8
          ],
          [
            -89.3042345624417,
            43.0840514972806,
            270.0
          ]
        ]
      }
    },
    {
      "type": "Feature",
      "properties": {
        "heart_rate": null,
        "start_time": "2026-06-22T10:56:44",
        "end_time": "2026-06-22T10:56:55"
      },
      "geometry": {
        "type": "LineString",
        "coordinates": [
          [
            -89.3042345624417,
            43.0840514972806,
            270.0
          ],
          [
            -89.30422861129045,
            43.084048479795456,
            270.0
          ]
        ]
      }
    },
    {
      "type": "Feature",
      "properties": {
        "heart_rate": null,
        "start_time": "2026-06-22T10:56:55",
        "end_time": "2026-06-22T10:57:03"
      },
      "geometry": {
        "type": "LineString",
        "coordinates": [
          [
            -89.30422861129045,
            43.084048479795456,
            270.0
          ],
          [
            -89.30430128239095,
            43.084050323814154,
            269.8
          ]
        ]
      }
    },
    {
      "type": "Feature",
      "properties": {
        "heart_rate": null,
        "start_time": "2026-06-22T10:57:03",
        "end_time": "2026-06-22T10:57:15"
      },
      "geometry": {
        "type": "LineString",
        "coordinates": [
          [
            -89.30430128239095,
            43.084050323814154,
            269.8
          ],
          [
            -89.30451828986406,
            43.084047473967075,
            269.2
          ]
        ]
      }
    },
    {
      "type": "Feature",
      "properties": {
        "heart_rate": null,
        "start_time": "2026-06-22T10:57:15",
        "end_time": "2026-06-22T10:57:27"
      },
      "geometry": {
        "type": "LineString",
        "coordinates": [
          [
            -89.30451828986406,
            43.084047473967075,
            269.2
          ],
          [
            -89.30471719242632,
            43.084044540300965,
            269.4
          ]
        ]
      }
    },
    {
      "type": "Feature",
      "properties": {
        "heart_rate": null,
        "start_time": "2026-06-22T10:57:27",
        "end_time": "2026-06-22T10:57:28"
      },
      "geometry": {
        "type": "LineString",
        "coordinates": [
          [
            -89.30471719242632,
            43.084044540300965,
            269.4
          ],
          [
            -89.30472490377724,
            43.084046468138695,
            269.6
          ]
        ]
      }
    },
    {
      "type": "Feature",
      "properties": {
        "heart_rate": null,
        "start_time": "2026-06-22T10:57:28",
        "end_time": "2026-06-22T10:57:29"
      },
      "geometry": {
        "type": "LineString",
        "coordinates": [
          [
            -89.30472490377724,
            43.084046468138695,
            269.6
          ],
          [
            -89.30473119020462,
            43.0840462166816,
            269.6
          ]
        ]
      }
    },
    {
      "type": "Feature",
      "properties": {
        "heart_rate": null,
        "start_time": "2026-06-22T10:57:29",
        "end_time": "2026-06-22T10:57:32"
      },
      "geometry": {
        "type": "LineString",
        "coordinates": [
          [
            -89.30473119020462,
            43.0840462166816,
            269.6
          ],
          [
            -89.30473705753684,
            43.084039594978094,
            269.2
          ]
        ]
      }
    },
    {
      "type": "Feature",
      "properties": {
        "heart_rate": null,
        "start_time": "2026-06-22T10:57:32",
        "end_time": "2026-06-22T10:57:40"
      },
      "geometry": {
        "type": "LineString",
        "coordinates": [
          [
            -89.30473705753684,
            43.084039594978094,
            269.2
          ],
          [
            -89.30480184964836,
            43.08402710594237,
            268.4
          ]
        ]
      }
    },
    {
      "type": "Feature",
      "properties": {
        "heart_rate": null,
        "start_time": "2026-06-22T10:57:40",
        "end_time": "2026-06-22T10:57:45"
      },
      "geometry": {
        "type": "LineString",
        "coordinates": [
          [
            -89.30480184964836,
            43.08402710594237,
            268.4
          ],
          [
            -89.30485432036221,
            43.08402760885656,
            268.0
          ]
        ]
      }
    },
    {
      "type": "Feature",
      "properties": {
        "heart_rate": null,
        "start_time": "2026-06-22T10:57:45",
        "end_time": "2026-06-22T10:57:55"
      },
      "geometry": {
        "type": "LineString",
        "coordinates": [
          [
            -89.30485432036221,
            43.08402760885656,
            268.0
          ],
          [
            -89.30498331785202,
            43.08402358554304,
            267.4
          ]
        ]
      }
    },
    {
      "type": "Feature",
      "properties": {
        "heart_rate": null,
        "start_time": "2026-06-22T10:57:55",
        "end_time": "2026-06-22T10:58:00"
      },
      "geometry": {
        "type": "LineString",
        "coordinates": [
          [
            -89.30498331785202,
            43.08402358554304,
            267.4
          ],
          [
            -89.30500393733382,
            43.084022495895624,
            267.4
          ]
        ]
      }
    },
    {
      "type": "Feature",
      "properties": {
        "heart_rate": null,
        "start_time": "2026-06-22T10:58:00",
        "end_time": "2026-06-22T10:58:22"
      },
      "geometry": {
        "type": "LineString",
        "coordinates": [
          [
            -89.30500393733382,
            43.084022495895624,
            267.4
          ],
          [
            -89.3050168454647,
            43.08402048423886,
            267.8
          ]
        ]
      }
    },
    {
      "type": "Feature",
      "properties": {
        "heart_rate": null,
        "start_time": "2026-06-22T10:58:22",
        "end_time": "2026-06-22T10:58:41"
      },
      "geometry": {
        "type": "LineString",
        "coordinates": [
          [
            -89.3050168454647,
            43.08402048423886,
            267.8
          ],
          [
            -89.30509462952614,
            43.08401486836374,
            268.0
          ]
        ]
      }
    },
    {
      "type": "Feature",
      "properties": {
        "heart_rate": null,
        "start_time": "2026-06-22T10:58:41",
        "end_time": "2026-06-22T10:58:47"
      },
      "geometry": {
        "type": "LineString",
        "coordinates": [
          [
            -89.30509462952614,
            43.08401486836374,
            268.0
          ],
          [
            -89.30523242801428,
            43.08401947841048,
            268.0
          ]
        ]
      }
    },
    {
      "type": "Feature",
      "properties": {
        "heart_rate": null,
        "start_time": "2026-06-22T10:58:47",
        "end_time": "2026-06-22T10:58:56"
      },
      "geometry": {
        "type": "LineString",
        "coordinates": [
          [
            -89.30523242801428,
            43.08401947841048,
            268.0
          ],
          [
            -89.30537232197821,
            43.08400615118444,
            268.4
          ]
        ]
      }
    },
    {
      "type": "Feature",
      "properties": {
        "heart_rate": null,
        "start_time": "2026-06-22T10:58:56",
        "end_time": "2026-06-22T10:58:57"
      },
      "geometry": {
        "type": "LineString",
        "coordinates": [
          [
            -89.30537232197821,
            43.08400615118444,
            268.4
          ],
          [
            -89.30538640357554,
            43.084011347964406,
            268.4
          ]
        ]
      }
    },
    {
      "type": "Feature",
      "properties": {
        "heart_rate": null,
        "start_time": "2026-06-22T10:58:57",
        "end_time": "2026-06-22T10:59:04"
      },
      "geometry": {
        "type": "LineString",
        "coordinates": [
          [
            -89.30538640357554,
            43.084011347964406,
            268.4
          ],
          [
            -89.3054230324924,
            43.084024004638195,
            269.0
          ]
        ]
      }
    },
    {
      "type": "Feature",
      "properties": {
        "heart_rate": null,
        "start_time": "2026-06-22T10:59:04",
        "end_time": "2026-06-22T10:59:12"
      },
      "geometry": {
        "type": "LineString",
        "coordinates": [
          [
            -89.3054230324924,
            43.084024004638195,
            269.0
          ],
          [
            -89.30548044852912,
            43.08401486836374,
            269.0
          ]
        ]
      }
    },
    {
      "type": "Feature",
      "properties": {
        "heart_rate": null,
        "start_time": "2026-06-22T10:59:12",
        "end_time": "2026-06-22T10:59:20"
      },
      "geometry": {
        "type": "LineString",
        "coordinates": [
          [
            -89.30548044852912,
            43.08401486836374,
            269.0
          ],
          [
            -89.30563056841493,
            43.08401511982083,
            268.2
          ]
        ]
      }
    },
    {
      "type": "Feature",
      "properties": {
        "heart_rate": null,
        "start_time": "2026-06-22T10:59:20",
        "end_time": "2026-06-22T10:59:27"
      },
      "geometry": {
        "type": "LineString",
        "coordinates": [
          [
            -89.30563056841493,
            43.08401511982083,
            268.2
          ],
          [
            -89.30570374242961,
            43.083999697119,
            268.0
          ]
        ]
      }
    },
    {
      "type": "Feature",
      "properties": {
        "heart_rate": null,
        "start_time": "2026-06-22T10:59:27",
        "end_time": "2026-06-22T10:59:37"
      },
      "geometry": {
        "type": "LineString",
        "coordinates": [
          [
            -89.30570374242961,
            43.083999697119,
            268.0
          ],
          [
            -89.30576585233212,
            43.084003049880266,
            267.4
          ]
        ]
      }
    },
    {
      "type": "Feature",
      "properties": {
        "heart_rate": null,
        "start_time": "2026-06-22T10:59:37",
        "end_time": "2026-06-22T10:59:42"
      },
      "geometry": {
        "type": "LineString",
        "coordinates": [
          [
            -89.30576585233212,
            43.084003049880266,
            267.4
          ],
          [
            -89.30577591061592,
            43.084000619128346,
            267.2
          ]
        ]
      }
    },
    {
      "type": "Feature",
      "properties": {
        "heart_rate": null,
        "start_time": "2026-06-22T10:59:42",
        "end_time": "2026-06-22T10:59:57"
      },
      "geometry": {
        "type": "LineString",
        "coordinates": [
          [
            -89.30577591061592,
            43.084000619128346,
            267.2
          ],
          [
            -89.3058429658413,
            43.08400464244187,
            267.0
          ]
        ]
      }
    },
    {
      "type": "Feature",
      "properties": {
        "heart_rate": null,
        "start_time": "2026-06-22T10:59:57",
        "end_time": "2026-06-22T11:00:03"
      },
      "geometry": {
        "type": "LineString",
        "coordinates": [
          [
            -89.3058429658413,
            43.08400464244187,
            267.0
          ],
          [
            -89.30591530166566,
            43.08400648646057,
            267.6
          ]
        ]
      }
    },
    {
      "type": "Feature",
      "properties": {
        "heart_rate": null,
        "start_time": "2026-06-22T11:00:03",
        "end_time": "2026-06-22T11:00:08"
      },
      "geometry": {
        "type": "LineString",
        "coordinates": [
          [
            -89.30591530166566,
            43.08400648646057,
            267.6
          ],
          [
            -89.30596131831408,
            43.08400162495673,
            268.2
          ]
        ]
      }
    },
    {
      "type": "Feature",
      "properties": {
        "heart_rate": null,
        "start_time": "2026-06-22T11:00:08",
        "end_time": "2026-06-22T11:00:15"
      },
      "geometry": {
        "type": "LineString",
        "coordinates": [
          [
            -89.30596131831408,
            43.08400162495673,
            268.2
          ],
          [
            -89.30596299469471,
            43.083997182548046,
            268.8
          ]
        ]
      }
    },
    {
      "type": "Feature",
      "properties": {
        "heart_rate": null,
        "start_time": "2026-06-22T11:00:15",
        "end_time": "2026-06-22T11:00:54"
      },
      "geometry": {
        "type": "LineString",
        "coordinates": [
          [
            -89.30596299469471,
            43.083997182548046,
            268.8
          ],
          [
            -89.30602963082492,
            43.08399206958711,
            268.2
          ]
        ]
      }
    },
    {
      "type": "Feature",
      "properties": {
        "heart_rate": null,
        "start_time": "2026-06-22T11:00:54",
        "end_time": "2026-06-22T11:00:59"
      },
      "geometry": {
        "type": "LineString",
        "coordinates": [
          [
            -89.30602963082492,
            43.08399206958711,
            268.2
          ],
          [
            -89.30614354088902,
            43.08399986475706,
            268.2
          ]
        ]
      }
    },
    {
      "type": "Feature",
      "properties": {
        "heart_rate": null,
        "start_time": "2026-06-22T11:00:59",
        "end_time": "2026-06-22T11:01:09"
      },
      "geometry": {
        "type": "LineString",
        "coordinates": [
          [
            -89.30614354088902,
            43.08399986475706,
            268.2
          ],
          [
            -89.30632207542658,
            43.08400799520314,
            267.8
          ]
        ]
      }
    },
    {
      "type": "Feature",
      "properties": {
        "heart_rate": null,
        "start_time": "2026-06-22T11:01:09",
        "end_time": "2026-06-22T11:01:16"
      },
      "geometry": {
        "type": "LineString",
        "coordinates": [
          [
            -89.30632207542658,
            43.08400799520314,
            267.8
          ],
          [
            -89.3063316307962,
            43.08400849811733,
            267.6
          ]
        ]
      }
    },
    {
      "type": "Feature",
      "properties": {
        "heart_rate": null,
        "start_time": "2026-06-22T11:01:16",
        "end_time": "2026-06-22T11:01:23"
      },
      "geometry": {
        "type": "LineString",
        "coordinates": [
          [
            -89.3063316307962,
            43.08400849811733,
            267.6
          ],
          [
            -89.30641880258918,
            43.083996595814824,
            267.4
          ]
        ]
      }
    },
    {
      "type": "Feature",
      "properties": {
        "heart_rate": null,
        "start_time": "2026-06-22T11:01:23",
        "end_time": "2026-06-22T11:01:30"
      },
      "geometry": {
        "type": "LineString",
        "coordinates": [
          [
            -89.30641880258918,
            43.083996595814824,
            267.4
          ],
          [
            -89.3065401725471,
            43.0839962605387,
            267.4
          ]
        ]
      }
    },
    {
      "type": "Feature",
      "properties": {
        "heart_rate": null,
        "start_time": "2026-06-22T11:01:30",
        "end_time": "2026-06-22T11:01:38"
      },
      "geometry": {
        "type": "LineString",
        "coordinates": [
          [
            -89.3065401725471,
            43.0839962605387,
            267.4
          ],
          [
            -89.30666824802756,
            43.08397689834237,
            267.4
          ]
        ]
      }
    },
    {
      "type": "Feature",
      "properties": {
        "heart_rate": null,
        "start_time": "2026-06-22T11:01:38",
        "end_time": "2026-06-22T11:01:39"
      },
      "geometry": {
        "type": "LineString",
        "coordinates": [
          [
            -89.30666824802756,
            43.08397689834237,
            267.4
          ],
          [
            -89.30668283253908,
            43.0839788261801,
            267.4
          ]
        ]
      }
    },
    {
      "type": "Feature",
      "properties": {
        "heart_rate": null,
        "start_time": "2026-06-22T11:01:39",
        "end_time": "2026-06-22T11:01:46"
      },
      "geometry": {
        "type": "LineString",
        "coordinates": [
          [
            -89.30668283253908,
            43.0839788261801,
            267.4
          ],
          [
            -89.3067973293364,
            43.08396642096341,
            266.8
          ]
        ]
      }
    },
    {
      "type": "Feature",
      "properties": {
        "heart_rate": null,
        "start_time": "2026-06-22T11:01:46",
        "end_time": "2026-06-22T11:01:48"
      },
      "geometry": {
        "type": "LineString",
        "coordinates": [
          [
            -89.3067973293364,
            43.08396642096341,
            266.8
          ],
          [
            -89.30681727826595,
            43.08397488668561,
            266.6
          ]
        ]
      }
    },
    {
      "type": "Feature",
      "properties": {
        "heart_rate": null,
        "start_time": "2026-06-22T11:01:48",
        "end_time": "2026-06-22T11:01:52"
      },
      "geometry": {
        "type": "LineString",
        "coordinates": [
          [
            -89.30681727826595,
            43.08397488668561,
            266.6
          ],
          [
            -89.30689254775643,
            43.083981005474925,
            266.8
          ]
        ]
      }
    },
    {
      "type": "Feature",
      "properties": {
        "heart_rate": null,
        "start_time": "2026-06-22T11:01:52",
        "end_time": "2026-06-22T11:02:01"
      },
      "geometry": {
        "type": "LineString",
        "coordinates": [
          [
            -89.30689254775643,
            43.083981005474925,
            266.8
          ],
          [
            -89.30704384110868,
            43.08396818116307,
            267.2
          ]
        ]
      }
    },
    {
      "type": "Feature",
      "properties": {
        "heart_rate": null,
        "start_time": "2026-06-22T11:02:01",
        "end_time": "2026-06-22T11:02:02"
      },
      "geometry": {
        "type": "LineString",
        "coordinates": [
          [
            -89.30704384110868,
            43.08396818116307,
            267.2
          ],
          [
            -89.30704660713673,
            43.08395678177476,
            267.2
          ]
        ]
      }
    },
    {
      "type": "Feature",
      "properties": {
        "heart_rate": null,
        "start_time": "2026-06-22T11:02:02",
        "end_time": "2026-06-22T11:02:06"
      },
      "geometry": {
        "type": "LineString",
        "coordinates": [
          [
            -89.30704660713673,
            43.08395678177476,
            267.2
          ],
          [
            -89.30704543367028,
            43.083909843117,
            267.2
          ]
        ]
      }
    },
    {
      "type": "Feature",
      "properties": {
        "heart_rate": null,
        "start_time": "2026-06-22T11:02:06",
        "end_time": "2026-06-22T11:02:11"
      },
      "geometry": {
        "type": "LineString",
        "coordinates": [
          [
            -89.30704543367028,
            43.083909843117,
            267.2
          ],
          [
            -89.30704040452838,
            43.08389819227159,
            267.0
          ]
        ]
      }
    },
    {
      "type": "Feature",
      "properties": {
        "heart_rate": null,
        "start_time": "2026-06-22T11:02:11",
        "end_time": "2026-06-22T11:02:18"
      },
      "geometry": {
        "type": "LineString",
        "coordinates": [
          [
            -89.30704040452838,
            43.08389819227159,
            267.0
          ],
          [
            -89.30702431127429,
            43.083902802318335,
            266.8
          ]
        ]
      }
    },
    {
      "type": "Feature",
      "properties": {
        "heart_rate": null,
        "start_time": "2026-06-22T11:02:18",
        "end_time": "2026-06-22T11:02:38"
      },
      "geometry": {
        "type": "LineString",
        "coordinates": [
          [
            -89.30702431127429,
            43.083902802318335,
            266.8
          ],
          [
            -89.30703696794808,
            43.08383172377944,
            266.6
          ]
        ]
      }
    },
    {
      "type": "Feature",
      "properties": {
        "heart_rate": null,
        "start_time": "2026-06-22T11:02:38",
        "end_time": "2026-06-22T11:02:45"
      },
      "geometry": {
        "type": "LineString",
        "coordinates": [
          [
            -89.30703696794808,
            43.08383172377944,
            266.6
          ],
          [
            -89.30703721940517,
            43.08378336019814,
            266.6
          ]
        ]
      }
    },
    {
      "type": "Feature",
      "properties": {
        "heart_rate": null,
        "start_time": "2026-06-22T11:02:45",
        "end_time": "2026-06-22T11:02:51"
      },
      "geometry": {
        "type": "LineString",
        "coordinates": [
          [
            -89.30703721940517,
            43.08378336019814,
            266.6
          ],
          [
            -89.30699371732771,
            43.08370775543153,
            266.6
          ]
        ]
      }
    },
    {
      "type": "Feature",
      "properties": {
        "heart_rate": null,
        "start_time": "2026-06-22T11:02:51",
        "end_time": "2026-06-22T11:03:04"
      },
      "geometry": {
        "type": "LineString",
        "coordinates": [
          [
            -89.30699371732771,
            43.08370775543153,
            266.6
          ],
          [
            -89.30695733986795,
            43.08355503715575,
            266.6
          ]
        ]
      }
    },
    {
      "type": "Feature",
      "properties": {
        "heart_rate": null,
        "start_time": "2026-06-22T11:03:04",
        "end_time": "2026-06-22T11:03:10"
      },
      "geometry": {
        "type": "LineString",
        "coordinates": [
          [
            -89.30695733986795,
            43.08355503715575,
            266.6
          ],
          [
            -89.30694996379316,
            43.083520671352744,
            266.4
          ]
        ]
      }
    },
    {
      "type": "Feature",
      "properties": {
        "heart_rate": null,
        "start_time": "2026-06-22T11:03:10",
        "end_time": "2026-06-22T11:03:24"
      },
      "geometry": {
        "type": "LineString",
        "coordinates": [
          [
            -89.30694996379316,
            43.083520671352744,
            266.4
          ],
          [
            -89.30693973787129,
            43.083489406853914,
            265.8
          ]
        ]
      }
    },
    {
      "type": "Feature",
      "properties": {
        "heart_rate": null,
        "start_time": "2026-06-22T11:03:24",
        "end_time": "2026-06-22T11:03:32"
      },
      "geometry": {
        "type": "LineString",
        "coordinates": [
          [
            -89.30693973787129,
            43.083489406853914,
            265.8
          ],
          [
            -89.3069078028202,
            43.083428386598825,
            265.8
          ]
        ]
      }
    },
    {
      "type": "Feature",
      "properties": {
        "heart_rate": null,
        "start_time": "2026-06-22T11:03:32",
        "end_time": "2026-06-22T11:03:42"
      },
      "geometry": {
        "type": "LineString",
        "coordinates": [
          [
            -89.3069078028202,
            43.083428386598825,
            265.8
          ],
          [
            -89.30690906010568,
            43.0833725631237,
            266.0
          ]
        ]
      }
    },
    {
      "type": "Feature",
      "properties": {
        "heart_rate": null,
        "start_time": "2026-06-22T11:03:42",
        "end_time": "2026-06-22T11:03:49"
      },
      "geometry": {
        "type": "LineString",
        "coordinates": [
          [
            -89.30690906010568,
            43.0833725631237,
            266.0
          ],
          [
            -89.30691157467663,
            43.08330307714641,
            266.0
          ]
        ]
      }
    },
    {
      "type": "Feature",
      "properties": {
        "heart_rate": null,
        "start_time": "2026-06-22T11:03:49",
        "end_time": "2026-06-22T11:03:58"
      },
      "geometry": {
        "type": "LineString",
        "coordinates": [
          [
            -89.30691157467663,
            43.08330307714641,
            266.0
          ],
          [
            -89.30690319277346,
            43.083197800442576,
            265.8
          ]
        ]
      }
    },
    {
      "type": "Feature",
      "properties": {
        "heart_rate": null,
        "start_time": "2026-06-22T11:03:58",
        "end_time": "2026-06-22T11:04:10"
      },
      "geometry": {
        "type": "LineString",
        "coordinates": [
          [
            -89.30690319277346,
            43.083197800442576,
            265.8
          ],
          [
            -89.30688508786261,
            43.083035945892334,
            266.0
          ]
        ]
      }
    },
    {
      "type": "Feature",
      "properties": {
        "heart_rate": null,
        "start_time": "2026-06-22T11:04:10",
        "end_time": "2026-06-22T11:04:21"
      },
      "geometry": {
        "type": "LineString",
        "coordinates": [
          [
            -89.30688508786261,
            43.083035945892334,
            266.0
          ],
          [
            -89.30687192827463,
            43.082938715815544,
            266.6
          ]
        ]
      }
    },
    {
      "type": "Feature",
      "properties": {
        "heart_rate": null,
        "start_time": "2026-06-22T11:04:21",
        "end_time": "2026-06-22T11:04:32"
      },
      "geometry": {
        "type": "LineString",
        "coordinates": [
          [
            -89.30687192827463,
            43.082938715815544,
            266.6
          ],
          [
            -89.30687125772238,
            43.08293360285461,
            266.6
          ]
        ]
      }
    },
    {
      "type": "Feature",
      "properties": {
        "heart_rate": null,
        "start_time": "2026-06-22T11:04:32",
        "end_time": "2026-06-22T11:04:40"
      },
      "geometry": {
        "type": "LineString",
        "coordinates": [
          [
            -89.30687125772238,
            43.08293360285461,
            266.6
          ],
          [
            -89.30689305067062,
            43.0828719958663,
            266.4
          ]
        ]
      }
    },
    {
      "type": "Feature",
      "properties": {
        "heart_rate": null,
        "start_time": "2026-06-22T11:04:40",
        "end_time": "2026-06-22T11:04:54"
      },
      "geometry": {
        "type": "LineString",
        "coordinates": [
          [
            -89.30689305067062,
            43.0828719958663,
            266.4
          ],
          [
            -89.30693613365293,
            43.08268625289202,
            266.0
          ]
        ]
      }
    },
    {
      "type": "Feature",
      "properties": {
        "heart_rate": null,
        "start_time": "2026-06-22T11:04:54",
        "end_time": "2026-06-22T11:04:58"
      },
      "geometry": {
        "type": "LineString",
        "coordinates": [
          [
            -89.30693613365293,
            43.08268625289202,
            266.0
          ],
          [
            -89.30694191716611,
            43.08263956569135,
            266.4
          ]
        ]
      }
    },
    {
      "type": "Feature",
      "properties": {
        "heart_rate": null,
        "start_time": "2026-06-22T11:04:58",
        "end_time": "2026-06-22T11:05:11"
      },
      "geometry": {
        "type": "LineString",
        "coordinates": [
          [
            -89.30694191716611,
            43.08263956569135,
            266.4
          ],
          [
            -89.30696823634207,
            43.082469664514065,
            265.8
          ]
        ]
      }
    },
    {
      "type": "Feature",
      "properties": {
        "heart_rate": null,
        "start_time": "2026-06-22T11:05:11",
        "end_time": "2026-06-22T11:05:19"
      },
      "geometry": {
        "type": "LineString",
        "coordinates": [
          [
            -89.30696823634207,
            43.082469664514065,
            265.8
          ],
          [
            -89.30695423856378,
            43.08238601312041,
            266.8
          ]
        ]
      }
    },
    {
      "type": "Feature",
      "properties": {
        "heart_rate": null,
        "start_time": "2026-06-22T11:05:19",
        "end_time": "2026-06-22T11:05:23"
      },
      "geometry": {
        "type": "LineString",
        "coordinates": [
          [
            -89.30695423856378,
            43.08238601312041,
            266.8
          ],
          [
            -89.30695541203022,
            43.082321640104055,
            266.8
          ]
        ]
      }
    },
    {
      "type": "Feature",
      "properties": {
        "heart_rate": null,
        "start_time": "2026-06-22T11:05:23",
        "end_time": "2026-06-22T11:05:32"
      },
      "geometry": {
        "type": "LineString",
        "coordinates": [
          [
            -89.30695541203022,
            43.082321640104055,
            266.8
          ],
          [
            -89.3069632910192,
            43.08222717605531,
            266.2
          ]
        ]
      }
    },
    {
      "type": "Feature",
      "properties": {
        "heart_rate": null,
        "start_time": "2026-06-22T11:05:32",
        "end_time": "2026-06-22T11:05:42"
      },
      "geometry": {
        "type": "LineString",
        "coordinates": [
          [
            -89.3069632910192,
            43.08222717605531,
            266.2
          ],
          [
            -89.30703587830067,
            43.08210052549839,
            266.4
          ]
        ]
      }
    },
    {
      "type": "Feature",
      "properties": {
        "heart_rate": null,
        "start_time": "2026-06-22T11:05:42",
        "end_time": "2026-06-22T11:05:50"
      },
      "geometry": {
        "type": "LineString",
        "coordinates": [
          [
            -89.30703587830067,
            43.08210052549839,
            266.4
          ],
          [
            -89.30713729932904,
            43.08205367065966,
            266.6
          ]
        ]
      }
    },
    {
      "type": "Feature",
      "properties": {
        "heart_rate": null,
        "start_time": "2026-06-22T11:05:50",
        "end_time": "2026-06-22T11:05:54"
      },
      "geometry": {
        "type": "LineString",
        "coordinates": [
          [
            -89.30713729932904,
            43.08205367065966,
            266.6
          ],
          [
            -89.30710159242153,
            43.08205794543028,
            266.6
          ]
        ]
      }
    },
    {
      "type": "Feature",
      "properties": {
        "heart_rate": null,
        "start_time": "2026-06-22T11:05:54",
        "end_time": "2026-06-22T11:05:56"
      },
      "geometry": {
        "type": "LineString",
        "coordinates": [
          [
            -89.30710159242153,
            43.08205794543028,
            266.6
          ],
          [
            -89.30707284249365,
            43.082049898803234,
            266.6
          ]
        ]
      }
    },
    {
      "type": "Feature",
      "properties": {
        "heart_rate": null,
        "start_time": "2026-06-22T11:05:56",
        "end_time": "2026-06-22T11:05:58"
      },
      "geometry": {
        "type": "LineString",
        "coordinates": [
          [
            -89.30707284249365,
            43.082049898803234,
            266.6
          ],
          [
            -89.30707016028464,
            43.08204436674714,
            266.6
          ]
        ]
      }
    },
    {
      "type": "Feature",
      "properties": {
        "heart_rate": null,
        "start_time": "2026-06-22T11:05:58",
        "end_time": "2026-06-22T11:06:03"
      },
      "geometry": {
        "type": "LineString",
        "coordinates": [
          [
            -89.30707016028464,
            43.08204436674714,
            266.6
          ],
          [
            -89.3070290889591,
            43.08199382387102,
            266.4
          ]
        ]
      }
    },
    {
      "type": "Feature",
      "properties": {
        "heart_rate": 72,
        "start_time": "2026-06-22T11:06:03",
        "end_time": "2026-06-22T11:06:04"
      },
      "geometry": {
        "type": "LineString",
        "coordinates": [
          [
            -89.3070290889591,
            43.08199382387102,
            266.4
          ],
          [
            -89.30702464655042,
            43.08198527432978,
            266.4
          ]
        ]
      }
    },
    {
      "type": "Feature",
      "properties": {
        "heart_rate": 70,
        "start_time": "2026-06-22T11:06:04",
        "end_time": "2026-06-22T11:06:07"
      },
      "geometry": {
        "type": "LineString",
        "coordinates": [
          [
            -89.30702464655042,
            43.08198527432978,
            266.4
          ],
          [
            -89.3070306815207,
            43.08198527432978,
            266.4
          ]
        ]
      }
    },
    {
      "type": "Feature",
      "properties": {
        "heart_rate": 71,
        "start_time": "2026-06-22T11:06:07",
        "end_time": "2026-06-22T11:06:09"
      },
      "geometry": {
        "type": "LineString",
        "coordinates": [
          [
            -89.3070306815207,
            43.08198527432978,
            266.4
          ],
          [
            -89.30703403428197,
            43.08198560960591,
            266.4
          ]
        ]
      }
    },
    {
      "type": "Feature",
      "properties": {
        "heart_rate": 72,
        "start_time": "2026-06-22T11:06:09",
        "end_time": "2026-06-22T11:06:15"
      },
      "geometry": {
        "type": "LineString",
        "coordinates": [
          [
            -89.30703403428197,
            43.08198560960591,
            266.4
          ],
          [
            -89.30698273703456,
            43.08194034732878,
            266.8
          ]
        ]
      }
    },
    {
      "type": "Feature",
      "properties": {
        "heart_rate": 72,
        "start_time": "2026-06-22T11:06:15",
        "end_time": "2026-06-22T11:06:22"
      },
      "geometry": {
        "type": "LineString",
        "coordinates": [
          [
            -89.30698273703456,
            43.08194034732878,
            266.8
          ],
          [
            -89.3069135863334,
            43.081895001232624,
            267.0
          ]
        ]
      }
    },
    {
      "type": "Feature",
      "properties": {
        "heart_rate": 72,
        "start_time": "2026-06-22T11:06:22",
        "end_time": "2026-06-22T11:06:23"
      },
      "geometry": {
        "type": "LineString",
        "coordinates": [
          [
            -89.3069135863334,
            43.081895001232624,
            267.0
          ],
          [
            -89.30689975619316,
            43.08189290575683,
            267.2
          ]
        ]
      }
    },
    {
      "type": "Feature",
      "properties": {
        "heart_rate": 76,
        "start_time": "2026-06-22T11:06:23",
        "end_time": "2026-06-22T11:06:25"
      },
      "geometry": {
        "type": "LineString",
        "coordinates": [
          [
            -89.30689975619316,
            43.08189290575683,
            267.2
          ],
          [
            -89.3068784661591,
            43.08189366012812,
            267.2
          ]
        ]
      }
    },
    {
      "type": "Feature",
      "properties": {
        "heart_rate": 84,
        "start_time": "2026-06-22T11:06:25",
        "end_time": "2026-06-22T11:06:27"
      },
      "geometry": {
        "type": "LineString",
        "coordinates": [
          [
            -89.3068784661591,
            43.08189366012812,
            267.2
          ],
          [
            -89.30685105733573,
            43.08188896626234,
            267.2
          ]
        ]
      }
    },
    {
      "type": "Feature",
      "properties": {
        "heart_rate": 88,
        "start_time": "2026-06-22T11:06:27",
        "end_time": "2026-06-22T11:06:28"
      },
      "geometry": {
        "type": "LineString",
        "coordinates": [
          [
            -89.30685105733573,
            43.08188896626234,
            267.2
          ],
          [
            -89.30684519000351,
            43.081887708976865,
            267.2
          ]
        ]
      }
    },
    {
      "type": "Feature",
      "properties": {
        "heart_rate": 90,
        "start_time": "2026-06-22T11:06:28",
        "end_time": "2026-06-22T11:06:30"
      },
      "geometry": {
        "type": "LineString",
        "coordinates": [
          [
            -89.30684519000351,
            43.081887708976865,
            267.2
          ],
          [
            -89.30684342980385,
            43.08188712224364,
            267.0
          ]
        ]
      }
    },
    {
      "type": "Feature",
      "properties": {
        "heart_rate": 90,
        "start_time": "2026-06-22T11:06:30",
        "end_time": "2026-06-22T11:06:32"
      },
      "geometry": {
        "type": "LineString",
        "coordinates": [
          [
            -89.30684342980385,
            43.08188712224364,
            267.0
          ],
          [
            -89.30684669874609,
            43.081887206062675,
            267.0
          ]
        ]
      }
    },
    {
      "type": "Feature",
      "properties": {
        "heart_rate": 88,
        "start_time": "2026-06-22T11:06:32",
        "end_time": "2026-06-22T11:06:34"
      },
      "geometry": {
        "type": "LineString",
        "coordinates": [
          [
            -89.30684669874609,
            43.081887206062675,
            267.0
          ],
          [
            -89.30684845894575,
            43.08188645169139,
            267.0
          ]
        ]
      }
    },
    {
      "type": "Feature",
      "properties": {
        "heart_rate": 88,
        "start_time": "2026-06-22T11:06:34",
        "end_time": "2026-06-22T11:06:39"
      },
      "geometry": {
        "type": "LineString",
        "coordinates": [
          [
            -89.30684845894575,
            43.08188645169139,
            267.0
          ],
          [
            -89.30684678256512,
            43.08189659379423,
            266.6
          ]
        ]
      }
    },
    {
      "type": "Feature",
      "properties": {
        "heart_rate": 84,
        "start_time": "2026-06-22T11:06:39",
        "end_time": "2026-06-22T11:06:40"
      },
      "geometry": {
        "type": "LineString",
        "coordinates": [
          [
            -89.30684678256512,
            43.08189659379423,
            266.6
          ],
          [
            -89.30684024468064,
            43.08190028183162,
            266.6
          ]
        ]
      }
    },
    {
      "type": "Feature",
      "properties": {
        "heart_rate": 82,
        "start_time": "2026-06-22T11:06:40",
        "end_time": "2026-06-22T11:06:44"
      },
      "geometry": {
        "type": "LineString",
        "coordinates": [
          [
            -89.30684024468064,
            43.08190028183162,
            266.6
          ],
          [
            -89.30679456330836,
            43.08189818635583,
            266.6
          ]
        ]
      }
    },
    {
      "type": "Feature",
      "properties": {
        "heart_rate": 80,
        "start_time": "2026-06-22T11:06:44",
        "end_time": "2026-06-22T11:06:51"
      },
      "geometry": {
        "type": "LineString",
        "coordinates": [
          [
            -89.30679456330836,
            43.08189818635583,
            266.6
          ],
          [
            -89.30673471651971,
            43.08191922493279,
            267.2
          ]
        ]
      }
    },
    {
      "type": "Feature",
      "properties": {
        "heart_rate": 78,
        "start_time": "2026-06-22T11:06:51",
        "end_time": "2026-06-22T11:06:58"
      },
      "geometry": {
        "type": "LineString",
        "coordinates": [
          [
            -89.30673471651971,
            43.08191922493279,
            267.2
          ],
          [
            -89.3066643923521,
            43.081970270723104,
            268.0
          ]
        ]
      }
    },
    {
      "type": "Feature",
      "properties": {
        "heart_rate": 79,
        "start_time": "2026-06-22T11:06:58",
        "end_time": "2026-06-22T11:07:06"
      },
      "geometry": {
        "type": "LineString",
        "coordinates": [
          [
            -89.3066643923521,
            43.081970270723104,
            268.0
          ],
          [
            -89.30661921389401,
            43.08204076252878,
            268.4
          ]
        ]
      }
    },
    {
      "type": "Feature",
      "properties": {
        "heart_rate": 78,
        "start_time": "2026-06-22T11:07:06",
        "end_time": "2026-06-22T11:07:12"
      },
      "geometry": {
        "type": "LineString",
        "coordinates": [
          [
            -89.30661921389401,
            43.08204076252878,
            268.4
          ],
          [
            -89.30662390775979,
            43.082093400880694,
            268.2
          ]
        ]
      }
    },
    {
      "type": "Feature",
      "properties": {
        "heart_rate": 76,
        "start_time": "2026-06-22T11:07:12",
        "end_time": "2026-06-22T11:07:13"
      },
      "geometry": {
        "type": "LineString",
        "coordinates": [
          [
            -89.30662390775979,
            43.082093400880694,
            268.2
          ],
          [
            -89.30662776343524,
            43.08210144750774,
            268.2
          ]
        ]
      }
    },
    {
      "type": "Feature",
      "properties": {
        "heart_rate": 77,
        "start_time": "2026-06-22T11:07:13",
        "end_time": "2026-06-22T11:07:20"
      },
      "geometry": {
        "type": "LineString",
        "coordinates": [
          [
            -89.30662776343524,
            43.08210144750774,
            268.2
          ],
          [
            -89.30663421750069,
            43.082106141373515,
            268.4
          ]
        ]
      }
    },
    {
      "type": "Feature",
      "properties": {
        "heart_rate": 78,
        "start_time": "2026-06-22T11:07:20",
        "end_time": "2026-06-22T11:07:31"
      },
      "geometry": {
        "type": "LineString",
        "coordinates": [
          [
            -89.30663421750069,
            43.082106141373515,
            268.4
          ],
          [
            -89.30665626190603,
            43.082142770290375,
            268.6
          ]
        ]
      }
    },
    {
      "type": "Feature",
      "properties": {
        "heart_rate": 80,
        "start_time": "2026-06-22T11:07:31",
        "end_time": "2026-06-22T11:07:40"
      },
      "geometry": {
        "type": "LineString",
        "coordinates": [
          [
            -89.30665626190603,
            43.082142770290375,
            268.6
          ],
          [
            -89.30670236237347,
            43.082197085022926,
            268.6
          ]
        ]
      }
    },
    {
      "type": "Feature",
      "properties": {
        "heart_rate": 81,
        "start_time": "2026-06-22T11:07:40",
        "end_time": "2026-06-22T11:07:41"
      },
      "geometry": {
        "type": "LineString",
        "coordinates": [
          [
            -89.30670236237347,
            43.082197085022926,
            268.6
          ],
          [
            -89.30670320056379,
            43.08219792321324,
            268.8
          ]
        ]
      }
    },
    {
      "type": "Feature",
      "properties": {
        "heart_rate": 82,
        "start_time": "2026-06-22T11:07:41",
        "end_time": "2026-06-22T11:07:44"
      },
      "geometry": {
        "type": "LineString",
        "coordinates": [
          [
            -89.30670320056379,
            43.08219792321324,
            268.8
          ],
          [
            -89.3067042902112,
            43.08219742029905,
            269.0
          ]
        ]
      }
    },
    {
      "type": "Feature",
      "properties": {
        "heart_rate": 86,
        "start_time": "2026-06-22T11:07:44",
        "end_time": "2026-06-22T11:07:47"
      },
      "geometry": {
        "type": "LineString",
        "coordinates": [
          [
            -89.3067042902112,
            43.08219742029905,
            269.0
          ],
          [
            -89.30670571513474,
            43.08219767175615,
            269.0
          ]
        ]
      }
    },
    {
      "type": "Feature",
      "properties": {
        "heart_rate": 87,
        "start_time": "2026-06-22T11:07:47",
        "end_time": "2026-06-22T11:08:08"
      },
      "geometry": {
        "type": "LineString",
        "coordinates": [
          [
            -89.30670571513474,
            43.08219767175615,
            269.0
          ],
          [
            -89.30671971291304,
            43.0822726059705,
            269.6
          ]
        ]
      }
    },
    {
      "type": "Feature",
      "properties": {
        "heart_rate": 88,
        "start_time": "2026-06-22T11:08:08",
        "end_time": "2026-06-22T11:08:16"
      },
      "geometry": {
        "type": "LineString",
        "coordinates": [
          [
            -89.30671971291304,
            43.0822726059705,
            269.6
          ],
          [
            -89.30673622526228,
            43.08239816688001,
            269.6
          ]
        ]
      }
    },
    {
      "type": "Feature",
      "properties": {
        "heart_rate": 92,
        "start_time": "2026-06-22T11:08:16",
        "end_time": "2026-06-22T11:08:17"
      },
      "geometry": {
        "type": "LineString",
        "coordinates": [
          [
            -89.30673622526228,
            43.08239816688001,
            269.6
          ],
          [
            -89.30673806928098,
            43.08241317048669,
            269.6
          ]
        ]
      }
    },
    {
      "type": "Feature",
      "properties": {
        "heart_rate": 96,
        "start_time": "2026-06-22T11:08:17",
        "end_time": "2026-06-22T11:08:20"
      },
      "geometry": {
        "type": "LineString",
        "coordinates": [
          [
            -89.30673806928098,
            43.08241317048669,
            269.6
          ],
          [
            -89.30674217641354,
            43.08246362954378,
            269.8
          ]
        ]
      }
    },
    {
      "type": "Feature",
      "properties": {
        "heart_rate": 95,
        "start_time": "2026-06-22T11:08:20",
        "end_time": "2026-06-22T11:08:27"
      },
      "geometry": {
        "type": "LineString",
        "coordinates": [
          [
            -89.30674217641354,
            43.08246362954378,
            269.8
          ],
          [
            -89.30673605762422,
            43.082555662840605,
            269.0
          ]
        ]
      }
    },
    {
      "type": "Feature",
      "properties": {
        "heart_rate": 94,
        "start_time": "2026-06-22T11:08:27",
        "end_time": "2026-06-22T11:08:28"
      },
      "geometry": {
        "type": "LineString",
        "coordinates": [
          [
            -89.30673605762422,
            43.082555662840605,
            269.0
          ],
          [
            -89.30673488415778,
            43.082568403333426,
            268.8
          ]
        ]
      }
    },
    {
      "type": "Feature",
      "properties": {
        "heart_rate": 96,
        "start_time": "2026-06-22T11:08:28",
        "end_time": "2026-06-22T11:08:30"
      },
      "geometry": {
        "type": "LineString",
        "coordinates": [
          [
            -89.30673488415778,
            43.082568403333426,
            268.8
          ],
          [
            -89.30673186667264,
            43.08259589597583,
            268.6
          ]
        ]
      }
    },
    {
      "type": "Feature",
      "properties": {
        "heart_rate": 98,
        "start_time": "2026-06-22T11:08:30",
        "end_time": "2026-06-22T11:08:34"
      },
      "geometry": {
        "type": "LineString",
        "coordinates": [
          [
            -89.30673186667264,
            43.08259589597583,
            268.6
          ],
          [
            -89.30672507733107,
            43.08264870196581,
            268.4
          ]
        ]
      }
    },
    {
      "type": "Feature",
      "properties": {
        "heart_rate": 99,
        "start_time": "2026-06-22T11:08:34",
        "end_time": "2026-06-22T11:08:41"
      },
      "geometry": {
        "type": "LineString",
        "coordinates": [
          [
            -89.30672507733107,
            43.08264870196581,
            268.4
          ],
          [
            -89.30670152418315,
            43.08273470029235,
            268.6
          ]
        ]
      }
    },
    {
      "type": "Feature",
      "properties": {
        "heart_rate": 100,
        "start_time": "2026-06-22T11:08:41",
        "end_time": "2026-06-22T11:08:49"
      },
      "geometry": {
        "type": "LineString",
        "coordinates": [
          [
            -89.30670152418315,
            43.08273470029235,
            268.6
          ],
          [
            -89.30669121444225,
            43.08281382545829,
            269.0
          ]
        ]
      }
    },
    {
      "type": "Feature",
      "properties": {
        "heart_rate": 100,
        "start_time": "2026-06-22T11:08:49",
        "end_time": "2026-06-22T11:09:01"
      },
      "geometry": {
        "type": "LineString",
        "coordinates": [
          [
            -89.30669121444225,
            43.08281382545829,
            269.0
          ],
          [
            -89.3066715169698,
            43.082974003627896,
            269.6
          ]
        ]
      }
    },
    {
      "type": "Feature",
      "properties": {
        "heart_rate": 100,
        "start_time": "2026-06-22T11:09:01",
        "end_time": "2026-06-22T11:09:06"
      },
      "geometry": {
        "type": "LineString",
        "coordinates": [
          [
            -89.3066715169698,
            43.082974003627896,
            269.6
          ],
          [
            -89.30666984058917,
            43.08298146352172,
            269.8
          ]
        ]
      }
    },
    {
      "type": "Feature",
      "properties": {
        "heart_rate": 100,
        "start_time": "2026-06-22T11:09:06",
        "end_time": "2026-06-22T11:09:08"
      },
      "geometry": {
        "type": "LineString",
        "coordinates": [
          [
            -89.30666984058917,
            43.08298146352172,
            269.8
          ],
          [
            -89.3066678289324,
            43.08298791758716,
            270.0
          ]
        ]
      }
    },
    {
      "type": "Feature",
      "properties": {
        "heart_rate": 98,
        "start_time": "2026-06-22T11:09:08",
        "end_time": "2026-06-22T11:09:12"
      },
      "geometry": {
        "type": "LineString",
        "coordinates": [
          [
            -89.3066678289324,
            43.08298791758716,
            270.0
          ],
          [
            -89.30666338652372,
            43.08305287733674,
            270.2
          ]
        ]
      }
    },
    {
      "type": "Feature",
      "properties": {
        "heart_rate": 100,
        "start_time": "2026-06-22T11:09:12",
        "end_time": "2026-06-22T11:09:16"
      },
      "geometry": {
        "type": "LineString",
        "coordinates": [
          [
            -89.30666338652372,
            43.08305287733674,
            270.2
          ],
          [
            -89.30666699074209,
            43.083106353878975,
            269.6
          ]
        ]
      }
    },
    {
      "type": "Feature",
      "properties": {
        "heart_rate": 100,
        "start_time": "2026-06-22T11:09:16",
        "end_time": "2026-06-22T11:09:18"
      },
      "geometry": {
        "type": "LineString",
        "coordinates": [
          [
            -89.30666699074209,
            43.083106353878975,
            269.6
          ],
          [
            -89.30666699074209,
            43.08313250541687,
            269.2
          ]
        ]
      }
    },
    {
      "type": "Feature",
      "properties": {
        "heart_rate": 98,
        "start_time": "2026-06-22T11:09:18",
        "end_time": "2026-06-22T11:09:21"
      },
      "geometry": {
        "type": "LineString",
        "coordinates": [
          [
            -89.30666699074209,
            43.08313250541687,
            269.2
          ],
          [
            -89.30666749365628,
            43.08317005634308,
            268.8
          ]
        ]
      }
    },
    {
      "type": "Feature",
      "properties": {
        "heart_rate": 96,
        "start_time": "2026-06-22T11:09:21",
        "end_time": "2026-06-22T11:09:30"
      },
      "geometry": {
        "type": "LineString",
        "coordinates": [
          [
            -89.30666749365628,
            43.08317005634308,
            268.8
          ],
          [
            -89.30665659718215,
            43.08323501609266,
            267.6
          ]
        ]
      }
    },
    {
      "type": "Feature",
      "properties": {
        "heart_rate": 98,
        "start_time": "2026-06-22T11:09:30",
        "end_time": "2026-06-22T11:09:48"
      },
      "geometry": {
        "type": "LineString",
        "coordinates": [
          [
            -89.30665659718215,
            43.08323501609266,
            267.6
          ],
          [
            -89.30665735155344,
            43.08323451317847,
            267.4
          ]
        ]
      }
    },
    {
      "type": "Feature",
      "properties": {
        "heart_rate": 100,
        "start_time": "2026-06-22T11:09:48",
        "end_time": "2026-06-22T11:09:59"
      },
      "geometry": {
        "type": "LineString",
        "coordinates": [
          [
            -89.30665735155344,
            43.08323451317847,
            267.4
          ],
          [
            -89.30666799657047,
            43.083305256441236,
            267.4
          ]
        ]
      }
    },
    {
      "type": "Feature",
      "properties": {
        "heart_rate": 101,
        "start_time": "2026-06-22T11:09:59",
        "end_time": "2026-06-22T11:10:08"
      },
      "geometry": {
        "type": "LineString",
        "coordinates": [
          [
            -89.30666799657047,
            43.083305256441236,
            267.4
          ],
          [
            -89.30669414810836,
            43.083449341356754,
            267.4
          ]
        ]
      }
    },
    {
      "type": "Feature",
      "properties": {
        "heart_rate": 100,
        "start_time": "2026-06-22T11:10:08",
        "end_time": "2026-06-22T11:10:13"
      },
      "geometry": {
        "type": "LineString",
        "coordinates": [
          [
            -89.30669414810836,
            43.083449341356754,
            267.4
          ],
          [
            -89.30671568959951,
            43.08351413346827,
            267.4
          ]
        ]
      }
    },
    {
      "type": "Feature",
      "properties": {
        "heart_rate": 96,
        "start_time": "2026-06-22T11:10:13",
        "end_time": "2026-06-22T11:10:16"
      },
      "geometry": {
        "type": "LineString",
        "coordinates": [
          [
            -89.30671568959951,
            43.08351413346827,
            267.4
          ],
          [
            -89.30672935210168,
            43.08355512097478,
            267.2
          ]
        ]
      }
    },
    {
      "type": "Feature",
      "properties": {
        "heart_rate": 96,
        "start_time": "2026-06-22T11:10:16",
        "end_time": "2026-06-22T11:10:18"
      },
      "geometry": {
        "type": "LineString",
        "coordinates": [
          [
            -89.30672935210168,
            43.08355512097478,
            267.2
          ],
          [
            -89.30673253722489,
            43.083579847589135,
            267.2
          ]
        ]
      }
    },
    {
      "type": "Feature",
      "properties": {
        "heart_rate": 94,
        "start_time": "2026-06-22T11:10:18",
        "end_time": "2026-06-22T11:10:20"
      },
      "geometry": {
        "type": "LineString",
        "coordinates": [
          [
            -89.30673253722489,
            43.083579847589135,
            267.2
          ],
          [
            -89.30673664435744,
            43.08360499329865,
            267.2
          ]
        ]
      }
    },
    {
      "type": "Feature",
      "properties": {
        "heart_rate": 92,
        "start_time": "2026-06-22T11:10:20",
        "end_time": "2026-06-22T11:10:22"
      },
      "geometry": {
        "type": "LineString",
        "coordinates": [
          [
            -89.30673664435744,
            43.08360499329865,
            267.2
          ],
          [
            -89.30674284696579,
            43.083628211170435,
            267.2
          ]
        ]
      }
    },
    {
      "type": "Feature",
      "properties": {
        "heart_rate": 89,
        "start_time": "2026-06-22T11:10:22",
        "end_time": "2026-06-22T11:10:28"
      },
      "geometry": {
        "type": "LineString",
        "coordinates": [
          [
            -89.30674284696579,
            43.083628211170435,
            267.2
          ],
          [
            -89.30677017197013,
            43.083707923069596,
            266.8
          ]
        ]
      }
    },
    {
      "type": "Feature",
      "properties": {
        "heart_rate": 87,
        "start_time": "2026-06-22T11:10:28",
        "end_time": "2026-06-22T11:10:35"
      },
      "geometry": {
        "type": "LineString",
        "coordinates": [
          [
            -89.30677017197013,
            43.083707923069596,
            266.8
          ],
          [
            -89.30676338262856,
            43.083763495087624,
            266.8
          ]
        ]
      }
    },
    {
      "type": "Feature",
      "properties": {
        "heart_rate": 86,
        "start_time": "2026-06-22T11:10:35",
        "end_time": "2026-06-22T11:10:44"
      },
      "geometry": {
        "type": "LineString",
        "coordinates": [
          [
            -89.30676338262856,
            43.083763495087624,
            266.8
          ],
          [
            -89.30679833516479,
            43.083819821476936,
            267.8
          ]
        ]
      }
    },
    {
      "type": "Feature",
      "properties": {
        "heart_rate": 85,
        "start_time": "2026-06-22T11:10:44",
        "end_time": "2026-06-22T11:10:53"
      },
      "geometry": {
        "type": "LineString",
        "coordinates": [
          [
            -89.30679833516479,
            43.083819821476936,
            267.8
          ],
          [
            -89.30681945756078,
            43.08393540792167,
            267.8
          ]
        ]
      }
    },
    {
      "type": "Feature",
      "properties": {
        "heart_rate": 85,
        "start_time": "2026-06-22T11:10:53",
        "end_time": "2026-06-22T11:10:59"
      },
      "geometry": {
        "type": "LineString",
        "coordinates": [
          [
            -89.30681945756078,
            43.08393540792167,
            267.8
          ],
          [
            -89.30676765739918,
            43.08397932909429,
            267.6
          ]
        ]
      }
    },
    {
      "type": "Feature",
      "properties": {
        "heart_rate": 86,
        "start_time": "2026-06-22T11:10:59",
        "end_time": "2026-06-22T11:11:07"
      },
      "geometry": {
        "type": "LineString",
        "coordinates": [
          [
            -89.30676765739918,
            43.08397932909429,
            267.6
          ],
          [
            -89.30658861994743,
            43.08399693109095,
            268.2
          ]
        ]
      }
    },
    {
      "type": "Feature",
      "properties": {
        "heart_rate": 88,
        "start_time": "2026-06-22T11:11:07",
        "end_time": "2026-06-22T11:11:16"
      },
      "geometry": {
        "type": "LineString",
        "coordinates": [
          [
            -89.30658861994743,
            43.08399693109095,
            268.2
          ],
          [
            -89.3064299505204,
            43.08400087058544,
            268.6
          ]
        ]
      }
    },
    {
      "type": "Feature",
      "properties": {
        "heart_rate": 90,
        "start_time": "2026-06-22T11:11:16",
        "end_time": "2026-06-22T11:11:23"
      },
      "geometry": {
        "type": "LineString",
        "coordinates": [
          [
            -89.3064299505204,
            43.08400087058544,
            268.6
          ],
          [
            -89.3063001986593,
            43.08400673791766,
            269.2
          ]
        ]
      }
    },
    {
      "type": "Feature",
      "properties": {
        "heart_rate": 91,
        "start_time": "2026-06-22T11:11:23",
        "end_time": "2026-06-22T11:11:26"
      },
      "geometry": {
        "type": "LineString",
        "coordinates": [
          [
            -89.3063001986593,
            43.08400673791766,
            269.2
          ],
          [
            -89.30624211207032,
            43.08400581590831,
            269.4
          ]
        ]
      }
    },
    {
      "type": "Feature",
      "properties": {
        "heart_rate": 92,
        "start_time": "2026-06-22T11:11:26",
        "end_time": "2026-06-22T11:11:40"
      },
      "geometry": {
        "type": "LineString",
        "coordinates": [
          [
            -89.30624211207032,
            43.08400581590831,
            269.4
          ],
          [
            -89.30598604492843,
            43.084003971889615,
            268.2
          ]
        ]
      }
    },
    {
      "type": "Feature",
      "properties": {
        "heart_rate": 92,
        "start_time": "2026-06-22T11:11:40",
        "end_time": "2026-06-22T11:11:42"
      },
      "geometry": {
        "type": "LineString",
        "coordinates": [
          [
            -89.30598604492843,
            43.084003971889615,
            268.2
          ],
          [
            -89.30596299469471,
            43.083996595814824,
            268.2
          ]
        ]
      }
    },
    {
      "type": "Feature",
      "properties": {
        "heart_rate": 90,
        "start_time": "2026-06-22T11:11:42",
        "end_time": "2026-06-22T11:11:46"
      },
      "geometry": {
        "type": "LineString",
        "coordinates": [
          [
            -89.30596299469471,
            43.083996595814824,
            268.2
          ],
          [
            -89.30595763027668,
            43.08399491943419,
            268.0
          ]
        ]
      }
    },
    {
      "type": "Feature",
      "properties": {
        "heart_rate": 92,
        "start_time": "2026-06-22T11:11:46",
        "end_time": "2026-06-22T11:11:53"
      },
      "geometry": {
        "type": "LineString",
        "coordinates": [
          [
            -89.30595763027668,
            43.08399491943419,
            268.0
          ],
          [
            -89.30595612153411,
            43.083994667977095,
            268.2
          ]
        ]
      }
    },
    {
      "type": "Feature",
      "properties": {
        "heart_rate": 96,
        "start_time": "2026-06-22T11:11:53",
        "end_time": "2026-06-22T11:11:58"
      },
      "geometry": {
        "type": "LineString",
        "coordinates": [
          [
            -89.30595612153411,
            43.083994667977095,
            268.2
          ],
          [
            -89.30595612153411,
            43.083994667977095,
            268.0
          ]
        ]
      }
    },
    {
      "type": "Feature",
      "properties": {
        "heart_rate": 98,
        "start_time": "2026-06-22T11:11:58",
        "end_time": "2026-06-22T11:12:01"
      },
      "geometry": {
        "type": "LineString",
        "coordinates": [
          [
            -89.30595612153411,
            43.083994667977095,
            268.0
          ],
          [
            -89.30595612153411,
            43.083994667977095,
            268.0
          ]
        ]
      }
    },
    {
      "type": "Feature",
      "properties": {
        "heart_rate": 102,
        "start_time": "2026-06-22T11:12:01",
        "end_time": "2026-06-22T11:12:03"
      },
      "geometry": {
        "type": "LineString",
        "coordinates": [
          [
            -89.30595612153411,
            43.083994667977095,
            268.0
          ],
          [
            -89.30595285259187,
            43.083996092900634,
            268.0
          ]
        ]
      }
    },
    {
      "type": "Feature",
      "properties": {
        "heart_rate": 103,
        "start_time": "2026-06-22T11:12:03",
        "end_time": "2026-06-22T11:12:06"
      },
      "geometry": {
        "type": "LineString",
        "coordinates": [
          [
            -89.30595285259187,
            43.083996092900634,
            268.0
          ],
          [
            -89.30589828640223,
            43.08400137349963,
            268.0
          ]
        ]
      }
    },
    {
      "type": "Feature",
      "properties": {
        "heart_rate": 102,
        "start_time": "2026-06-22T11:12:06",
        "end_time": "2026-06-22T11:12:14"
      },
      "geometry": {
        "type": "LineString",
        "coordinates": [
          [
            -89.30589828640223,
            43.08400137349963,
            268.0
          ],
          [
            -89.3057404551655,
            43.08401746675372,
            268.0
          ]
        ]
      }
    },
    {
      "type": "Feature",
      "properties": {
        "heart_rate": 100,
        "start_time": "2026-06-22T11:12:14",
        "end_time": "2026-06-22T11:12:15"
      },
      "geometry": {
        "type": "LineString",
        "coordinates": [
          [
            -89.3057404551655,
            43.08401746675372,
            268.0
          ],
          [
            -89.30572251789272,
            43.0840187240392,
            268.2
          ]
        ]
      }
    },
    {
      "type": "Feature",
      "properties": {
        "heart_rate": 100,
        "start_time": "2026-06-22T11:12:15",
        "end_time": "2026-06-22T11:12:20"
      },
      "geometry": {
        "type": "LineString",
        "coordinates": [
          [
            -89.30572251789272,
            43.0840187240392,
            268.2
          ],
          [
            -89.30566417984664,
            43.084020651876926,
            268.6
          ]
        ]
      }
    },
    {
      "type": "Feature",
      "properties": {
        "heart_rate": 98,
        "start_time": "2026-06-22T11:12:20",
        "end_time": "2026-06-22T11:12:23"
      },
      "geometry": {
        "type": "LineString",
        "coordinates": [
          [
            -89.30566417984664,
            43.084020651876926,
            268.6
          ],
          [
            -89.30562277324498,
            43.084030291065574,
            268.6
          ]
        ]
      }
    },
    {
      "type": "Feature",
      "properties": {
        "heart_rate": 98,
        "start_time": "2026-06-22T11:12:23",
        "end_time": "2026-06-22T11:12:32"
      },
      "geometry": {
        "type": "LineString",
        "coordinates": [
          [
            -89.30562277324498,
            43.084030291065574,
            268.6
          ],
          [
            -89.30544423870742,
            43.08402165770531,
            268.0
          ]
        ]
      }
    },
    {
      "type": "Feature",
      "properties": {
        "heart_rate": 96,
        "start_time": "2026-06-22T11:12:32",
        "end_time": "2026-06-22T11:12:40"
      },
      "geometry": {
        "type": "LineString",
        "coordinates": [
          [
            -89.30544423870742,
            43.08402165770531,
            268.0
          ],
          [
            -89.30531021207571,
            43.0840184725821,
            267.6
          ]
        ]
      }
    },
    {
      "type": "Feature",
      "properties": {
        "heart_rate": 96,
        "start_time": "2026-06-22T11:12:40",
        "end_time": "2026-06-22T11:12:44"
      },
      "geometry": {
        "type": "LineString",
        "coordinates": [
          [
            -89.30531021207571,
            43.0840184725821,
            267.6
          ],
          [
            -89.3052745051682,
            43.08402048423886,
            267.6
          ]
        ]
      }
    },
    {
      "type": "Feature",
      "properties": {
        "heart_rate": 96,
        "start_time": "2026-06-22T11:12:44",
        "end_time": "2026-06-22T11:12:50"
      },
      "geometry": {
        "type": "LineString",
        "coordinates": [
          [
            -89.3052745051682,
            43.08402048423886,
            267.6
          ],
          [
            -89.30512581020594,
            43.08401780202985,
            267.6
          ]
        ]
      }
    },
    {
      "type": "Feature",
      "properties": {
        "heart_rate": 96,
        "start_time": "2026-06-22T11:12:50",
        "end_time": "2026-06-22T11:12:57"
      },
      "geometry": {
        "type": "LineString",
        "coordinates": [
          [
            -89.30512581020594,
            43.08401780202985,
            267.6
          ],
          [
            -89.30500905029476,
            43.08400581590831,
            268.0
          ]
        ]
      }
    },
    {
      "type": "Feature",
      "properties": {
        "heart_rate": 98,
        "start_time": "2026-06-22T11:12:57",
        "end_time": "2026-06-22T11:12:58"
      },
      "geometry": {
        "type": "LineString",
        "coordinates": [
          [
            -89.30500905029476,
            43.08400581590831,
            268.0
          ],
          [
            -89.30499522015452,
            43.08400765992701,
            268.2
          ]
        ]
      }
    },
    {
      "type": "Feature",
      "properties": {
        "heart_rate": 100,
        "start_time": "2026-06-22T11:12:58",
        "end_time": "2026-06-22T11:12:59"
      },
      "geometry": {
        "type": "LineString",
        "coordinates": [
          [
            -89.30499522015452,
            43.08400765992701,
            268.2
          ],
          [
            -89.30497493594885,
            43.08401235379279,
            268.2
          ]
        ]
      }
    },
    {
      "type": "Feature",
      "properties": {
        "heart_rate": 102,
        "start_time": "2026-06-22T11:12:59",
        "end_time": "2026-06-22T11:13:06"
      },
      "geometry": {
        "type": "LineString",
        "coordinates": [
          [
            -89.30497493594885,
            43.08401235379279,
            268.2
          ],
          [
            -89.30483160540462,
            43.08402467519045,
            267.8
          ]
        ]
      }
    },
    {
      "type": "Feature",
      "properties": {
        "heart_rate": 104,
        "start_time": "2026-06-22T11:13:06",
        "end_time": "2026-06-22T11:13:15"
      },
      "geometry": {
        "type": "LineString",
        "coordinates": [
          [
            -89.30483160540462,
            43.08402467519045,
            267.8
          ],
          [
            -89.30467704311013,
            43.08402945287526,
            267.4
          ]
        ]
      }
    },
    {
      "type": "Feature",
      "properties": {
        "heart_rate": 106,
        "start_time": "2026-06-22T11:13:15",
        "end_time": "2026-06-22T11:13:26"
      },
      "geometry": {
        "type": "LineString",
        "coordinates": [
          [
            -89.30467704311013,
            43.08402945287526,
            267.4
          ],
          [
            -89.304467914626,
            43.084035236388445,
            267.6
          ]
        ]
      }
    },
    {
      "type": "Feature",
      "properties": {
        "heart_rate": 106,
        "start_time": "2026-06-22T11:13:26",
        "end_time": "2026-06-22T11:13:29"
      },
      "geometry": {
        "type": "LineString",
        "coordinates": [
          [
            -89.304467914626,
            43.084035236388445,
            267.6
          ],
          [
            -89.30441653355956,
            43.08403557166457,
            268.0
          ]
        ]
      }
    },
    {
      "type": "Feature",
      "properties": {
        "heart_rate": 102,
        "start_time": "2026-06-22T11:13:29",
        "end_time": "2026-06-22T11:13:33"
      },
      "geometry": {
        "type": "LineString",
        "coordinates": [
          [
            -89.30441653355956,
            43.08403557166457,
            268.0
          ],
          [
            -89.30434998124838,
            43.08403548784554,
            268.2
          ]
        ]
      }
    },
    {
      "type": "Feature",
      "properties": {
        "heart_rate": 102,
        "start_time": "2026-06-22T11:13:33",
        "end_time": "2026-06-22T11:13:36"
      },
      "geometry": {
        "type": "LineString",
        "coordinates": [
          [
            -89.30434998124838,
            43.08403548784554,
            268.2
          ],
          [
            -89.30428518913686,
            43.084034817293286,
            268.4
          ]
        ]
      }
    },
    {
      "type": "Feature",
      "properties": {
        "heart_rate": 104,
        "start_time": "2026-06-22T11:13:36",
        "end_time": "2026-06-22T11:13:39"
      },
      "geometry": {
        "type": "LineString",
        "coordinates": [
          [
            -89.30428518913686,
            43.084034817293286,
            268.4
          ],
          [
            -89.30422483943403,
            43.08403942734003,
            268.2
          ]
        ]
      }
    },
    {
      "type": "Feature",
      "properties": {
        "heart_rate": 104,
        "start_time": "2026-06-22T11:13:39",
        "end_time": "2026-06-22T11:13:46"
      },
      "geometry": {
        "type": "LineString",
        "coordinates": [
          [
            -89.30422483943403,
            43.08403942734003,
            268.2
          ],
          [
            -89.30412190966308,
            43.084060214459896,
            267.8
          ]
        ]
      }
    },
    {
      "type": "Feature",
      "properties": {
        "heart_rate": 106,
        "start_time": "2026-06-22T11:13:46",
        "end_time": "2026-06-22T11:13:52"
      },
      "geometry": {
        "type": "LineString",
        "coordinates": [
          [
            -89.30412190966308,
            43.084060214459896,
            267.8
          ],
          [
            -89.30404169484973,
            43.0840514972806,
            267.6
          ]
        ]
      }
    },
    {
      "type": "Feature",
      "properties": {
        "heart_rate": 108,
        "start_time": "2026-06-22T11:13:52",
        "end_time": "2026-06-22T11:13:54"
      },
      "geometry": {
        "type": "LineString",
        "coordinates": [
          [
            -89.30404169484973,
            43.0840514972806,
            267.6
          ],
          [
            -89.30400556884706,
            43.08404227718711,
            267.6
          ]
        ]
      }
    },
    {
      "type": "Feature",
      "properties": {
        "heart_rate": 108,
        "start_time": "2026-06-22T11:13:54",
        "end_time": "2026-06-22T11:13:56"
      },
      "geometry": {
        "type": "LineString",
        "coordinates": [
          [
            -89.30400556884706,
            43.08404227718711,
            267.6
          ],
          [
            -89.30397505871952,
            43.08404185809195,
            267.6
          ]
        ]
      }
    },
    {
      "type": "Feature",
      "properties": {
        "heart_rate": 108,
        "start_time": "2026-06-22T11:13:56",
        "end_time": "2026-06-22T11:14:00"
      },
      "geometry": {
        "type": "LineString",
        "coordinates": [
          [
            -89.30397505871952,
            43.08404185809195,
            267.6
          ],
          [
            -89.3039068300277,
            43.084042528644204,
            268.2
          ]
        ]
      }
    },
    {
      "type": "Feature",
      "properties": {
        "heart_rate": 105,
        "start_time": "2026-06-22T11:14:00",
        "end_time": "2026-06-22T11:14:03"
      },
      "geometry": {
        "type": "LineString",
        "coordinates": [
          [
            -89.3039068300277,
            43.084042528644204,
            268.2
          ],
          [
            -89.30385938845575,
            43.08404428884387,
            268.6
          ]
        ]
      }
    },
    {
      "type": "Feature",
      "properties": {
        "heart_rate": 104,
        "start_time": "2026-06-22T11:14:03",
        "end_time": "2026-06-22T11:14:07"
      },
      "geometry": {
        "type": "LineString",
        "coordinates": [
          [
            -89.30385938845575,
            43.08404428884387,
            268.6
          ],
          [
            -89.30379945784807,
            43.084039594978094,
            269.0
          ]
        ]
      }
    },
    {
      "type": "Feature",
      "properties": {
        "heart_rate": 104,
        "start_time": "2026-06-22T11:14:07",
        "end_time": "2026-06-22T11:14:08"
      },
      "geometry": {
        "type": "LineString",
        "coordinates": [
          [
            -89.30379945784807,
            43.084039594978094,
            269.0
          ],
          [
            -89.30378487333655,
            43.08403414674103,
            269.0
          ]
        ]
      }
    },
    {
      "type": "Feature",
      "properties": {
        "heart_rate": 103,
        "start_time": "2026-06-22T11:14:08",
        "end_time": "2026-06-22T11:14:15"
      },
      "geometry": {
        "type": "LineString",
        "coordinates": [
          [
            -89.30378487333655,
            43.08403414674103,
            269.0
          ],
          [
            -89.3036631681025,
            43.08404462412,
            269.2
          ]
        ]
      }
    },
    {
      "type": "Feature",
      "properties": {
        "heart_rate": 102,
        "start_time": "2026-06-22T11:14:15",
        "end_time": "2026-06-22T11:14:16"
      },
      "geometry": {
        "type": "LineString",
        "coordinates": [
          [
            -89.3036631681025,
            43.08404462412,
            269.2
          ],
          [
            -89.30365017615259,
            43.08404286392033,
            269.2
          ]
        ]
      }
    },
    {
      "type": "Feature",
      "properties": {
        "heart_rate": 102,
        "start_time": "2026-06-22T11:14:16",
        "end_time": "2026-06-22T11:14:23"
      },
      "geometry": {
        "type": "LineString",
        "coordinates": [
          [
            -89.30365017615259,
            43.08404286392033,
            269.2
          ],
          [
            -89.30354976095259,
            43.084037164226174,
            269.6
          ]
        ]
      }
    },
    {
      "type": "Feature",
      "properties": {
        "heart_rate": 100,
        "start_time": "2026-06-22T11:14:23",
        "end_time": "2026-06-22T11:14:28"
      },
      "geometry": {
        "type": "LineString",
        "coordinates": [
          [
            -89.30354976095259,
            43.084037164226174,
            269.6
          ],
          [
            -89.30354615673423,
            43.084040181711316,
            269.0
          ]
        ]
      }
    },
    {
      "type": "Feature",
      "properties": {
        "heart_rate": 96,
        "start_time": "2026-06-22T11:14:28",
        "end_time": "2026-06-22T11:14:32"
      },
      "geometry": {
        "type": "LineString",
        "coordinates": [
          [
            -89.30354615673423,
            43.084040181711316,
            269.0
          ],
          [
            -89.30352872237563,
            43.08403456583619,
            269.0
          ]
        ]
      }
    },
    {
      "type": "Feature",
      "properties": {
        "heart_rate": 95,
        "start_time": "2026-06-22T11:14:32",
        "end_time": "2026-06-22T11:14:36"
      },
      "geometry": {
        "type": "LineString",
        "coordinates": [
          [
            -89.30352872237563,
            43.08403456583619,
            269.0
          ],
          [
            -89.30352847091854,
            43.084033727645874,
            269.0
          ]
        ]
      }
    },
    {
      "type": "Feature",
      "properties": {
        "heart_rate": 96,
        "start_time": "2026-06-22T11:14:36",
        "end_time": "2026-06-22T11:14:48"
      },
      "geometry": {
        "type": "LineString",
        "coordinates": [
          [
            -89.30352847091854,
            43.084033727645874,
            269.0
          ],
          [
            -89.30343249812722,
            43.0840359069407,
            269.0
          ]
        ]
      }
    },
    {
      "type": "Feature",
      "properties": {
        "heart_rate": 96,
        "start_time": "2026-06-22T11:14:48",
        "end_time": "2026-06-22T11:14:50"
      },
      "geometry": {
        "type": "LineString",
        "coordinates": [
          [
            -89.30343249812722,
            43.0840359069407,
            269.0
          ],
          [
            -89.30338706821203,
            43.08403791859746,
            269.0
          ]
        ]
      }
    },
    {
      "type": "Feature",
      "properties": {
        "heart_rate": 95,
        "start_time": "2026-06-22T11:14:50",
        "end_time": "2026-06-22T11:14:59"
      },
      "geometry": {
        "type": "LineString",
        "coordinates": [
          [
            -89.30338706821203,
            43.08403791859746,
            269.0
          ],
          [
            -89.30325446650386,
            43.084046049043536,
            268.4
          ]
        ]
      }
    },
    {
      "type": "Feature",
      "properties": {
        "heart_rate": 94,
        "start_time": "2026-06-22T11:14:59",
        "end_time": "2026-06-22T11:15:06"
      },
      "geometry": {
        "type": "LineString",
        "coordinates": [
          [
            -89.30325446650386,
            43.084046049043536,
            268.4
          ],
          [
            -89.30325304158032,
            43.084045965224504,
            268.4
          ]
        ]
      }
    },
    {
      "type": "Feature",
      "properties": {
        "heart_rate": 92,
        "start_time": "2026-06-22T11:15:06",
        "end_time": "2026-06-22T11:15:14"
      },
      "geometry": {
        "type": "LineString",
        "coordinates": [
          [
            -89.30325304158032,
            43.084045965224504,
            268.4
          ],
          [
            -89.30324767716229,
            43.0840462166816,
            268.6
          ]
        ]
      }
    },
    {
      "type": "Feature",
      "properties": {
        "heart_rate": 92,
        "start_time": "2026-06-22T11:15:14",
        "end_time": "2026-06-22T11:15:22"
      },
      "geometry": {
        "type": "LineString",
        "coordinates": [
          [
            -89.30324767716229,
            43.0840462166816,
            268.6
          ],
          [
            -89.30305204354227,
            43.08406515978277,
            268.8
          ]
        ]
      }
    },
    {
      "type": "Feature",
      "properties": {
        "heart_rate": 91,
        "start_time": "2026-06-22T11:15:22",
        "end_time": "2026-06-22T11:15:24"
      },
      "geometry": {
        "type": "LineString",
        "coordinates": [
          [
            -89.30305204354227,
            43.08406515978277,
            268.8
          ],
          [
            -89.303009044379,
            43.0840652436018,
            268.8
          ]
        ]
      }
    },
    {
      "type": "Feature",
      "properties": {
        "heart_rate": 90,
        "start_time": "2026-06-22T11:15:24",
        "end_time": "2026-06-22T11:15:26"
      },
      "geometry": {
        "type": "LineString",
        "coordinates": [
          [
            -89.303009044379,
            43.0840652436018,
            268.8
          ],
          [
            -89.30296964943409,
            43.084063651040196,
            268.8
          ]
        ]
      }
    },
    {
      "type": "Feature",
      "properties": {
        "heart_rate": 92,
        "start_time": "2026-06-22T11:15:26",
        "end_time": "2026-06-22T11:15:31"
      },
      "geometry": {
        "type": "LineString",
        "coordinates": [
          [
            -89.30296964943409,
            43.084063651040196,
            268.8
          ],
          [
            -89.30290510877967,
            43.084062645211816,
            268.6
          ]
        ]
      }
    },
    {
      "type": "Feature",
      "properties": {
        "heart_rate": 92,
        "start_time": "2026-06-22T11:15:31",
        "end_time": "2026-06-22T11:15:37"
      },
      "geometry": {
        "type": "LineString",
        "coordinates": [
          [
            -89.30290510877967,
            43.084062645211816,
            268.6
          ],
          [
            -89.30290075019002,
            43.08398167602718,
            268.2
          ]
        ]
      }
    },
    {
      "type": "Feature",
      "properties": {
        "heart_rate": 90,
        "start_time": "2026-06-22T11:15:37",
        "end_time": "2026-06-22T11:15:46"
      },
      "geometry": {
        "type": "LineString",
        "coordinates": [
          [
            -89.30290075019002,
            43.08398167602718,
            268.2
          ],
          [
            -89.3028946314007,
            43.08387086726725,
            267.6
          ]
        ]
      }
    },
    {
      "type": "Feature",
      "properties": {
        "heart_rate": 90,
        "start_time": "2026-06-22T11:15:46",
        "end_time": "2026-06-22T11:15:47"
      },
      "geometry": {
        "type": "LineString",
        "coordinates": [
          [
            -89.3028946314007,
            43.08387086726725,
            267.6
          ],
          [
            -89.30289722979069,
            43.083862317726016,
            267.6
          ]
        ]
      }
    },
    {
      "type": "Feature",
      "properties": {
        "heart_rate": 92,
        "start_time": "2026-06-22T11:15:47",
        "end_time": "2026-06-22T11:15:51"
      },
      "geometry": {
        "type": "LineString",
        "coordinates": [
          [
            -89.30289722979069,
            43.083862317726016,
            267.6
          ],
          [
            -89.30289580486715,
            43.083793837577105,
            268.0
          ]
        ]
      }
    },
    {
      "type": "Feature",
      "properties": {
        "heart_rate": 92,
        "start_time": "2026-06-22T11:15:51",
        "end_time": "2026-06-22T11:15:52"
      },
      "geometry": {
        "type": "LineString",
        "coordinates": [
          [
            -89.30289580486715,
            43.083793837577105,
            268.0
          ],
          [
            -89.30289421230555,
            43.083774307742715,
            268.2
          ]
        ]
      }
    },
    {
      "type": "Feature",
      "properties": {
        "heart_rate": 92,
        "start_time": "2026-06-22T11:15:52",
        "end_time": "2026-06-22T11:16:04"
      },
      "geometry": {
        "type": "LineString",
        "coordinates": [
          [
            -89.30289421230555,
            43.083774307742715,
            268.2
          ],
          [
            -89.30289153009653,
            43.08365176431835,
            268.6
          ]
        ]
      }
    },
    {
      "type": "Feature",
      "properties": {
        "heart_rate": 93,
        "start_time": "2026-06-22T11:16:04",
        "end_time": "2026-06-22T11:16:09"
      },
      "geometry": {
        "type": "LineString",
        "coordinates": [
          [
            -89.30289153009653,
            43.08365176431835,
            268.6
          ],
          [
            -89.30288650095463,
            43.0836386885494,
            269.0
          ]
        ]
      }
    },
    {
      "type": "Feature",
      "properties": {
        "heart_rate": 94,
        "start_time": "2026-06-22T11:16:09",
        "end_time": "2026-06-22T11:16:10"
      },
      "geometry": {
        "type": "LineString",
        "coordinates": [
          [
            -89.30288650095463,
            43.0836386885494,
            269.0
          ],
          [
            -89.30288524366915,
            43.083631563931704,
            269.2
          ]
        ]
      }
    },
    {
      "type": "Feature",
      "properties": {
        "heart_rate": 94,
        "start_time": "2026-06-22T11:16:10",
        "end_time": "2026-06-22T11:16:11"
      },
      "geometry": {
        "type": "LineString",
        "coordinates": [
          [
            -89.30288524366915,
            43.083631563931704,
            269.2
          ],
          [
            -89.30288624949753,
            43.0836215056479,
            269.2
          ]
        ]
      }
    },
    {
      "type": "Feature",
      "properties": {
        "heart_rate": 95,
        "start_time": "2026-06-22T11:16:11",
        "end_time": "2026-06-22T11:16:14"
      },
      "geometry": {
        "type": "LineString",
        "coordinates": [
          [
            -89.30288624949753,
            43.0836215056479,
            269.2
          ],
          [
            -89.30288918316364,
            43.083583787083626,
            269.2
          ]
        ]
      }
    },
    {
      "type": "Feature",
      "properties": {
        "heart_rate": 96,
        "start_time": "2026-06-22T11:16:14",
        "end_time": "2026-06-22T11:16:15"
      },
      "geometry": {
        "type": "LineString",
        "coordinates": [
          [
            -89.30288918316364,
            43.083583787083626,
            269.2
          ],
          [
            -89.30289630778134,
            43.08357037603855,
            269.2
          ]
        ]
      }
    },
    {
      "type": "Feature",
      "properties": {
        "heart_rate": 96,
        "start_time": "2026-06-22T11:16:15",
        "end_time": "2026-06-22T11:16:19"
      },
      "geometry": {
        "type": "LineString",
        "coordinates": [
          [
            -89.30289630778134,
            43.08357037603855,
            269.2
          ],
          [
            -89.30290301330388,
            43.08355855755508,
            269.0
          ]
        ]
      }
    },
    {
      "type": "Feature",
      "properties": {
        "heart_rate": 97,
        "start_time": "2026-06-22T11:16:19",
        "end_time": "2026-06-22T11:16:26"
      },
      "geometry": {
        "type": "LineString",
        "coordinates": [
          [
            -89.30290301330388,
            43.08355855755508,
            269.0
          ],
          [
            -89.30290871299803,
            43.083485551178455,
            268.6
          ]
        ]
      }
    },
    {
      "type": "Feature",
      "properties": {
        "heart_rate": 96,
        "start_time": "2026-06-22T11:16:26",
        "end_time": "2026-06-22T11:16:32"
      },
      "geometry": {
        "type": "LineString",
        "coordinates": [
          [
            -89.30290871299803,
            43.083485551178455,
            268.6
          ],
          [
            -89.30289530195296,
            43.08341254480183,
            269.2
          ]
        ]
      }
    },
    {
      "type": "Feature",
      "properties": {
        "heart_rate": 94,
        "start_time": "2026-06-22T11:16:32",
        "end_time": "2026-06-22T11:16:35"
      },
      "geometry": {
        "type": "LineString",
        "coordinates": [
          [
            -89.30289530195296,
            43.08341254480183,
            269.2
          ],
          [
            -89.30289530195296,
            43.083376502618194,
            269.4
          ]
        ]
      }
    },
    {
      "type": "Feature",
      "properties": {
        "heart_rate": 94,
        "start_time": "2026-06-22T11:16:35",
        "end_time": "2026-06-22T11:16:41"
      },
      "geometry": {
        "type": "LineString",
        "coordinates": [
          [
            -89.30289530195296,
            43.083376502618194,
            269.4
          ],
          [
            -89.3028951343149,
            43.08333434164524,
            269.6
          ]
        ]
      }
    },
    {
      "type": "Feature",
      "properties": {
        "heart_rate": 93,
        "start_time": "2026-06-22T11:16:41",
        "end_time": "2026-06-22T11:16:51"
      },
      "geometry": {
        "type": "LineString",
        "coordinates": [
          [
            -89.3028951343149,
            43.08333434164524,
            269.6
          ],
          [
            -89.30288842879236,
            43.08322328142822,
            269.6
          ]
        ]
      }
    },
    {
      "type": "Feature",
      "properties": {
        "heart_rate": 93,
        "start_time": "2026-06-22T11:16:51",
        "end_time": "2026-06-22T11:16:58"
      },
      "geometry": {
        "type": "LineString",
        "coordinates": [
          [
            -89.30288842879236,
            43.08322328142822,
            269.6
          ],
          [
            -89.30287015624344,
            43.083165027201176,
            269.8
          ]
        ]
      }
    },
    {
      "type": "Feature",
      "properties": {
        "heart_rate": 94,
        "start_time": "2026-06-22T11:16:58",
        "end_time": "2026-06-22T11:17:05"
      },
      "geometry": {
        "type": "LineString",
        "coordinates": [
          [
            -89.30287015624344,
            43.083165027201176,
            269.8
          ],
          [
            -89.30286780931056,
            43.083146922290325,
            270.2
          ]
        ]
      }
    },
    {
      "type": "Feature",
      "properties": {
        "heart_rate": 96,
        "start_time": "2026-06-22T11:17:05",
        "end_time": "2026-06-22T11:17:13"
      },
      "geometry": {
        "type": "LineString",
        "coordinates": [
          [
            -89.30286780931056,
            43.083146922290325,
            270.2
          ],
          [
            -89.30287552066147,
            43.08304701000452,
            270.4
          ]
        ]
      }
    },
    {
      "type": "Feature",
      "properties": {
        "heart_rate": 96,
        "start_time": "2026-06-22T11:17:13",
        "end_time": "2026-06-22T11:17:18"
      },
      "geometry": {
        "type": "LineString",
        "coordinates": [
          [
            -89.30287552066147,
            43.08304701000452,
            270.4
          ],
          [
            -89.30288557894528,
            43.083038460463285,
            270.0
          ]
        ]
      }
    },
    {
      "type": "Feature",
      "properties": {
        "heart_rate": 96,
        "start_time": "2026-06-22T11:17:18",
        "end_time": "2026-06-22T11:17:27"
      },
      "geometry": {
        "type": "LineString",
        "coordinates": [
          [
            -89.30288557894528,
            43.083038460463285,
            270.0
          ],
          [
            -89.30288256146014,
            43.0829943716526,
            270.0
          ]
        ]
      }
    },
    {
      "type": "Feature",
      "properties": {
        "heart_rate": 96,
        "start_time": "2026-06-22T11:17:27",
        "end_time": "2026-06-22T11:17:35"
      },
      "geometry": {
        "type": "LineString",
        "coordinates": [
          [
            -89.30288256146014,
            43.0829943716526,
            270.0
          ],
          [
            -89.3028705753386,
            43.082897644490004,
            269.4
          ]
        ]
      }
    },
    {
      "type": "Feature",
      "properties": {
        "heart_rate": 96,
        "start_time": "2026-06-22T11:17:35",
        "end_time": "2026-06-22T11:17:36"
      },
      "geometry": {
        "type": "LineString",
        "coordinates": [
          [
            -89.3028705753386,
            43.082897644490004,
            269.4
          ],
          [
            -89.30286152288318,
            43.08289119042456,
            269.4
          ]
        ]
      }
    },
    {
      "type": "Feature",
      "properties": {
        "heart_rate": 98,
        "start_time": "2026-06-22T11:17:36",
        "end_time": "2026-06-22T11:17:41"
      },
      "geometry": {
        "type": "LineString",
        "coordinates": [
          [
            -89.30286152288318,
            43.08289119042456,
            269.4
          ],
          [
            -89.30287292227149,
            43.08282606303692,
            269.2
          ]
        ]
      }
    },
    {
      "type": "Feature",
      "properties": {
        "heart_rate": 100,
        "start_time": "2026-06-22T11:17:41",
        "end_time": "2026-06-22T11:17:44"
      },
      "geometry": {
        "type": "LineString",
        "coordinates": [
          [
            -89.30287292227149,
            43.08282606303692,
            269.2
          ],
          [
            -89.30287853814662,
            43.082772167399526,
            269.2
          ]
        ]
      }
    },
    {
      "type": "Feature",
      "properties": {
        "heart_rate": 100,
        "start_time": "2026-06-22T11:17:44",
        "end_time": "2026-06-22T11:17:47"
      },
      "geometry": {
        "type": "LineString",
        "coordinates": [
          [
            -89.30287853814662,
            43.082772167399526,
            269.2
          ],
          [
            -89.30287753231823,
            43.082737885415554,
            269.0
          ]
        ]
      }
    },
    {
      "type": "Feature",
      "properties": {
        "heart_rate": 98,
        "start_time": "2026-06-22T11:17:47",
        "end_time": "2026-06-22T11:17:51"
      },
      "geometry": {
        "type": "LineString",
        "coordinates": [
          [
            -89.30287753231823,
            43.082737885415554,
            269.0
          ],
          [
            -89.30287702940404,
            43.082695389166474,
            268.8
          ]
        ]
      }
    },
    {
      "type": "Feature",
      "properties": {
        "heart_rate": 96,
        "start_time": "2026-06-22T11:17:51",
        "end_time": "2026-06-22T11:17:55"
      },
      "geometry": {
        "type": "LineString",
        "coordinates": [
          [
            -89.30287702940404,
            43.082695389166474,
            268.8
          ],
          [
            -89.30286789312959,
            43.08264962397516,
            269.0
          ]
        ]
      }
    },
    {
      "type": "Feature",
      "properties": {
        "heart_rate": 94,
        "start_time": "2026-06-22T11:17:55",
        "end_time": "2026-06-22T11:17:58"
      },
      "geometry": {
        "type": "LineString",
        "coordinates": [
          [
            -89.30286789312959,
            43.08264962397516,
            269.0
          ],
          [
            -89.30287376046181,
            43.082602517679334,
            269.4
          ]
        ]
      }
    },
    {
      "type": "Feature",
      "properties": {
        "heart_rate": 96,
        "start_time": "2026-06-22T11:17:58",
        "end_time": "2026-06-22T11:18:02"
      },
      "geometry": {
        "type": "LineString",
        "coordinates": [
          [
            -89.30287376046181,
            43.082602517679334,
            269.4
          ],
          [
            -89.3028740119189,
            43.08255339972675,
            269.6
          ]
        ]
      }
    },
    {
      "type": "Feature",
      "properties": {
        "heart_rate": 96,
        "start_time": "2026-06-22T11:18:02",
        "end_time": "2026-06-22T11:18:04"
      },
      "geometry": {
        "type": "LineString",
        "coordinates": [
          [
            -89.3028740119189,
            43.08255339972675,
            269.6
          ],
          [
            -89.30287367664278,
            43.08253604918718,
            269.6
          ]
        ]
      }
    },
    {
      "type": "Feature",
      "properties": {
        "heart_rate": 94,
        "start_time": "2026-06-22T11:18:04",
        "end_time": "2026-06-22T11:18:07"
      },
      "geometry": {
        "type": "LineString",
        "coordinates": [
          [
            -89.30287367664278,
            43.08253604918718,
            269.6
          ],
          [
            -89.3028758559376,
            43.08250159956515,
            269.6
          ]
        ]
      }
    },
    {
      "type": "Feature",
      "properties": {
        "heart_rate": 92,
        "start_time": "2026-06-22T11:18:07",
        "end_time": "2026-06-22T11:18:17"
      },
      "geometry": {
        "type": "LineString",
        "coordinates": [
          [
            -89.3028758559376,
            43.08250159956515,
            269.6
          ],
          [
            -89.30287334136665,
            43.08235508389771,
            270.4
          ]
        ]
      }
    },
    {
      "type": "Feature",
      "properties": {
        "heart_rate": 89,
        "start_time": "2026-06-22T11:18:17",
        "end_time": "2026-06-22T11:18:20"
      },
      "geometry": {
        "type": "LineString",
        "coordinates": [
          [
            -89.30287334136665,
            43.08235508389771,
            270.4
          ],
          [
            -89.30287736468017,
            43.08232088573277,
            270.4
          ]
        ]
      }
    },
    {
      "type": "Feature",
      "properties": {
        "heart_rate": 86,
        "start_time": "2026-06-22T11:18:20",
        "end_time": "2026-06-22T11:18:29"
      },
      "geometry": {
        "type": "LineString",
        "coordinates": [
          [
            -89.30287736468017,
            43.08232088573277,
            270.4
          ],
          [
            -89.30285909213126,
            43.08220052160323,
            268.8
          ]
        ]
      }
    },
    {
      "type": "Feature",
      "properties": {
        "heart_rate": 86,
        "start_time": "2026-06-22T11:18:29",
        "end_time": "2026-06-22T11:18:30"
      },
      "geometry": {
        "type": "LineString",
        "coordinates": [
          [
            -89.30285909213126,
            43.08220052160323,
            268.8
          ],
          [
            -89.30285406298935,
            43.08219482190907,
            268.6
          ]
        ]
      }
    },
    {
      "type": "Feature",
      "properties": {
        "heart_rate": 86,
        "start_time": "2026-06-22T11:18:30",
        "end_time": "2026-06-22T11:18:35"
      },
      "geometry": {
        "type": "LineString",
        "coordinates": [
          [
            -89.30285406298935,
            43.08219482190907,
            268.6
          ],
          [
            -89.30284081958234,
            43.082150565460324,
            268.0
          ]
        ]
      }
    },
    {
      "type": "Feature",
      "properties": {
        "heart_rate": 86,
        "start_time": "2026-06-22T11:18:35",
        "end_time": "2026-06-22T11:18:39"
      },
      "geometry": {
        "type": "LineString",
        "coordinates": [
          [
            -89.30284081958234,
            43.082150565460324,
            268.0
          ],
          [
            -89.30282866582274,
            43.082147128880024,
            268.0
          ]
        ]
      }
    },
    {
      "type": "Feature",
      "properties": {
        "heart_rate": 84,
        "start_time": "2026-06-22T11:18:39",
        "end_time": "2026-06-22T11:18:43"
      },
      "geometry": {
        "type": "LineString",
        "coordinates": [
          [
            -89.30282866582274,
            43.082147128880024,
            268.0
          ],
          [
            -89.30278801359236,
            43.082142351195216,
            267.8
          ]
        ]
      }
    },
    {
      "type": "Feature",
      "properties": {
        "heart_rate": 84,
        "start_time": "2026-06-22T11:18:43",
        "end_time": "2026-06-22T11:18:44"
      },
      "geometry": {
        "type": "LineString",
        "coordinates": [
          [
            -89.30278801359236,
            43.082142351195216,
            267.8
          ],
          [
            -89.30277317762375,
            43.0821415130049,
            267.8
          ]
        ]
      }
    },
    {
      "type": "Feature",
      "properties": {
        "heart_rate": 86,
        "start_time": "2026-06-22T11:18:44",
        "end_time": "2026-06-22T11:18:45"
      },
      "geometry": {
        "type": "LineString",
        "coordinates": [
          [
            -89.30277317762375,
            43.0821415130049,
            267.8
          ],
          [
            -89.30276094004512,
            43.08214017190039,
            267.6
          ]
        ]
      }
    },
    {
      "type": "Feature",
      "properties": {
        "heart_rate": 86,
        "start_time": "2026-06-22T11:18:45",
        "end_time": "2026-06-22T11:18:49"
      },
      "geometry": {
        "type": "LineString",
        "coordinates": [
          [
            -89.30276094004512,
            43.08214017190039,
            267.6
          ],
          [
            -89.30271995253861,
            43.08213262818754,
            267.6
          ]
        ]
      }
    },
    {
      "type": "Feature",
      "properties": {
        "heart_rate": 88,
        "start_time": "2026-06-22T11:18:49",
        "end_time": "2026-06-22T11:18:52"
      },
      "geometry": {
        "type": "LineString",
        "coordinates": [
          [
            -89.30271995253861,
            43.08213262818754,
            267.6
          ],
          [
            -89.3026723433286,
            43.082114942371845,
            267.6
          ]
        ]
      }
    },
    {
      "type": "Feature",
      "properties": {
        "heart_rate": 86,
        "start_time": "2026-06-22T11:18:52",
        "end_time": "2026-06-22T11:18:58"
      },
      "geometry": {
        "type": "LineString",
        "coordinates": [
          [
            -89.3026723433286,
            43.082114942371845,
            267.6
          ],
          [
            -89.30255575105548,
            43.08212022297084,
            267.8
          ]
        ]
      }
    },
    {
      "type": "Feature",
      "properties": {
        "heart_rate": 88,
        "start_time": "2026-06-22T11:18:58",
        "end_time": "2026-06-22T11:19:00"
      },
      "geometry": {
        "type": "LineString",
        "coordinates": [
          [
            -89.30255575105548,
            43.08212022297084,
            267.8
          ],
          [
            -89.30255197919905,
            43.08212164789438,
            268.2
          ]
        ]
      }
    },
    {
      "type": "Feature",
      "properties": {
        "heart_rate": 89,
        "start_time": "2026-06-22T11:19:00",
        "end_time": "2026-06-22T11:19:02"
      },
      "geometry": {
        "type": "LineString",
        "coordinates": [
          [
            -89.30255197919905,
            43.08212164789438,
            268.2
          ],
          [
            -89.30250881239772,
            43.082107566297054,
            268.4
          ]
        ]
      }
    },
    {
      "type": "Feature",
      "properties": {
        "heart_rate": 88,
        "start_time": "2026-06-22T11:19:02",
        "end_time": "2026-06-22T11:19:13"
      },
      "geometry": {
        "type": "LineString",
        "coordinates": [
          [
            -89.30250881239772,
            43.082107566297054,
            268.4
          ],
          [
            -89.30230152793229,
            43.08211963623762,
            271.2
          ]
        ]
      }
    },
    {
      "type": "Feature",
      "properties": {
        "heart_rate": 90,
        "start_time": "2026-06-22T11:19:13",
        "end_time": "2026-06-22T11:19:18"
      },
      "geometry": {
        "type": "LineString",
        "coordinates": [
          [
            -89.30230152793229,
            43.08211963623762,
            271.2
          ],
          [
            -89.30222047492862,
            43.08213187381625,
            272.2
          ]
        ]
      }
    },
    {
      "type": "Feature",
      "properties": {
        "heart_rate": 91,
        "start_time": "2026-06-22T11:19:18",
        "end_time": "2026-06-22T11:19:23"
      },
      "geometry": {
        "type": "LineString",
        "coordinates": [
          [
            -89.30222047492862,
            43.08213187381625,
            272.2
          ],
          [
            -89.30212441831827,
            43.08213044889271,
            272.4
          ]
        ]
      }
    },
    {
      "type": "Feature",
      "properties": {
        "heart_rate": 92,
        "start_time": "2026-06-22T11:19:23",
        "end_time": "2026-06-22T11:19:31"
      },
      "geometry": {
        "type": "LineString",
        "coordinates": [
          [
            -89.30212441831827,
            43.08213044889271,
            272.4
          ],
          [
            -89.30198175832629,
            43.08214696124196,
            272.8
          ]
        ]
      }
    },
    {
      "type": "Feature",
      "properties": {
        "heart_rate": 92,
        "start_time": "2026-06-22T11:19:31",
        "end_time": "2026-06-22T11:19:40"
      },
      "geometry": {
        "type": "LineString",
        "coordinates": [
          [
            -89.30198175832629,
            43.08214696124196,
            272.8
          ],
          [
            -89.30182317271829,
            43.0821518227458,
            272.6
          ]
        ]
      }
    },
    {
      "type": "Feature",
      "properties": {
        "heart_rate": 92,
        "start_time": "2026-06-22T11:19:40",
        "end_time": "2026-06-22T11:19:42"
      },
      "geometry": {
        "type": "LineString",
        "coordinates": [
          [
            -89.30182317271829,
            43.0821518227458,
            272.6
          ],
          [
            -89.30178956128657,
            43.08214989490807,
            272.4
          ]
        ]
      }
    },
    {
      "type": "Feature",
      "properties": {
        "heart_rate": 94,
        "start_time": "2026-06-22T11:19:42",
        "end_time": "2026-06-22T11:19:50"
      },
      "geometry": {
        "type": "LineString",
        "coordinates": [
          [
            -89.30178956128657,
            43.08214989490807,
            272.4
          ],
          [
            -89.30165058933198,
            43.082159869372845,
            272.0
          ]
        ]
      }
    },
    {
      "type": "Feature",
      "properties": {
        "heart_rate": 95,
        "start_time": "2026-06-22T11:19:50",
        "end_time": "2026-06-22T11:20:03"
      },
      "geometry": {
        "type": "LineString",
        "coordinates": [
          [
            -89.30165058933198,
            43.082159869372845,
            272.0
          ],
          [
            -89.30141271091998,
            43.0821658205241,
            271.8
          ]
        ]
      }
    }
  ]
}