{
  "type": "FeatureCollection",
  "features": [
    {
      "type": "Feature",
      "properties": {
        "heart_rate": 94,
        "start_time": "2026-06-22T10:47:59",
        "end_time": "2026-06-22T10:48:09"
      },
      "geometry": {
        "type": "LineString",
        "coordinates": [
          [
            -89.30125010199845,
            43.082166742533445,
            270.4
          ],
          [
            -89.30142905563116,
            43.08217152021825,
            271.2
          ]
        ]
      }
    },
    {
      "type": "Feature",
      "properties": {
        "heart_rate": 96,
        "start_time": "2026-06-22T10:48:09",
        "end_time": "2026-06-22T10:48:14"
      },
      "geometry": {
        "type": "LineString",
        "coordinates": [
          [
            -89.30142905563116,
            43.08217152021825,
            271.2
          ],
          [
            -89.30151756852865,
            43.082173531875014,
            271.2
          ]
        ]
      }
    },
    {
      "type": "Feature",
      "properties": {
        "heart_rate": 98,
        "start_time": "2026-06-22T10:48:14",
        "end_time": "2026-06-22T10:48:21"
      },
      "geometry": {
        "type": "LineString",
        "coordinates": [
          [
            -89.30151756852865,
            43.082173531875014,
            271.2
          ],
          [
            -89.30164623074234,
            43.08216934092343,
            271.0
          ]
        ]
      }
    },
    {
      "type": "Feature",
      "properties": {
        "heart_rate": 96,
        "start_time": "2026-06-22T10:48:21",
        "end_time": "2026-06-22T10:48:30"
      },
      "geometry": {
        "type": "LineString",
        "coordinates": [
          [
            -89.30164623074234,
            43.08216934092343,
            271.0
          ],
          [
            -89.30174706503749,
            43.08215618133545,
            269.0
          ]
        ]
      }
    },
    {
      "type": "Feature",
      "properties": {
        "heart_rate": 95,
        "start_time": "2026-06-22T10:48:30",
        "end_time": "2026-06-22T10:48:39"
      },
      "geometry": {
        "type": "LineString",
        "coordinates": [
          [
            -89.30174706503749,
            43.08215618133545,
            269.0
          ],
          [
            -89.30182225070894,
            43.082158444449306,
            268.0
          ]
        ]
      }
    },
    {
      "type": "Feature",
      "properties": {
        "heart_rate": 93,
        "start_time": "2026-06-22T10:48:39",
        "end_time": "2026-06-22T10:48:49"
      },
      "geometry": {
        "type": "LineString",
        "coordinates": [
          [
            -89.30182225070894,
            43.082158444449306,
            268.0
          ],
          [
            -89.30201444774866,
            43.08215484023094,
            268.0
          ]
        ]
      }
    },
    {
      "type": "Feature",
      "properties": {
        "heart_rate": 92,
        "start_time": "2026-06-22T10:48:49",
        "end_time": "2026-06-22T10:48:58"
      },
      "geometry": {
        "type": "LineString",
        "coordinates": [
          [
            -89.30201444774866,
            43.08215484023094,
            268.0
          ],
          [
            -89.30216674692929,
            43.082155929878354,
            268.4
          ]
        ]
      }
    },
    {
      "type": "Feature",
      "properties": {
        "heart_rate": 92,
        "start_time": "2026-06-22T10:48:58",
        "end_time": "2026-06-22T10:49:05"
      },
      "geometry": {
        "type": "LineString",
        "coordinates": [
          [
            -89.30216674692929,
            43.082155929878354,
            268.4
          ],
          [
            -89.30227571167052,
            43.082141261547804,
            268.8
          ]
        ]
      }
    },
    {
      "type": "Feature",
      "properties": {
        "heart_rate": 94,
        "start_time": "2026-06-22T10:49:05",
        "end_time": "2026-06-22T10:49:08"
      },
      "geometry": {
        "type": "LineString",
        "coordinates": [
          [
            -89.30227571167052,
            43.082141261547804,
            268.8
          ],
          [
            -89.30232365615666,
            43.082136986777186,
            268.8
          ]
        ]
      }
    },
    {
      "type": "Feature",
      "properties": {
        "heart_rate": 94,
        "start_time": "2026-06-22T10:49:08",
        "end_time": "2026-06-22T10:49:19"
      },
      "geometry": {
        "type": "LineString",
        "coordinates": [
          [
            -89.30232365615666,
            43.082136986777186,
            268.8
          ],
          [
            -89.30249724537134,
            43.082132963463664,
            269.2
          ]
        ]
      }
    },
    {
      "type": "Feature",
      "properties": {
        "heart_rate": 94,
        "start_time": "2026-06-22T10:49:19",
        "end_time": "2026-06-22T10:49:24"
      },
      "geometry": {
        "type": "LineString",
        "coordinates": [
          [
            -89.30249724537134,
            43.082132963463664,
            269.2
          ],
          [
            -89.30252758786082,
            43.08212013915181,
            270.2
          ]
        ]
      }
    },
    {
      "type": "Feature",
      "properties": {
        "heart_rate": 94,
        "start_time": "2026-06-22T10:49:24",
        "end_time": "2026-06-22T10:49:32"
      },
      "geometry": {
        "type": "LineString",
        "coordinates": [
          [
            -89.30252758786082,
            43.08212013915181,
            270.2
          ],
          [
            -89.30255256593227,
            43.082116954028606,
            271.6
          ]
        ]
      }
    },
    {
      "type": "Feature",
      "properties": {
        "heart_rate": 92,
        "start_time": "2026-06-22T10:49:32",
        "end_time": "2026-06-22T10:49:36"
      },
      "geometry": {
        "type": "LineString",
        "coordinates": [
          [
            -89.30255256593227,
            43.082116954028606,
            271.6
          ],
          [
            -89.3026150111109,
            43.08211502619088,
            272.0
          ]
        ]
      }
    },
    {
      "type": "Feature",
      "properties": {
        "heart_rate": 92,
        "start_time": "2026-06-22T10:49:36",
        "end_time": "2026-06-22T10:49:44"
      },
      "geometry": {
        "type": "LineString",
        "coordinates": [
          [
            -89.3026150111109,
            43.08211502619088,
            272.0
          ],
          [
            -89.30274149402976,
            43.08212039060891,
            271.6
          ]
        ]
      }
    },
    {
      "type": "Feature",
      "properties": {
        "heart_rate": 93,
        "start_time": "2026-06-22T10:49:44",
        "end_time": "2026-06-22T10:49:47"
      },
      "geometry": {
        "type": "LineString",
        "coordinates": [
          [
            -89.30274149402976,
            43.08212039060891,
            271.6
          ],
          [
            -89.30278851650655,
            43.082109075039625,
            270.6
          ]
        ]
      }
    },
    {
      "type": "Feature",
      "properties": {
        "heart_rate": 94,
        "start_time": "2026-06-22T10:49:47",
        "end_time": "2026-06-22T10:49:52"
      },
      "geometry": {
        "type": "LineString",
        "coordinates": [
          [
            -89.30278851650655,
            43.082109075039625,
            270.6
          ],
          [
            -89.30282363668084,
            43.08206138201058,
            269.6
          ]
        ]
      }
    },
    {
      "type": "Feature",
      "properties": {
        "heart_rate": 96,
        "start_time": "2026-06-22T10:49:52",
        "end_time": "2026-06-22T10:49:54"
      },
      "geometry": {
        "type": "LineString",
        "coordinates": [
          [
            -89.30282363668084,
            43.08206138201058,
            269.6
          ],
          [
            -89.3028325214982,
            43.082048054784536,
            269.0
          ]
        ]
      }
    },
    {
      "type": "Feature",
      "properties": {
        "heart_rate": 98,
        "start_time": "2026-06-22T10:49:54",
        "end_time": "2026-06-22T10:49:56"
      },
      "geometry": {
        "type": "LineString",
        "coordinates": [
          [
            -89.3028325214982,
            43.082048054784536,
            269.0
          ],
          [
            -89.30284928530455,
            43.0820344761014,
            268.6
          ]
        ]
      }
    },
    {
      "type": "Feature",
      "properties": {
        "heart_rate": 99,
        "start_time": "2026-06-22T10:49:56",
        "end_time": "2026-06-22T10:49:59"
      },
      "geometry": {
        "type": "LineString",
        "coordinates": [
          [
            -89.30284928530455,
            43.0820344761014,
            268.6
          ],
          [
            -89.30285389535129,
            43.082009917125106,
            268.4
          ]
        ]
      }
    },
    {
      "type": "Feature",
      "properties": {
        "heart_rate": 98,
        "start_time": "2026-06-22T10:49:59",
        "end_time": "2026-06-22T10:50:02"
      },
      "geometry": {
        "type": "LineString",
        "coordinates": [
          [
            -89.30285389535129,
            43.082009917125106,
            268.4
          ],
          [
            -89.30284433998168,
            43.08197882026434,
            268.8
          ]
        ]
      }
    },
    {
      "type": "Feature",
      "properties": {
        "heart_rate": 96,
        "start_time": "2026-06-22T10:50:02",
        "end_time": "2026-06-22T10:50:05"
      },
      "geometry": {
        "type": "LineString",
        "coordinates": [
          [
            -89.30284433998168,
            43.08197882026434,
            268.8
          ],
          [
            -89.30285112932324,
            43.0819721147418,
            269.0
          ]
        ]
      }
    },
    {
      "type": "Feature",
      "properties": {
        "heart_rate": 94,
        "start_time": "2026-06-22T10:50:05",
        "end_time": "2026-06-22T10:50:06"
      },
      "geometry": {
        "type": "LineString",
        "coordinates": [
          [
            -89.30285112932324,
            43.0819721147418,
            269.0
          ],
          [
            -89.30285221897066,
            43.08196725323796,
            269.2
          ]
        ]
      }
    },
    {
      "type": "Feature",
      "properties": {
        "heart_rate": 94,
        "start_time": "2026-06-22T10:50:06",
        "end_time": "2026-06-22T10:50:12"
      },
      "geometry": {
        "type": "LineString",
        "coordinates": [
          [
            -89.30285221897066,
            43.08196725323796,
            269.2
          ],
          [
            -89.30286261253059,
            43.081903802230954,
            268.4
          ]
        ]
      }
    },
    {
      "type": "Feature",
      "properties": {
        "heart_rate": 92,
        "start_time": "2026-06-22T10:50:12",
        "end_time": "2026-06-22T10:50:19"
      },
      "geometry": {
        "type": "LineString",
        "coordinates": [
          [
            -89.30286261253059,
            43.081903802230954,
            268.4
          ],
          [
            -89.30284920148551,
            43.08185652829707,
            267.8
          ]
        ]
      }
    },
    {
      "type": "Feature",
      "properties": {
        "heart_rate": 92,
        "start_time": "2026-06-22T10:50:19",
        "end_time": "2026-06-22T10:50:29"
      },
      "geometry": {
        "type": "LineString",
        "coordinates": [
          [
            -89.30284920148551,
            43.08185652829707,
            267.8
          ],
          [
            -89.30287669412792,
            43.081909250468016,
            268.2
          ]
        ]
      }
    },
    {
      "type": "Feature",
      "properties": {
        "heart_rate": 92,
        "start_time": "2026-06-22T10:50:29",
        "end_time": "2026-06-22T10:50:38"
      },
      "geometry": {
        "type": "LineString",
        "coordinates": [
          [
            -89.30287669412792,
            43.081909250468016,
            268.2
          ],
          [
            -89.30290318094194,
            43.08202005922794,
            270.0
          ]
        ]
      }
    },
    {
      "type": "Feature",
      "properties": {
        "heart_rate": 93,
        "start_time": "2026-06-22T10:50:38",
        "end_time": "2026-06-22T10:50:47"
      },
      "geometry": {
        "type": "LineString",
        "coordinates": [
          [
            -89.30290318094194,
            43.08202005922794,
            270.0
          ],
          [
            -89.30291835218668,
            43.082139333710074,
            269.8
          ]
        ]
      }
    },
    {
      "type": "Feature",
      "properties": {
        "heart_rate": 94,
        "start_time": "2026-06-22T10:50:47",
        "end_time": "2026-06-22T10:50:53"
      },
      "geometry": {
        "type": "LineString",
        "coordinates": [
          [
            -89.30291835218668,
            43.082139333710074,
            269.8
          ],
          [
            -89.30289722979069,
            43.082217033952475,
            270.0
          ]
        ]
      }
    },
    {
      "type": "Feature",
      "properties": {
        "heart_rate": 96,
        "start_time": "2026-06-22T10:50:53",
        "end_time": "2026-06-22T10:50:58"
      },
      "geometry": {
        "type": "LineString",
        "coordinates": [
          [
            -89.30289722979069,
            43.082217033952475,
            270.0
          ],
          [
            -89.30288893170655,
            43.082276126369834,
            270.0
          ]
        ]
      }
    },
    {
      "type": "Feature",
      "properties": {
        "heart_rate": 96,
        "start_time": "2026-06-22T10:50:58",
        "end_time": "2026-06-22T10:51:08"
      },
      "geometry": {
        "type": "LineString",
        "coordinates": [
          [
            -89.30288893170655,
            43.082276126369834,
            270.0
          ],
          [
            -89.30289949290454,
            43.08240721933544,
            267.6
          ]
        ]
      }
    },
    {
      "type": "Feature",
      "properties": {
        "heart_rate": 97,
        "start_time": "2026-06-22T10:51:08",
        "end_time": "2026-06-22T10:51:18"
      },
      "geometry": {
        "type": "LineString",
        "coordinates": [
          [
            -89.30289949290454,
            43.08240721933544,
            267.6
          ],
          [
            -89.30289320647717,
            43.08253621682525,
            268.6
          ]
        ]
      }
    },
    {
      "type": "Feature",
      "properties": {
        "heart_rate": 98,
        "start_time": "2026-06-22T10:51:18",
        "end_time": "2026-06-22T10:51:26"
      },
      "geometry": {
        "type": "LineString",
        "coordinates": [
          [
            -89.30289320647717,
            43.08253621682525,
            268.6
          ],
          [
            -89.30289505049586,
            43.08261014521122,
            268.4
          ]
        ]
      }
    },
    {
      "type": "Feature",
      "properties": {
        "heart_rate": 99,
        "start_time": "2026-06-22T10:51:26",
        "end_time": "2026-06-22T10:51:27"
      },
      "geometry": {
        "type": "LineString",
        "coordinates": [
          [
            -89.30289505049586,
            43.08261014521122,
            268.4
          ],
          [
            -89.30289982818067,
            43.082620119675994,
            268.4
          ]
        ]
      }
    },
    {
      "type": "Feature",
      "properties": {
        "heart_rate": 99,
        "start_time": "2026-06-22T10:51:27",
        "end_time": "2026-06-22T10:51:35"
      },
      "geometry": {
        "type": "LineString",
        "coordinates": [
          [
            -89.30289982818067,
            43.082620119675994,
            268.4
          ],
          [
            -89.30290468968451,
            43.08271408081055,
            268.0
          ]
        ]
      }
    },
    {
      "type": "Feature",
      "properties": {
        "heart_rate": 99,
        "start_time": "2026-06-22T10:51:35",
        "end_time": "2026-06-22T10:51:44"
      },
      "geometry": {
        "type": "LineString",
        "coordinates": [
          [
            -89.30290468968451,
            43.08271408081055,
            268.0
          ],
          [
            -89.30291265249252,
            43.08285288512707,
            268.2
          ]
        ]
      }
    },
    {
      "type": "Feature",
      "properties": {
        "heart_rate": 98,
        "start_time": "2026-06-22T10:51:44",
        "end_time": "2026-06-22T10:51:51"
      },
      "geometry": {
        "type": "LineString",
        "coordinates": [
          [
            -89.30291265249252,
            43.08285288512707,
            268.2
          ],
          [
            -89.30291860364377,
            43.082910468801856,
            270.4
          ]
        ]
      }
    },
    {
      "type": "Feature",
      "properties": {
        "heart_rate": 98,
        "start_time": "2026-06-22T10:51:51",
        "end_time": "2026-06-22T10:51:58"
      },
      "geometry": {
        "type": "LineString",
        "coordinates": [
          [
            -89.30291860364377,
            43.082910468801856,
            270.4
          ],
          [
            -89.30299898609519,
            43.0829547252506,
            271.0
          ]
        ]
      }
    },
    {
      "type": "Feature",
      "properties": {
        "heart_rate": 99,
        "start_time": "2026-06-22T10:51:58",
        "end_time": "2026-06-22T10:52:05"
      },
      "geometry": {
        "type": "LineString",
        "coordinates": [
          [
            -89.30299898609519,
            43.0829547252506,
            271.0
          ],
          [
            -89.303117422387,
            43.082993449643254,
            271.2
          ]
        ]
      }
    },
    {
      "type": "Feature",
      "properties": {
        "heart_rate": 100,
        "start_time": "2026-06-22T10:52:05",
        "end_time": "2026-06-22T10:52:14"
      },
      "geometry": {
        "type": "LineString",
        "coordinates": [
          [
            -89.303117422387,
            43.082993449643254,
            271.2
          ],
          [
            -89.3032297398895,
            43.08304600417614,
            269.8
          ]
        ]
      }
    },
    {
      "type": "Feature",
      "properties": {
        "heart_rate": 101,
        "start_time": "2026-06-22T10:52:14",
        "end_time": "2026-06-22T10:52:19"
      },
      "geometry": {
        "type": "LineString",
        "coordinates": [
          [
            -89.3032297398895,
            43.08304600417614,
            269.8
          ],
          [
            -89.30324013344944,
            43.08306494727731,
            269.4
          ]
        ]
      }
    },
    {
      "type": "Feature",
      "properties": {
        "heart_rate": 100,
        "start_time": "2026-06-22T10:52:19",
        "end_time": "2026-06-22T10:52:24"
      },
      "geometry": {
        "type": "LineString",
        "coordinates": [
          [
            -89.30324013344944,
            43.08306494727731,
            269.4
          ],
          [
            -89.3032439891249,
            43.08311406522989,
            269.6
          ]
        ]
      }
    },
    {
      "type": "Feature",
      "properties": {
        "heart_rate": 99,
        "start_time": "2026-06-22T10:52:24",
        "end_time": "2026-06-22T10:52:32"
      },
      "geometry": {
        "type": "LineString",
        "coordinates": [
          [
            -89.3032439891249,
            43.08311406522989,
            269.6
          ],
          [
            -89.30323225446045,
            43.08318765833974,
            269.4
          ]
        ]
      }
    },
    {
      "type": "Feature",
      "properties": {
        "heart_rate": 100,
        "start_time": "2026-06-22T10:52:32",
        "end_time": "2026-06-22T10:52:45"
      },
      "geometry": {
        "type": "LineString",
        "coordinates": [
          [
            -89.30323225446045,
            43.08318765833974,
            269.4
          ],
          [
            -89.30323787033558,
            43.08336610905826,
            269.4
          ]
        ]
      }
    },
    {
      "type": "Feature",
      "properties": {
        "heart_rate": 99,
        "start_time": "2026-06-22T10:52:45",
        "end_time": "2026-06-22T10:52:54"
      },
      "geometry": {
        "type": "LineString",
        "coordinates": [
          [
            -89.30323787033558,
            43.08336610905826,
            269.4
          ],
          [
            -89.30324172601104,
            43.08345856145024,
            270.0
          ]
        ]
      }
    },
    {
      "type": "Feature",
      "properties": {
        "heart_rate": 98,
        "start_time": "2026-06-22T10:52:54",
        "end_time": "2026-06-22T10:53:03"
      },
      "geometry": {
        "type": "LineString",
        "coordinates": [
          [
            -89.30324172601104,
            43.08345856145024,
            270.0
          ],
          [
            -89.3032485153526,
            43.083569537848234,
            269.8
          ]
        ]
      }
    },
    {
      "type": "Feature",
      "properties": {
        "heart_rate": 96,
        "start_time": "2026-06-22T10:53:03",
        "end_time": "2026-06-22T10:53:11"
      },
      "geometry": {
        "type": "LineString",
        "coordinates": [
          [
            -89.3032485153526,
            43.083569537848234,
            269.8
          ],
          [
            -89.30324985645711,
            43.083662912249565,
            269.6
          ]
        ]
      }
    },
    {
      "type": "Feature",
      "properties": {
        "heart_rate": 96,
        "start_time": "2026-06-22T10:53:11",
        "end_time": "2026-06-22T10:53:19"
      },
      "geometry": {
        "type": "LineString",
        "coordinates": [
          [
            -89.30324985645711,
            43.083662912249565,
            269.6
          ],
          [
            -89.30324264802039,
            43.08369778096676,
            269.6
          ]
        ]
      }
    },
    {
      "type": "Feature",
      "properties": {
        "heart_rate": 95,
        "start_time": "2026-06-22T10:53:19",
        "end_time": "2026-06-22T10:53:26"
      },
      "geometry": {
        "type": "LineString",
        "coordinates": [
          [
            -89.30324264802039,
            43.08369778096676,
            269.6
          ],
          [
            -89.30324574932456,
            43.083696691319346,
            269.6
          ]
        ]
      }
    },
    {
      "type": "Feature",
      "properties": {
        "heart_rate": 96,
        "start_time": "2026-06-22T10:53:26",
        "end_time": "2026-06-22T10:53:40"
      },
      "geometry": {
        "type": "LineString",
        "coordinates": [
          [
            -89.30324574932456,
            43.083696691319346,
            269.6
          ],
          [
            -89.30324591696262,
            43.083697110414505,
            269.0
          ]
        ]
      }
    },
    {
      "type": "Feature",
      "properties": {
        "heart_rate": 96,
        "start_time": "2026-06-22T10:53:40",
        "end_time": "2026-06-22T10:53:58"
      },
      "geometry": {
        "type": "LineString",
        "coordinates": [
          [
            -89.30324591696262,
            43.083697110414505,
            269.0
          ],
          [
            -89.30325295776129,
            43.08369836769998,
            268.6
          ]
        ]
      }
    },
    {
      "type": "Feature",
      "properties": {
        "heart_rate": 94,
        "start_time": "2026-06-22T10:53:58",
        "end_time": "2026-06-22T10:54:07"
      },
      "geometry": {
        "type": "LineString",
        "coordinates": [
          [
            -89.30325295776129,
            43.08369836769998,
            268.6
          ],
          [
            -89.30325421504676,
            43.08369970880449,
            268.0
          ]
        ]
      }
    },
    {
      "type": "Feature",
      "properties": {
        "heart_rate": 92,
        "start_time": "2026-06-22T10:54:07",
        "end_time": "2026-06-22T10:54:22"
      },
      "geometry": {
        "type": "LineString",
        "coordinates": [
          [
            -89.30325421504676,
            43.08369970880449,
            268.0
          ],
          [
            -89.30325480177999,
            43.08376039378345,
            268.2
          ]
        ]
      }
    },
    {
      "type": "Feature",
      "properties": {
        "heart_rate": 91,
        "start_time": "2026-06-22T10:54:22",
        "end_time": "2026-06-22T10:54:31"
      },
      "geometry": {
        "type": "LineString",
        "coordinates": [
          [
            -89.30325480177999,
            43.08376039378345,
            268.2
          ],
          [
            -89.30329478345811,
            43.08383415453136,
            268.2
          ]
        ]
      }
    },
    {
      "type": "Feature",
      "properties": {
        "heart_rate": 91,
        "start_time": "2026-06-22T10:54:31",
        "end_time": "2026-06-22T10:54:37"
      },
      "geometry": {
        "type": "LineString",
        "coordinates": [
          [
            -89.30329478345811,
            43.08383415453136,
            268.2
          ],
          [
            -89.30336183868349,
            43.0838699452579,
            267.6
          ]
        ]
      }
    },
    {
      "type": "Feature",
      "properties": {
        "heart_rate": 90,
        "start_time": "2026-06-22T10:54:37",
        "end_time": "2026-06-22T10:54:43"
      },
      "geometry": {
        "type": "LineString",
        "coordinates": [
          [
            -89.30336183868349,
            43.0838699452579,
            267.6
          ],
          [
            -89.30344993248582,
            43.08390850201249,
            267.8
          ]
        ]
      }
    },
    {
      "type": "Feature",
      "properties": {
        "heart_rate": 88,
        "start_time": "2026-06-22T10:54:43",
        "end_time": "2026-06-22T10:54:45"
      },
      "geometry": {
        "type": "LineString",
        "coordinates": [
          [
            -89.30344993248582,
            43.08390850201249,
            267.8
          ],
          [
            -89.30348253808916,
            43.0839286185801,
            268.0
          ]
        ]
      }
    },
    {
      "type": "Feature",
      "properties": {
        "heart_rate": 88,
        "start_time": "2026-06-22T10:54:45",
        "end_time": "2026-06-22T10:54:56"
      },
      "geometry": {
        "type": "LineString",
        "coordinates": [
          [
            -89.30348253808916,
            43.0839286185801,
            268.0
          ],
          [
            -89.30364171043038,
            43.08401646092534,
            269.2
          ]
        ]
      }
    },
    {
      "type": "Feature",
      "properties": {
        "heart_rate": 88,
        "start_time": "2026-06-22T10:54:56",
        "end_time": "2026-06-22T10:55:04"
      },
      "geometry": {
        "type": "LineString",
        "coordinates": [
          [
            -89.30364171043038,
            43.08401646092534,
            269.2
          ],
          [
            -89.30376777425408,
            43.08404864743352,
            269.8
          ]
        ]
      }
    },
    {
      "type": "Feature",
      "properties": {
        "heart_rate": 88,
        "start_time": "2026-06-22T10:55:04",
        "end_time": "2026-06-22T10:55:11"
      },
      "geometry": {
        "type": "LineString",
        "coordinates": [
          [
            -89.30376777425408,
            43.08404864743352,
            269.8
          ],
          [
            -89.30380582809448,
            43.08404286392033,
            270.4
          ]
        ]
      }
    },
    {
      "type": "Feature",
      "properties": {
        "heart_rate": 90,
        "start_time": "2026-06-22T10:55:11",
        "end_time": "2026-06-22T10:55:31"
      },
      "geometry": {
        "type": "LineString",
        "coordinates": [
          [
            -89.30380582809448,
            43.08404286392033,
            270.4
          ],
          [
            -89.30380859412253,
            43.08403951115906,
            271.0
          ]
        ]
      }
    },
    {
      "type": "Feature",
      "properties": {
        "heart_rate": 92,
        "start_time": "2026-06-22T10:55:31",
        "end_time": "2026-06-22T10:55:42"
      },
      "geometry": {
        "type": "LineString",
        "coordinates": [
          [
            -89.30380859412253,
            43.08403951115906,
            271.0
          ],
          [
            -89.30385679006577,
            43.08404177427292,
            271.0
          ]
        ]
      }
    },
    {
      "type": "Feature",
      "properties": {
        "heart_rate": 94,
        "start_time": "2026-06-22T10:55:42",
        "end_time": "2026-06-22T10:55:44"
      },
      "geometry": {
        "type": "LineString",
        "coordinates": [
          [
            -89.30385679006577,
            43.08404177427292,
            271.0
          ],
          [
            -89.30390113033354,
            43.08403858914971,
            271.0
          ]
        ]
      }
    },
    {
      "type": "Feature",
      "properties": {
        "heart_rate": 94,
        "start_time": "2026-06-22T10:55:44",
        "end_time": "2026-06-22T10:55:48"
      },
      "geometry": {
        "type": "LineString",
        "coordinates": [
          [
            -89.30390113033354,
            43.08403858914971,
            271.0
          ],
          [
            -89.30397757329047,
            43.08404521085322,
            269.2
          ]
        ]
      }
    },
    {
      "type": "Feature",
      "properties": {
        "heart_rate": 93,
        "start_time": "2026-06-22T10:55:48",
        "end_time": "2026-06-22T10:55:50"
      },
      "geometry": {
        "type": "LineString",
        "coordinates": [
          [
            -89.30397757329047,
            43.08404521085322,
            269.2
          ],
          [
            -89.30398880504072,
            43.084048479795456,
            268.4
          ]
        ]
      }
    },
    {
      "type": "Feature",
      "properties": {
        "heart_rate": 92,
        "start_time": "2026-06-22T10:55:50",
        "end_time": "2026-06-22T10:55:57"
      },
      "geometry": {
        "type": "LineString",
        "coordinates": [
          [
            -89.30398880504072,
            43.084048479795456,
            268.4
          ],
          [
            -89.30398251861334,
            43.08404663577676,
            266.2
          ]
        ]
      }
    },
    {
      "type": "Feature",
      "properties": {
        "heart_rate": 90,
        "start_time": "2026-06-22T10:55:57",
        "end_time": "2026-06-22T10:55:59"
      },
      "geometry": {
        "type": "LineString",
        "coordinates": [
          [
            -89.30398251861334,
            43.08404663577676,
            266.2
          ],
          [
            -89.30398209951818,
            43.08404831215739,
            266.0
          ]
        ]
      }
    },
    {
      "type": "Feature",
      "properties": {
        "heart_rate": 88,
        "start_time": "2026-06-22T10:55:59",
        "end_time": "2026-06-22T10:56:04"
      },
      "geometry": {
        "type": "LineString",
        "coordinates": [
          [
            -89.30398209951818,
            43.08404831215739,
            266.0
          ],
          [
            -89.30398176424205,
            43.0840480607003,
            266.6
          ]
        ]
      }
    },
    {
      "type": "Feature",
      "properties": {
        "heart_rate": 88,
        "start_time": "2026-06-22T10:56:04",
        "end_time": "2026-06-22T10:56:18"
      },
      "geometry": {
        "type": "LineString",
        "coordinates": [
          [
            -89.30398176424205,
            43.0840480607003,
            266.6
          ],
          [
            -89.30398176424205,
            43.08404713869095,
            267.2
          ]
        ]
      }
    },
    {
      "type": "Feature",
      "properties": {
        "heart_rate": 88,
        "start_time": "2026-06-22T10:56:18",
        "end_time": "2026-06-22T10:56:25"
      },
      "geometry": {
        "type": "LineString",
        "coordinates": [
          [
            -89.30398176424205,
            43.08404713869095,
            267.2
          ],
          [
            -89.30398209951818,
            43.084047473967075,
            267.0
          ]
        ]
      }
    },
    {
      "type": "Feature",
      "properties": {
        "heart_rate": 84,
        "start_time": "2026-06-22T10:56:25",
        "end_time": "2026-06-22T10:56:29"
      },
      "geometry": {
        "type": "LineString",
        "coordinates": [
          [
            -89.30398209951818,
            43.084047473967075,
            267.0
          ],
          [
            -89.30399928241968,
            43.0840480607003,
            266.8
          ]
        ]
      }
    },
    {
      "type": "Feature",
      "properties": {
        "heart_rate": 84,
        "start_time": "2026-06-22T10:56:29",
        "end_time": "2026-06-22T10:56:40"
      },
      "geometry": {
        "type": "LineString",
        "coordinates": [
          [
            -89.30399928241968,
            43.0840480607003,
            266.8
          ],
          [
            -89.30411319248378,
            43.084042025730014,
            266.4
          ]
        ]
      }
    },
    {
      "type": "Feature",
      "properties": {
        "heart_rate": 88,
        "start_time": "2026-06-22T10:56:40",
        "end_time": "2026-06-22T10:56:42"
      },
      "geometry": {
        "type": "LineString",
        "coordinates": [
          [
            -89.30411319248378,
            43.084042025730014,
            266.4
          ],
          [
            -89.30416122078896,
            43.08404143899679,
            266.4
          ]
        ]
      }
    },
    {
      "type": "Feature",
      "properties": {
        "heart_rate": 90,
        "start_time": "2026-06-22T10:56:42",
        "end_time": "2026-06-22T10:56:47"
      },
      "geometry": {
        "type": "LineString",
        "coordinates": [
          [
            -89.30416122078896,
            43.08404143899679,
            266.4
          ],
          [
            -89.30420011281967,
            43.08404269628227,
            265.4
          ]
        ]
      }
    },
    {
      "type": "Feature",
      "properties": {
        "heart_rate": 88,
        "start_time": "2026-06-22T10:56:47",
        "end_time": "2026-06-22T10:56:53"
      },
      "geometry": {
        "type": "LineString",
        "coordinates": [
          [
            -89.30420011281967,
            43.08404269628227,
            265.4
          ],
          [
            -89.3042017892003,
            43.084039092063904,
            264.8
          ]
        ]
      }
    },
    {
      "type": "Feature",
      "properties": {
        "heart_rate": 86,
        "start_time": "2026-06-22T10:56:53",
        "end_time": "2026-06-22T10:56:55"
      },
      "geometry": {
        "type": "LineString",
        "coordinates": [
          [
            -89.3042017892003,
            43.084039092063904,
            264.8
          ],
          [
            -89.30420170538127,
            43.08403825387359,
            264.6
          ]
        ]
      }
    },
    {
      "type": "Feature",
      "properties": {
        "heart_rate": 84,
        "start_time": "2026-06-22T10:56:55",
        "end_time": "2026-06-22T10:57:03"
      },
      "geometry": {
        "type": "LineString",
        "coordinates": [
          [
            -89.30420170538127,
            43.08403825387359,
            264.6
          ],
          [
            -89.3042295332998,
            43.08403657749295,
            264.0
          ]
        ]
      }
    },
    {
      "type": "Feature",
      "properties": {
        "heart_rate": 86,
        "start_time": "2026-06-22T10:57:03",
        "end_time": "2026-06-22T10:57:05"
      },
      "geometry": {
        "type": "LineString",
        "coordinates": [
          [
            -89.3042295332998,
            43.08403657749295,
            264.0
          ],
          [
            -89.3042712751776,
            43.08403456583619,
            263.8
          ]
        ]
      }
    },
    {
      "type": "Feature",
      "properties": {
        "heart_rate": 88,
        "start_time": "2026-06-22T10:57:05",
        "end_time": "2026-06-22T10:57:10"
      },
      "geometry": {
        "type": "LineString",
        "coordinates": [
          [
            -89.3042712751776,
            43.08403456583619,
            263.8
          ],
          [
            -89.30440362542868,
            43.0840237531811,
            263.8
          ]
        ]
      }
    },
    {
      "type": "Feature",
      "properties": {
        "heart_rate": 90,
        "start_time": "2026-06-22T10:57:10",
        "end_time": "2026-06-22T10:57:20"
      },
      "geometry": {
        "type": "LineString",
        "coordinates": [
          [
            -89.30440362542868,
            43.0840237531811,
            263.8
          ],
          [
            -89.30457931011915,
            43.084027357399464,
            265.4
          ]
        ]
      }
    },
    {
      "type": "Feature",
      "properties": {
        "heart_rate": 92,
        "start_time": "2026-06-22T10:57:20",
        "end_time": "2026-06-22T10:57:30"
      },
      "geometry": {
        "type": "LineString",
        "coordinates": [
          [
            -89.30457931011915,
            43.084027357399464,
            265.4
          ],
          [
            -89.30469699203968,
            43.084031799808145,
            265.4
          ]
        ]
      }
    },
    {
      "type": "Feature",
      "properties": {
        "heart_rate": 93,
        "start_time": "2026-06-22T10:57:30",
        "end_time": "2026-06-22T10:57:31"
      },
      "geometry": {
        "type": "LineString",
        "coordinates": [
          [
            -89.30469699203968,
            43.084031799808145,
            265.4
          ],
          [
            -89.30469707585871,
            43.0840322189033,
            265.4
          ]
        ]
      }
    },
    {
      "type": "Feature",
      "properties": {
        "heart_rate": 92,
        "start_time": "2026-06-22T10:57:31",
        "end_time": "2026-06-22T10:57:38"
      },
      "geometry": {
        "type": "LineString",
        "coordinates": [
          [
            -89.30469707585871,
            43.0840322189033,
            265.4
          ],
          [
            -89.30474770255387,
            43.08402182534337,
            265.4
          ]
        ]
      }
    },
    {
      "type": "Feature",
      "properties": {
        "heart_rate": 92,
        "start_time": "2026-06-22T10:57:38",
        "end_time": "2026-06-22T10:57:46"
      },
      "geometry": {
        "type": "LineString",
        "coordinates": [
          [
            -89.30474770255387,
            43.08402182534337,
            265.4
          ],
          [
            -89.30484828539193,
            43.08402584865689,
            265.2
          ]
        ]
      }
    },
    {
      "type": "Feature",
      "properties": {
        "heart_rate": 92,
        "start_time": "2026-06-22T10:57:46",
        "end_time": "2026-06-22T10:57:56"
      },
      "geometry": {
        "type": "LineString",
        "coordinates": [
          [
            -89.30484828539193,
            43.08402584865689,
            265.2
          ],
          [
            -89.3049808871001,
            43.08401855640113,
            264.8
          ]
        ]
      }
    },
    {
      "type": "Feature",
      "properties": {
        "heart_rate": 94,
        "start_time": "2026-06-22T10:57:56",
        "end_time": "2026-06-22T10:58:02"
      },
      "geometry": {
        "type": "LineString",
        "coordinates": [
          [
            -89.3049808871001,
            43.08401855640113,
            264.8
          ],
          [
            -89.30500611662865,
            43.0840237531811,
            265.2
          ]
        ]
      }
    },
    {
      "type": "Feature",
      "properties": {
        "heart_rate": 93,
        "start_time": "2026-06-22T10:58:02",
        "end_time": "2026-06-22T10:58:09"
      },
      "geometry": {
        "type": "LineString",
        "coordinates": [
          [
            -89.30500611662865,
            43.0840237531811,
            265.2
          ],
          [
            -89.30500871501863,
            43.084026435390115,
            265.6
          ]
        ]
      }
    },
    {
      "type": "Feature",
      "properties": {
        "heart_rate": 90,
        "start_time": "2026-06-22T10:58:09",
        "end_time": "2026-06-22T10:58:13"
      },
      "geometry": {
        "type": "LineString",
        "coordinates": [
          [
            -89.30500871501863,
            43.084026435390115,
            265.6
          ],
          [
            -89.3050086311996,
            43.08402668684721,
            265.6
          ]
        ]
      }
    },
    {
      "type": "Feature",
      "properties": {
        "heart_rate": 90,
        "start_time": "2026-06-22T10:58:13",
        "end_time": "2026-06-22T10:58:17"
      },
      "geometry": {
        "type": "LineString",
        "coordinates": [
          [
            -89.3050086311996,
            43.08402668684721,
            265.6
          ],
          [
            -89.3050086311996,
            43.08402668684721,
            265.6
          ]
        ]
      }
    },
    {
      "type": "Feature",
      "properties": {
        "heart_rate": 92,
        "start_time": "2026-06-22T10:58:17",
        "end_time": "2026-06-22T10:58:42"
      },
      "geometry": {
        "type": "LineString",
        "coordinates": [
          [
            -89.3050086311996,
            43.08402668684721,
            265.6
          ],
          [
            -89.30509421043098,
            43.084030374884605,
            266.2
          ]
        ]
      }
    },
    {
      "type": "Feature",
      "properties": {
        "heart_rate": 92,
        "start_time": "2026-06-22T10:58:42",
        "end_time": "2026-06-22T10:58:51"
      },
      "geometry": {
        "type": "LineString",
        "coordinates": [
          [
            -89.30509421043098,
            43.084030374884605,
            266.2
          ],
          [
            -89.30525430478156,
            43.08402710594237,
            264.8
          ]
        ]
      }
    },
    {
      "type": "Feature",
      "properties": {
        "heart_rate": 93,
        "start_time": "2026-06-22T10:58:51",
        "end_time": "2026-06-22T10:59:00"
      },
      "geometry": {
        "type": "LineString",
        "coordinates": [
          [
            -89.30525430478156,
            43.08402710594237,
            264.8
          ],
          [
            -89.30538162589073,
            43.084022495895624,
            263.4
          ]
        ]
      }
    },
    {
      "type": "Feature",
      "properties": {
        "heart_rate": 93,
        "start_time": "2026-06-22T10:59:00",
        "end_time": "2026-06-22T10:59:06"
      },
      "geometry": {
        "type": "LineString",
        "coordinates": [
          [
            -89.30538162589073,
            43.084022495895624,
            263.4
          ],
          [
            -89.30539746768773,
            43.08401981368661,
            263.2
          ]
        ]
      }
    },
    {
      "type": "Feature",
      "properties": {
        "heart_rate": 90,
        "start_time": "2026-06-22T10:59:06",
        "end_time": "2026-06-22T10:59:12"
      },
      "geometry": {
        "type": "LineString",
        "coordinates": [
          [
            -89.30539746768773,
            43.08401981368661,
            263.2
          ],
          [
            -89.30542202666402,
            43.084028447046876,
            263.0
          ]
        ]
      }
    },
    {
      "type": "Feature",
      "properties": {
        "heart_rate": 91,
        "start_time": "2026-06-22T10:59:12",
        "end_time": "2026-06-22T10:59:21"
      },
      "geometry": {
        "type": "LineString",
        "coordinates": [
          [
            -89.30542202666402,
            43.084028447046876,
            263.0
          ],
          [
            -89.30558295920491,
            43.084028447046876,
            262.8
          ]
        ]
      }
    },
    {
      "type": "Feature",
      "properties": {
        "heart_rate": 94,
        "start_time": "2026-06-22T10:59:21",
        "end_time": "2026-06-22T10:59:23"
      },
      "geometry": {
        "type": "LineString",
        "coordinates": [
          [
            -89.30558295920491,
            43.084028447046876,
            262.8
          ],
          [
            -89.30561740882695,
            43.08403045870364,
            263.0
          ]
        ]
      }
    },
    {
      "type": "Feature",
      "properties": {
        "heart_rate": 96,
        "start_time": "2026-06-22T10:59:23",
        "end_time": "2026-06-22T10:59:28"
      },
      "geometry": {
        "type": "LineString",
        "coordinates": [
          [
            -89.30561740882695,
            43.08403045870364,
            263.0
          ],
          [
            -89.30567105300725,
            43.08402911759913,
            263.4
          ]
        ]
      }
    },
    {
      "type": "Feature",
      "properties": {
        "heart_rate": 96,
        "start_time": "2026-06-22T10:59:28",
        "end_time": "2026-06-22T10:59:37"
      },
      "geometry": {
        "type": "LineString",
        "coordinates": [
          [
            -89.30567105300725,
            43.08402911759913,
            263.4
          ],
          [
            -89.30570525117218,
            43.08402475900948,
            263.4
          ]
        ]
      }
    },
    {
      "type": "Feature",
      "properties": {
        "heart_rate": 96,
        "start_time": "2026-06-22T10:59:37",
        "end_time": "2026-06-22T10:59:44"
      },
      "geometry": {
        "type": "LineString",
        "coordinates": [
          [
            -89.30570525117218,
            43.08402475900948,
            263.4
          ],
          [
            -89.30573634803295,
            43.08402417227626,
            263.6
          ]
        ]
      }
    },
    {
      "type": "Feature",
      "properties": {
        "heart_rate": 94,
        "start_time": "2026-06-22T10:59:44",
        "end_time": "2026-06-22T10:59:59"
      },
      "geometry": {
        "type": "LineString",
        "coordinates": [
          [
            -89.30573634803295,
            43.08402417227626,
            263.6
          ],
          [
            -89.3058014754206,
            43.0840255971998,
            263.6
          ]
        ]
      }
    },
    {
      "type": "Feature",
      "properties": {
        "heart_rate": 92,
        "start_time": "2026-06-22T10:59:59",
        "end_time": "2026-06-22T11:00:00"
      },
      "geometry": {
        "type": "LineString",
        "coordinates": [
          [
            -89.3058014754206,
            43.0840255971998,
            263.6
          ],
          [
            -89.30582544766366,
            43.084028782323,
            263.6
          ]
        ]
      }
    },
    {
      "type": "Feature",
      "properties": {
        "heart_rate": 92,
        "start_time": "2026-06-22T11:00:00",
        "end_time": "2026-06-22T11:00:05"
      },
      "geometry": {
        "type": "LineString",
        "coordinates": [
          [
            -89.30582544766366,
            43.084028782323,
            263.6
          ],
          [
            -89.3059220071882,
            43.084025429561734,
            264.4
          ]
        ]
      }
    },
    {
      "type": "Feature",
      "properties": {
        "heart_rate": 92,
        "start_time": "2026-06-22T11:00:05",
        "end_time": "2026-06-22T11:00:11"
      },
      "geometry": {
        "type": "LineString",
        "coordinates": [
          [
            -89.3059220071882,
            43.084025429561734,
            264.4
          ],
          [
            -89.30595746263862,
            43.084021992981434,
            265.6
          ]
        ]
      }
    },
    {
      "type": "Feature",
      "properties": {
        "heart_rate": 90,
        "start_time": "2026-06-22T11:00:11",
        "end_time": "2026-06-22T11:00:23"
      },
      "geometry": {
        "type": "LineString",
        "coordinates": [
          [
            -89.30595746263862,
            43.084021992981434,
            265.6
          ],
          [
            -89.30595913901925,
            43.08402316644788,
            266.4
          ]
        ]
      }
    },
    {
      "type": "Feature",
      "properties": {
        "heart_rate": 86,
        "start_time": "2026-06-22T11:00:23",
        "end_time": "2026-06-22T11:00:25"
      },
      "geometry": {
        "type": "LineString",
        "coordinates": [
          [
            -89.30595913901925,
            43.08402316644788,
            266.4
          ],
          [
            -89.30595913901925,
            43.08402316644788,
            266.4
          ]
        ]
      }
    },
    {
      "type": "Feature",
      "properties": {
        "heart_rate": 87,
        "start_time": "2026-06-22T11:00:25",
        "end_time": "2026-06-22T11:00:36"
      },
      "geometry": {
        "type": "LineString",
        "coordinates": [
          [
            -89.30595913901925,
            43.08402316644788,
            266.4
          ],
          [
            -89.30595729500055,
            43.08402274735272,
            266.4
          ]
        ]
      }
    },
    {
      "type": "Feature",
      "properties": {
        "heart_rate": 90,
        "start_time": "2026-06-22T11:00:36",
        "end_time": "2026-06-22T11:00:39"
      },
      "geometry": {
        "type": "LineString",
        "coordinates": [
          [
            -89.30595729500055,
            43.08402274735272,
            266.4
          ],
          [
            -89.30595712736249,
            43.084023501724005,
            266.4
          ]
        ]
      }
    },
    {
      "type": "Feature",
      "properties": {
        "heart_rate": 92,
        "start_time": "2026-06-22T11:00:39",
        "end_time": "2026-06-22T11:00:57"
      },
      "geometry": {
        "type": "LineString",
        "coordinates": [
          [
            -89.30595712736249,
            43.084023501724005,
            266.4
          ],
          [
            -89.30605636909604,
            43.08401889167726,
            267.2
          ]
        ]
      }
    },
    {
      "type": "Feature",
      "properties": {
        "heart_rate": 91,
        "start_time": "2026-06-22T11:00:57",
        "end_time": "2026-06-22T11:01:04"
      },
      "geometry": {
        "type": "LineString",
        "coordinates": [
          [
            -89.30605636909604,
            43.08401889167726,
            267.2
          ],
          [
            -89.30621914565563,
            43.084004474803805,
            266.6
          ]
        ]
      }
    },
    {
      "type": "Feature",
      "properties": {
        "heart_rate": 90,
        "start_time": "2026-06-22T11:01:04",
        "end_time": "2026-06-22T11:01:13"
      },
      "geometry": {
        "type": "LineString",
        "coordinates": [
          [
            -89.30621914565563,
            43.084004474803805,
            266.6
          ],
          [
            -89.30632836185396,
            43.0839994456619,
            265.8
          ]
        ]
      }
    },
    {
      "type": "Feature",
      "properties": {
        "heart_rate": 88,
        "start_time": "2026-06-22T11:01:13",
        "end_time": "2026-06-22T11:01:22"
      },
      "geometry": {
        "type": "LineString",
        "coordinates": [
          [
            -89.30632836185396,
            43.0839994456619,
            265.8
          ],
          [
            -89.30635870434344,
            43.08399349451065,
            265.6
          ]
        ]
      }
    },
    {
      "type": "Feature",
      "properties": {
        "heart_rate": 88,
        "start_time": "2026-06-22T11:01:22",
        "end_time": "2026-06-22T11:01:25"
      },
      "geometry": {
        "type": "LineString",
        "coordinates": [
          [
            -89.30635870434344,
            43.08399349451065,
            265.6
          ],
          [
            -89.3064193893224,
            43.08399148285389,
            265.8
          ]
        ]
      }
    },
    {
      "type": "Feature",
      "properties": {
        "heart_rate": 90,
        "start_time": "2026-06-22T11:01:25",
        "end_time": "2026-06-22T11:01:37"
      },
      "geometry": {
        "type": "LineString",
        "coordinates": [
          [
            -89.3064193893224,
            43.08399148285389,
            265.8
          ],
          [
            -89.30663262493908,
            43.083984442055225,
            265.0
          ]
        ]
      }
    },
    {
      "type": "Feature",
      "properties": {
        "heart_rate": 91,
        "start_time": "2026-06-22T11:01:37",
        "end_time": "2026-06-22T11:01:47"
      },
      "geometry": {
        "type": "LineString",
        "coordinates": [
          [
            -89.30663262493908,
            43.083984442055225,
            265.0
          ],
          [
            -89.30678693577647,
            43.08396994136274,
            264.6
          ]
        ]
      }
    },
    {
      "type": "Feature",
      "properties": {
        "heart_rate": 90,
        "start_time": "2026-06-22T11:01:47",
        "end_time": "2026-06-22T11:01:55"
      },
      "geometry": {
        "type": "LineString",
        "coordinates": [
          [
            -89.30678693577647,
            43.08396994136274,
            264.6
          ],
          [
            -89.30692305788398,
            43.08397488668561,
            264.8
          ]
        ]
      }
    },
    {
      "type": "Feature",
      "properties": {
        "heart_rate": 92,
        "start_time": "2026-06-22T11:01:55",
        "end_time": "2026-06-22T11:02:00"
      },
      "geometry": {
        "type": "LineString",
        "coordinates": [
          [
            -89.30692305788398,
            43.08397488668561,
            264.8
          ],
          [
            -89.30700922384858,
            43.0839703604579,
            264.6
          ]
        ]
      }
    },
    {
      "type": "Feature",
      "properties": {
        "heart_rate": 94,
        "start_time": "2026-06-22T11:02:00",
        "end_time": "2026-06-22T11:02:03"
      },
      "geometry": {
        "type": "LineString",
        "coordinates": [
          [
            -89.30700922384858,
            43.0839703604579,
            264.6
          ],
          [
            -89.30703353136778,
            43.08394496329129,
            264.2
          ]
        ]
      }
    },
    {
      "type": "Feature",
      "properties": {
        "heart_rate": 94,
        "start_time": "2026-06-22T11:02:03",
        "end_time": "2026-06-22T11:02:07"
      },
      "geometry": {
        "type": "LineString",
        "coordinates": [
          [
            -89.30703353136778,
            43.08394496329129,
            264.2
          ],
          [
            -89.307034118101,
            43.083898946642876,
            264.2
          ]
        ]
      }
    },
    {
      "type": "Feature",
      "properties": {
        "heart_rate": 95,
        "start_time": "2026-06-22T11:02:07",
        "end_time": "2026-06-22T11:02:09"
      },
      "geometry": {
        "type": "LineString",
        "coordinates": [
          [
            -89.307034118101,
            43.083898946642876,
            264.2
          ],
          [
            -89.3070357106626,
            43.08389416895807,
            264.0
          ]
        ]
      }
    },
    {
      "type": "Feature",
      "properties": {
        "heart_rate": 95,
        "start_time": "2026-06-22T11:02:09",
        "end_time": "2026-06-22T11:02:18"
      },
      "geometry": {
        "type": "LineString",
        "coordinates": [
          [
            -89.3070357106626,
            43.08389416895807,
            264.0
          ],
          [
            -89.30702774785459,
            43.08389182202518,
            263.8
          ]
        ]
      }
    },
    {
      "type": "Feature",
      "properties": {
        "heart_rate": 94,
        "start_time": "2026-06-22T11:02:18",
        "end_time": "2026-06-22T11:02:26"
      },
      "geometry": {
        "type": "LineString",
        "coordinates": [
          [
            -89.30702774785459,
            43.08389182202518,
            263.8
          ],
          [
            -89.30703001096845,
            43.08389198966324,
            263.6
          ]
        ]
      }
    },
    {
      "type": "Feature",
      "properties": {
        "heart_rate": 94,
        "start_time": "2026-06-22T11:02:26",
        "end_time": "2026-06-22T11:02:30"
      },
      "geometry": {
        "type": "LineString",
        "coordinates": [
          [
            -89.30703001096845,
            43.08389198966324,
            263.6
          ],
          [
            -89.30703001096845,
            43.08389198966324,
            263.4
          ]
        ]
      }
    },
    {
      "type": "Feature",
      "properties": {
        "heart_rate": 96,
        "start_time": "2026-06-22T11:02:30",
        "end_time": "2026-06-22T11:02:38"
      },
      "geometry": {
        "type": "LineString",
        "coordinates": [
          [
            -89.30703001096845,
            43.08389198966324,
            263.4
          ],
          [
            -89.30702825076878,
            43.08389039710164,
            263.6
          ]
        ]
      }
    },
    {
      "type": "Feature",
      "properties": {
        "heart_rate": 94,
        "start_time": "2026-06-22T11:02:38",
        "end_time": "2026-06-22T11:02:51"
      },
      "geometry": {
        "type": "LineString",
        "coordinates": [
          [
            -89.30702825076878,
            43.08389039710164,
            263.6
          ],
          [
            -89.30700545199215,
            43.08377908542752,
            263.8
          ]
        ]
      }
    },
    {
      "type": "Feature",
      "properties": {
        "heart_rate": 92,
        "start_time": "2026-06-22T11:02:51",
        "end_time": "2026-06-22T11:02:57"
      },
      "geometry": {
        "type": "LineString",
        "coordinates": [
          [
            -89.30700545199215,
            43.08377908542752,
            263.8
          ],
          [
            -89.30696739815176,
            43.083642879500985,
            264.2
          ]
        ]
      }
    },
    {
      "type": "Feature",
      "properties": {
        "heart_rate": 90,
        "start_time": "2026-06-22T11:02:57",
        "end_time": "2026-06-22T11:03:05"
      },
      "geometry": {
        "type": "LineString",
        "coordinates": [
          [
            -89.30696739815176,
            43.083642879500985,
            264.2
          ],
          [
            -89.3069410789758,
            43.083553444594145,
            264.8
          ]
        ]
      }
    },
    {
      "type": "Feature",
      "properties": {
        "heart_rate": 90,
        "start_time": "2026-06-22T11:03:05",
        "end_time": "2026-06-22T11:03:10"
      },
      "geometry": {
        "type": "LineString",
        "coordinates": [
          [
            -89.3069410789758,
            43.083553444594145,
            264.8
          ],
          [
            -89.30692951194942,
            43.0835142172873,
            265.6
          ]
        ]
      }
    },
    {
      "type": "Feature",
      "properties": {
        "heart_rate": 90,
        "start_time": "2026-06-22T11:03:10",
        "end_time": "2026-06-22T11:03:24"
      },
      "geometry": {
        "type": "LineString",
        "coordinates": [
          [
            -89.30692951194942,
            43.0835142172873,
            265.6
          ],
          [
            -89.30691098794341,
            43.083475744351745,
            267.0
          ]
        ]
      }
    },
    {
      "type": "Feature",
      "properties": {
        "heart_rate": 90,
        "start_time": "2026-06-22T11:03:24",
        "end_time": "2026-06-22T11:03:30"
      },
      "geometry": {
        "type": "LineString",
        "coordinates": [
          [
            -89.30691098794341,
            43.083475744351745,
            267.0
          ],
          [
            -89.30690126493573,
            43.08342562057078,
            266.8
          ]
        ]
      }
    },
    {
      "type": "Feature",
      "properties": {
        "heart_rate": 93,
        "start_time": "2026-06-22T11:03:30",
        "end_time": "2026-06-22T11:03:33"
      },
      "geometry": {
        "type": "LineString",
        "coordinates": [
          [
            -89.30690126493573,
            43.08342562057078,
            266.8
          ],
          [
            -89.30690017528832,
            43.08342235162854,
            266.8
          ]
        ]
      }
    },
    {
      "type": "Feature",
      "properties": {
        "heart_rate": 94,
        "start_time": "2026-06-22T11:03:33",
        "end_time": "2026-06-22T11:03:41"
      },
      "geometry": {
        "type": "LineString",
        "coordinates": [
          [
            -89.30690017528832,
            43.08342235162854,
            266.8
          ],
          [
            -89.30689321830869,
            43.083391757681966,
            267.2
          ]
        ]
      }
    },
    {
      "type": "Feature",
      "properties": {
        "heart_rate": 93,
        "start_time": "2026-06-22T11:03:41",
        "end_time": "2026-06-22T11:03:45"
      },
      "geometry": {
        "type": "LineString",
        "coordinates": [
          [
            -89.30689321830869,
            43.083391757681966,
            267.2
          ],
          [
            -89.30689170956612,
            43.08334439992905,
            267.2
          ]
        ]
      }
    },
    {
      "type": "Feature",
      "properties": {
        "heart_rate": 90,
        "start_time": "2026-06-22T11:03:45",
        "end_time": "2026-06-22T11:03:48"
      },
      "geometry": {
        "type": "LineString",
        "coordinates": [
          [
            -89.30689170956612,
            43.08334439992905,
            267.2
          ],
          [
            -89.30688969790936,
            43.083313554525375,
            267.4
          ]
        ]
      }
    },
    {
      "type": "Feature",
      "properties": {
        "heart_rate": 90,
        "start_time": "2026-06-22T11:03:48",
        "end_time": "2026-06-22T11:03:57"
      },
      "geometry": {
        "type": "LineString",
        "coordinates": [
          [
            -89.30688969790936,
            43.083313554525375,
            267.4
          ],
          [
            -89.30688047781587,
            43.08320249430835,
            268.0
          ]
        ]
      }
    },
    {
      "type": "Feature",
      "properties": {
        "heart_rate": 91,
        "start_time": "2026-06-22T11:03:57",
        "end_time": "2026-06-22T11:04:00"
      },
      "geometry": {
        "type": "LineString",
        "coordinates": [
          [
            -89.30688047781587,
            43.08320249430835,
            268.0
          ],
          [
            -89.30688341148198,
            43.08317206799984,
            268.0
          ]
        ]
      }
    },
    {
      "type": "Feature",
      "properties": {
        "heart_rate": 92,
        "start_time": "2026-06-22T11:04:00",
        "end_time": "2026-06-22T11:04:14"
      },
      "geometry": {
        "type": "LineString",
        "coordinates": [
          [
            -89.30688341148198,
            43.08317206799984,
            268.0
          ],
          [
            -89.30687796324492,
            43.08298096060753,
            268.0
          ]
        ]
      }
    },
    {
      "type": "Feature",
      "properties": {
        "heart_rate": 92,
        "start_time": "2026-06-22T11:04:14",
        "end_time": "2026-06-22T11:04:21"
      },
      "geometry": {
        "type": "LineString",
        "coordinates": [
          [
            -89.30687796324492,
            43.08298096060753,
            268.0
          ],
          [
            -89.30687293410301,
            43.082919269800186,
            267.4
          ]
        ]
      }
    },
    {
      "type": "Feature",
      "properties": {
        "heart_rate": 94,
        "start_time": "2026-06-22T11:04:21",
        "end_time": "2026-06-22T11:04:27"
      },
      "geometry": {
        "type": "LineString",
        "coordinates": [
          [
            -89.30687293410301,
            43.082919269800186,
            267.4
          ],
          [
            -89.30687377229333,
            43.08292153291404,
            267.4
          ]
        ]
      }
    },
    {
      "type": "Feature",
      "properties": {
        "heart_rate": 96,
        "start_time": "2026-06-22T11:04:27",
        "end_time": "2026-06-22T11:04:38"
      },
      "geometry": {
        "type": "LineString",
        "coordinates": [
          [
            -89.30687377229333,
            43.08292153291404,
            267.4
          ],
          [
            -89.30687813088298,
            43.08290183544159,
            267.4
          ]
        ]
      }
    },
    {
      "type": "Feature",
      "properties": {
        "heart_rate": 98,
        "start_time": "2026-06-22T11:04:38",
        "end_time": "2026-06-22T11:04:47"
      },
      "geometry": {
        "type": "LineString",
        "coordinates": [
          [
            -89.30687813088298,
            43.08290183544159,
            267.4
          ],
          [
            -89.30691098794341,
            43.08276831172407,
            267.8
          ]
        ]
      }
    },
    {
      "type": "Feature",
      "properties": {
        "heart_rate": 100,
        "start_time": "2026-06-22T11:04:47",
        "end_time": "2026-06-22T11:04:52"
      },
      "geometry": {
        "type": "LineString",
        "coordinates": [
          [
            -89.30691098794341,
            43.08276831172407,
            267.8
          ],
          [
            -89.30691953748465,
            43.08270771056414,
            267.8
          ]
        ]
      }
    },
    {
      "type": "Feature",
      "properties": {
        "heart_rate": 100,
        "start_time": "2026-06-22T11:04:52",
        "end_time": "2026-06-22T11:05:04"
      },
      "geometry": {
        "type": "LineString",
        "coordinates": [
          [
            -89.30691953748465,
            43.08270771056414,
            267.8
          ],
          [
            -89.30694677866995,
            43.082553651183844,
            268.0
          ]
        ]
      }
    },
    {
      "type": "Feature",
      "properties": {
        "heart_rate": 98,
        "start_time": "2026-06-22T11:05:04",
        "end_time": "2026-06-22T11:05:15"
      },
      "geometry": {
        "type": "LineString",
        "coordinates": [
          [
            -89.30694677866995,
            43.082553651183844,
            268.0
          ],
          [
            -89.30693655274808,
            43.082401687279344,
            267.6
          ]
        ]
      }
    },
    {
      "type": "Feature",
      "properties": {
        "heart_rate": 98,
        "start_time": "2026-06-22T11:05:15",
        "end_time": "2026-06-22T11:05:27"
      },
      "geometry": {
        "type": "LineString",
        "coordinates": [
          [
            -89.30693655274808,
            43.082401687279344,
            267.6
          ],
          [
            -89.30693437345326,
            43.08225592598319,
            267.4
          ]
        ]
      }
    },
    {
      "type": "Feature",
      "properties": {
        "heart_rate": 100,
        "start_time": "2026-06-22T11:05:27",
        "end_time": "2026-06-22T11:05:33"
      },
      "geometry": {
        "type": "LineString",
        "coordinates": [
          [
            -89.30693437345326,
            43.08225592598319,
            267.4
          ],
          [
            -89.30695658549666,
            43.08220571838319,
            267.8
          ]
        ]
      }
    },
    {
      "type": "Feature",
      "properties": {
        "heart_rate": 102,
        "start_time": "2026-06-22T11:05:33",
        "end_time": "2026-06-22T11:05:35"
      },
      "geometry": {
        "type": "LineString",
        "coordinates": [
          [
            -89.30695658549666,
            43.08220571838319,
            267.8
          ],
          [
            -89.30696966126561,
            43.08218065649271,
            268.2
          ]
        ]
      }
    },
    {
      "type": "Feature",
      "properties": {
        "heart_rate": 102,
        "start_time": "2026-06-22T11:05:35",
        "end_time": "2026-06-22T11:05:44"
      },
      "geometry": {
        "type": "LineString",
        "coordinates": [
          [
            -89.30696966126561,
            43.08218065649271,
            268.2
          ],
          [
            -89.30705373175442,
            43.08207688853145,
            269.2
          ]
        ]
      }
    },
    {
      "type": "Feature",
      "properties": {
        "heart_rate": 102,
        "start_time": "2026-06-22T11:05:44",
        "end_time": "2026-06-22T11:05:52"
      },
      "geometry": {
        "type": "LineString",
        "coordinates": [
          [
            -89.30705373175442,
            43.08207688853145,
            269.2
          ],
          [
            -89.30711718276143,
            43.082036068663,
            269.4
          ]
        ]
      }
    },
    {
      "type": "Feature",
      "properties": {
        "heart_rate": 100,
        "start_time": "2026-06-22T11:05:52",
        "end_time": "2026-06-22T11:05:55"
      },
      "geometry": {
        "type": "LineString",
        "coordinates": [
          [
            -89.30711718276143,
            43.082036068663,
            269.4
          ],
          [
            -89.30709446780384,
            43.082042606547475,
            269.4
          ]
        ]
      }
    },
    {
      "type": "Feature",
      "properties": {
        "heart_rate": 100,
        "start_time": "2026-06-22T11:05:55",
        "end_time": "2026-06-22T11:05:58"
      },
      "geometry": {
        "type": "LineString",
        "coordinates": [
          [
            -89.30709446780384,
            43.082042606547475,
            269.4
          ],
          [
            -89.30706286802888,
            43.08204252272844,
            269.4
          ]
        ]
      }
    },
    {
      "type": "Feature",
      "properties": {
        "heart_rate": 99,
        "start_time": "2026-06-22T11:05:58",
        "end_time": "2026-06-22T11:06:05"
      },
      "geometry": {
        "type": "LineString",
        "coordinates": [
          [
            -89.30706286802888,
            43.08204252272844,
            269.4
          ],
          [
            -89.30701710283756,
            43.08199239894748,
            269.8
          ]
        ]
      }
    },
    {
      "type": "Feature",
      "properties": {
        "heart_rate": 99,
        "start_time": "2026-06-22T11:06:05",
        "end_time": "2026-06-22T11:06:12"
      },
      "geometry": {
        "type": "LineString",
        "coordinates": [
          [
            -89.30701710283756,
            43.08199239894748,
            269.8
          ],
          [
            -89.30700100958347,
            43.081982089206576,
            269.6
          ]
        ]
      }
    },
    {
      "type": "Feature",
      "properties": {
        "heart_rate": 100,
        "start_time": "2026-06-22T11:06:12",
        "end_time": "2026-06-22T11:06:21"
      },
      "geometry": {
        "type": "LineString",
        "coordinates": [
          [
            -89.30700100958347,
            43.081982089206576,
            269.6
          ],
          [
            -89.30690838955343,
            43.081912100315094,
            270.4
          ]
        ]
      }
    },
    {
      "type": "Feature",
      "properties": {
        "heart_rate": 102,
        "start_time": "2026-06-22T11:06:21",
        "end_time": "2026-06-22T11:06:25"
      },
      "geometry": {
        "type": "LineString",
        "coordinates": [
          [
            -89.30690838955343,
            43.081912100315094,
            270.4
          ],
          [
            -89.30686371400952,
            43.08190262876451,
            270.2
          ]
        ]
      }
    },
    {
      "type": "Feature",
      "properties": {
        "heart_rate": 103,
        "start_time": "2026-06-22T11:06:25",
        "end_time": "2026-06-22T11:06:29"
      },
      "geometry": {
        "type": "LineString",
        "coordinates": [
          [
            -89.30686371400952,
            43.08190262876451,
            270.2
          ],
          [
            -89.30683479644358,
            43.08189977891743,
            270.2
          ]
        ]
      }
    },
    {
      "type": "Feature",
      "properties": {
        "heart_rate": 102,
        "start_time": "2026-06-22T11:06:29",
        "end_time": "2026-06-22T11:06:37"
      },
      "geometry": {
        "type": "LineString",
        "coordinates": [
          [
            -89.30683479644358,
            43.08189977891743,
            270.2
          ],
          [
            -89.30683630518615,
            43.08189919218421,
            271.4
          ]
        ]
      }
    },
    {
      "type": "Feature",
      "properties": {
        "heart_rate": 100,
        "start_time": "2026-06-22T11:06:37",
        "end_time": "2026-06-22T11:06:39"
      },
      "geometry": {
        "type": "LineString",
        "coordinates": [
          [
            -89.30683630518615,
            43.08189919218421,
            271.4
          ],
          [
            -89.30683135986328,
            43.08190564624965,
            271.6
          ]
        ]
      }
    },
    {
      "type": "Feature",
      "properties": {
        "heart_rate": 98,
        "start_time": "2026-06-22T11:06:39",
        "end_time": "2026-06-22T11:06:43"
      },
      "geometry": {
        "type": "LineString",
        "coordinates": [
          [
            -89.30683135986328,
            43.08190564624965,
            271.6
          ],
          [
            -89.30679741315544,
            43.081916542723775,
            271.6
          ]
        ]
      }
    },
    {
      "type": "Feature",
      "properties": {
        "heart_rate": 98,
        "start_time": "2026-06-22T11:06:43",
        "end_time": "2026-06-22T11:06:54"
      },
      "geometry": {
        "type": "LineString",
        "coordinates": [
          [
            -89.30679741315544,
            43.081916542723775,
            271.6
          ],
          [
            -89.30669775232673,
            43.08195090852678,
            272.0
          ]
        ]
      }
    },
    {
      "type": "Feature",
      "properties": {
        "heart_rate": 98,
        "start_time": "2026-06-22T11:06:54",
        "end_time": "2026-06-22T11:07:03"
      },
      "geometry": {
        "type": "LineString",
        "coordinates": [
          [
            -89.30669775232673,
            43.08195090852678,
            272.0
          ],
          [
            -89.3066268414259,
            43.08202785439789,
            270.8
          ]
        ]
      }
    },
    {
      "type": "Feature",
      "properties": {
        "heart_rate": 98,
        "start_time": "2026-06-22T11:07:03",
        "end_time": "2026-06-22T11:07:11"
      },
      "geometry": {
        "type": "LineString",
        "coordinates": [
          [
            -89.3066268414259,
            43.08202785439789,
            270.8
          ],
          [
            -89.30661502294242,
            43.08208342641592,
            269.4
          ]
        ]
      }
    },
    {
      "type": "Feature",
      "properties": {
        "heart_rate": 98,
        "start_time": "2026-06-22T11:07:11",
        "end_time": "2026-06-22T11:07:18"
      },
      "geometry": {
        "type": "LineString",
        "coordinates": [
          [
            -89.30661502294242,
            43.08208342641592,
            269.4
          ],
          [
            -89.3066146876663,
            43.08210245333612,
            268.0
          ]
        ]
      }
    },
    {
      "type": "Feature",
      "properties": {
        "heart_rate": 95,
        "start_time": "2026-06-22T11:07:18",
        "end_time": "2026-06-22T11:07:25"
      },
      "geometry": {
        "type": "LineString",
        "coordinates": [
          [
            -89.3066146876663,
            43.08210245333612,
            268.0
          ],
          [
            -89.30661560967565,
            43.0821034591645,
            267.0
          ]
        ]
      }
    },
    {
      "type": "Feature",
      "properties": {
        "heart_rate": 92,
        "start_time": "2026-06-22T11:07:25",
        "end_time": "2026-06-22T11:07:40"
      },
      "geometry": {
        "type": "LineString",
        "coordinates": [
          [
            -89.30661560967565,
            43.0821034591645,
            267.0
          ],
          [
            -89.30666405707598,
            43.08216104283929,
            266.8
          ]
        ]
      }
    },
    {
      "type": "Feature",
      "properties": {
        "heart_rate": 92,
        "start_time": "2026-06-22T11:07:40",
        "end_time": "2026-06-22T11:07:47"
      },
      "geometry": {
        "type": "LineString",
        "coordinates": [
          [
            -89.30666405707598,
            43.08216104283929,
            266.8
          ],
          [
            -89.30669272318482,
            43.08219884522259,
            266.0
          ]
        ]
      }
    },
    {
      "type": "Feature",
      "properties": {
        "heart_rate": 92,
        "start_time": "2026-06-22T11:07:47",
        "end_time": "2026-06-22T11:08:04"
      },
      "geometry": {
        "type": "LineString",
        "coordinates": [
          [
            -89.30669272318482,
            43.08219884522259,
            266.0
          ],
          [
            -89.30670714005828,
            43.08222700841725,
            265.4
          ]
        ]
      }
    },
    {
      "type": "Feature",
      "properties": {
        "heart_rate": 92,
        "start_time": "2026-06-22T11:08:04",
        "end_time": "2026-06-22T11:08:11"
      },
      "geometry": {
        "type": "LineString",
        "coordinates": [
          [
            -89.30670714005828,
            43.08222700841725,
            265.4
          ],
          [
            -89.30673438124359,
            43.08233991265297,
            265.4
          ]
        ]
      }
    },
    {
      "type": "Feature",
      "properties": {
        "heart_rate": 92,
        "start_time": "2026-06-22T11:08:11",
        "end_time": "2026-06-22T11:08:23"
      },
      "geometry": {
        "type": "LineString",
        "coordinates": [
          [
            -89.30673438124359,
            43.08233991265297,
            265.4
          ],
          [
            -89.3067611195147,
            43.08248173445463,
            267.8
          ]
        ]
      }
    },
    {
      "type": "Feature",
      "properties": {
        "heart_rate": 92,
        "start_time": "2026-06-22T11:08:23",
        "end_time": "2026-06-22T11:08:33"
      },
      "geometry": {
        "type": "LineString",
        "coordinates": [
          [
            -89.3067611195147,
            43.08248173445463,
            267.8
          ],
          [
            -89.30674628354609,
            43.082617688924074,
            269.0
          ]
        ]
      }
    },
    {
      "type": "Feature",
      "properties": {
        "heart_rate": 92,
        "start_time": "2026-06-22T11:08:33",
        "end_time": "2026-06-22T11:08:42"
      },
      "geometry": {
        "type": "LineString",
        "coordinates": [
          [
            -89.30674628354609,
            43.082617688924074,
            269.0
          ],
          [
            -89.3067455291748,
            43.0827477760613,
            271.0
          ]
        ]
      }
    },
    {
      "type": "Feature",
      "properties": {
        "heart_rate": 94,
        "start_time": "2026-06-22T11:08:42",
        "end_time": "2026-06-22T11:08:50"
      },
      "geometry": {
        "type": "LineString",
        "coordinates": [
          [
            -89.3067455291748,
            43.0827477760613,
            271.0
          ],
          [
            -89.3067304417491,
            43.082836205139756,
            272.4
          ]
        ]
      }
    },
    {
      "type": "Feature",
      "properties": {
        "heart_rate": 94,
        "start_time": "2026-06-22T11:08:50",
        "end_time": "2026-06-22T11:08:53"
      },
      "geometry": {
        "type": "LineString",
        "coordinates": [
          [
            -89.3067304417491,
            43.082836205139756,
            272.4
          ],
          [
            -89.30672029964626,
            43.082877611741424,
            272.4
          ]
        ]
      }
    },
    {
      "type": "Feature",
      "properties": {
        "heart_rate": 94,
        "start_time": "2026-06-22T11:08:53",
        "end_time": "2026-06-22T11:08:58"
      },
      "geometry": {
        "type": "LineString",
        "coordinates": [
          [
            -89.30672029964626,
            43.082877611741424,
            272.4
          ],
          [
            -89.30671946145594,
            43.08293016627431,
            272.0
          ]
        ]
      }
    },
    {
      "type": "Feature",
      "properties": {
        "heart_rate": 96,
        "start_time": "2026-06-22T11:08:58",
        "end_time": "2026-06-22T11:09:03"
      },
      "geometry": {
        "type": "LineString",
        "coordinates": [
          [
            -89.30671946145594,
            43.08293016627431,
            272.0
          ],
          [
            -89.30671376176178,
            43.082992443814874,
            271.4
          ]
        ]
      }
    },
    {
      "type": "Feature",
      "properties": {
        "heart_rate": 98,
        "start_time": "2026-06-22T11:09:03",
        "end_time": "2026-06-22T11:09:05"
      },
      "geometry": {
        "type": "LineString",
        "coordinates": [
          [
            -89.30671376176178,
            43.082992443814874,
            271.4
          ],
          [
            -89.3067132588476,
            43.08299797587097,
            271.4
          ]
        ]
      }
    },
    {
      "type": "Feature",
      "properties": {
        "heart_rate": 98,
        "start_time": "2026-06-22T11:09:05",
        "end_time": "2026-06-22T11:09:13"
      },
      "geometry": {
        "type": "LineString",
        "coordinates": [
          [
            -89.3067132588476,
            43.08299797587097,
            271.4
          ],
          [
            -89.30671568959951,
            43.08305379934609,
            270.8
          ]
        ]
      }
    },
    {
      "type": "Feature",
      "properties": {
        "heart_rate": 97,
        "start_time": "2026-06-22T11:09:13",
        "end_time": "2026-06-22T11:09:24"
      },
      "geometry": {
        "type": "LineString",
        "coordinates": [
          [
            -89.30671568959951,
            43.08305379934609,
            270.8
          ],
          [
            -89.30671099573374,
            43.08319880627096,
            269.4
          ]
        ]
      }
    },
    {
      "type": "Feature",
      "properties": {
        "heart_rate": 96,
        "start_time": "2026-06-22T11:09:24",
        "end_time": "2026-06-22T11:09:29"
      },
      "geometry": {
        "type": "LineString",
        "coordinates": [
          [
            -89.30671099573374,
            43.08319880627096,
            269.4
          ],
          [
            -89.30669808760285,
            43.08323518373072,
            269.0
          ]
        ]
      }
    },
    {
      "type": "Feature",
      "properties": {
        "heart_rate": 97,
        "start_time": "2026-06-22T11:09:29",
        "end_time": "2026-06-22T11:09:30"
      },
      "geometry": {
        "type": "LineString",
        "coordinates": [
          [
            -89.30669808760285,
            43.08323518373072,
            269.0
          ],
          [
            -89.30669414810836,
            43.08323325589299,
            268.8
          ]
        ]
      }
    },
    {
      "type": "Feature",
      "properties": {
        "heart_rate": 96,
        "start_time": "2026-06-22T11:09:30",
        "end_time": "2026-06-22T11:09:35"
      },
      "geometry": {
        "type": "LineString",
        "coordinates": [
          [
            -89.30669414810836,
            43.08323325589299,
            268.8
          ],
          [
            -89.30669263936579,
            43.083231411874294,
            268.8
          ]
        ]
      }
    },
    {
      "type": "Feature",
      "properties": {
        "heart_rate": 94,
        "start_time": "2026-06-22T11:09:35",
        "end_time": "2026-06-22T11:09:49"
      },
      "geometry": {
        "type": "LineString",
        "coordinates": [
          [
            -89.30669263936579,
            43.083231411874294,
            268.8
          ],
          [
            -89.30669305846095,
            43.083232920616865,
            268.8
          ]
        ]
      }
    },
    {
      "type": "Feature",
      "properties": {
        "heart_rate": 92,
        "start_time": "2026-06-22T11:09:49",
        "end_time": "2026-06-22T11:09:53"
      },
      "geometry": {
        "type": "LineString",
        "coordinates": [
          [
            -89.30669305846095,
            43.083232920616865,
            268.8
          ],
          [
            -89.30669230408967,
            43.083232920616865,
            268.8
          ]
        ]
      }
    },
    {
      "type": "Feature",
      "properties": {
        "heart_rate": 90,
        "start_time": "2026-06-22T11:09:53",
        "end_time": "2026-06-22T11:10:00"
      },
      "geometry": {
        "type": "LineString",
        "coordinates": [
          [
            -89.30669230408967,
            43.083232920616865,
            268.8
          ],
          [
            -89.30669909343123,
            43.08330609463155,
            268.8
          ]
        ]
      }
    },
    {
      "type": "Feature",
      "properties": {
        "heart_rate": 93,
        "start_time": "2026-06-22T11:10:00",
        "end_time": "2026-06-22T11:10:06"
      },
      "geometry": {
        "type": "LineString",
        "coordinates": [
          [
            -89.30669909343123,
            43.08330609463155,
            268.8
          ],
          [
            -89.30670705623925,
            43.08341011404991,
            267.6
          ]
        ]
      }
    },
    {
      "type": "Feature",
      "properties": {
        "heart_rate": 94,
        "start_time": "2026-06-22T11:10:06",
        "end_time": "2026-06-22T11:10:11"
      },
      "geometry": {
        "type": "LineString",
        "coordinates": [
          [
            -89.30670705623925,
            43.08341011404991,
            267.6
          ],
          [
            -89.3067267537117,
            43.0834745708853,
            266.2
          ]
        ]
      }
    },
    {
      "type": "Feature",
      "properties": {
        "heart_rate": 92,
        "start_time": "2026-06-22T11:10:11",
        "end_time": "2026-06-22T11:10:21"
      },
      "geometry": {
        "type": "LineString",
        "coordinates": [
          [
            -89.3067267537117,
            43.0834745708853,
            266.2
          ],
          [
            -89.30676246061921,
            43.083602311089635,
            265.6
          ]
        ]
      }
    },
    {
      "type": "Feature",
      "properties": {
        "heart_rate": 92,
        "start_time": "2026-06-22T11:10:21",
        "end_time": "2026-06-22T11:10:31"
      },
      "geometry": {
        "type": "LineString",
        "coordinates": [
          [
            -89.30676246061921,
            43.083602311089635,
            265.6
          ],
          [
            -89.30679707787931,
            43.083734242245555,
            266.2
          ]
        ]
      }
    },
    {
      "type": "Feature",
      "properties": {
        "heart_rate": 94,
        "start_time": "2026-06-22T11:10:31",
        "end_time": "2026-06-22T11:10:38"
      },
      "geometry": {
        "type": "LineString",
        "coordinates": [
          [
            -89.30679707787931,
            43.083734242245555,
            266.2
          ],
          [
            -89.30679741315544,
            43.083763578906655,
            266.6
          ]
        ]
      }
    },
    {
      "type": "Feature",
      "properties": {
        "heart_rate": 98,
        "start_time": "2026-06-22T11:10:38",
        "end_time": "2026-06-22T11:10:41"
      },
      "geometry": {
        "type": "LineString",
        "coordinates": [
          [
            -89.30679741315544,
            43.083763578906655,
            266.6
          ],
          [
            -89.3068044539541,
            43.083779169246554,
            266.4
          ]
        ]
      }
    },
    {
      "type": "Feature",
      "properties": {
        "heart_rate": 98,
        "start_time": "2026-06-22T11:10:41",
        "end_time": "2026-06-22T11:10:45"
      },
      "geometry": {
        "type": "LineString",
        "coordinates": [
          [
            -89.3068044539541,
            43.083779169246554,
            266.4
          ],
          [
            -89.30682515725493,
            43.08382451534271,
            266.2
          ]
        ]
      }
    },
    {
      "type": "Feature",
      "properties": {
        "heart_rate": 96,
        "start_time": "2026-06-22T11:10:45",
        "end_time": "2026-06-22T11:10:55"
      },
      "geometry": {
        "type": "LineString",
        "coordinates": [
          [
            -89.30682515725493,
            43.08382451534271,
            266.2
          ],
          [
            -89.30681895464659,
            43.083947226405144,
            265.2
          ]
        ]
      }
    },
    {
      "type": "Feature",
      "properties": {
        "heart_rate": 96,
        "start_time": "2026-06-22T11:10:55",
        "end_time": "2026-06-22T11:11:02"
      },
      "geometry": {
        "type": "LineString",
        "coordinates": [
          [
            -89.30681895464659,
            43.083947226405144,
            265.2
          ],
          [
            -89.30671082809567,
            43.083996092900634,
            265.2
          ]
        ]
      }
    },
    {
      "type": "Feature",
      "properties": {
        "heart_rate": 96,
        "start_time": "2026-06-22T11:11:02",
        "end_time": "2026-06-22T11:11:03"
      },
      "geometry": {
        "type": "LineString",
        "coordinates": [
          [
            -89.30671082809567,
            43.083996092900634,
            265.2
          ],
          [
            -89.30669515393674,
            43.08400112204254,
            265.2
          ]
        ]
      }
    },
    {
      "type": "Feature",
      "properties": {
        "heart_rate": 96,
        "start_time": "2026-06-22T11:11:03",
        "end_time": "2026-06-22T11:11:08"
      },
      "geometry": {
        "type": "LineString",
        "coordinates": [
          [
            -89.30669515393674,
            43.08400112204254,
            265.2
          ],
          [
            -89.30660001933575,
            43.08400623500347,
            265.6
          ]
        ]
      }
    },
    {
      "type": "Feature",
      "properties": {
        "heart_rate": 98,
        "start_time": "2026-06-22T11:11:08",
        "end_time": "2026-06-22T11:11:14"
      },
      "geometry": {
        "type": "LineString",
        "coordinates": [
          [
            -89.30660001933575,
            43.08400623500347,
            265.6
          ],
          [
            -89.3064767215401,
            43.08401218615472,
            266.4
          ]
        ]
      }
    },
    {
      "type": "Feature",
      "properties": {
        "heart_rate": 100,
        "start_time": "2026-06-22T11:11:14",
        "end_time": "2026-06-22T11:11:16"
      },
      "geometry": {
        "type": "LineString",
        "coordinates": [
          [
            -89.3064767215401,
            43.08401218615472,
            266.4
          ],
          [
            -89.3064416013658,
            43.084009336307645,
            266.6
          ]
        ]
      }
    },
    {
      "type": "Feature",
      "properties": {
        "heart_rate": 100,
        "start_time": "2026-06-22T11:11:16",
        "end_time": "2026-06-22T11:11:24"
      },
      "geometry": {
        "type": "LineString",
        "coordinates": [
          [
            -89.3064416013658,
            43.084009336307645,
            266.6
          ],
          [
            -89.30629366077483,
            43.08400757610798,
            266.4
          ]
        ]
      }
    },
    {
      "type": "Feature",
      "properties": {
        "heart_rate": 101,
        "start_time": "2026-06-22T11:11:24",
        "end_time": "2026-06-22T11:11:35"
      },
      "geometry": {
        "type": "LineString",
        "coordinates": [
          [
            -89.30629366077483,
            43.08400757610798,
            266.4
          ],
          [
            -89.30608503520489,
            43.08401486836374,
            267.2
          ]
        ]
      }
    },
    {
      "type": "Feature",
      "properties": {
        "heart_rate": 104,
        "start_time": "2026-06-22T11:11:35",
        "end_time": "2026-06-22T11:11:38"
      },
      "geometry": {
        "type": "LineString",
        "coordinates": [
          [
            -89.30608503520489,
            43.08401486836374,
            267.2
          ],
          [
            -89.30602686479688,
            43.084020065143704,
            267.6
          ]
        ]
      }
    },
    {
      "type": "Feature",
      "properties": {
        "heart_rate": 104,
        "start_time": "2026-06-22T11:11:38",
        "end_time": "2026-06-22T11:11:44"
      },
      "geometry": {
        "type": "LineString",
        "coordinates": [
          [
            -89.30602686479688,
            43.084020065143704,
            267.6
          ],
          [
            -89.30594597943127,
            43.08401294052601,
            268.6
          ]
        ]
      }
    },
    {
      "type": "Feature",
      "properties": {
        "heart_rate": 105,
        "start_time": "2026-06-22T11:11:44",
        "end_time": "2026-06-22T11:11:51"
      },
      "geometry": {
        "type": "LineString",
        "coordinates": [
          [
            -89.30594597943127,
            43.08401294052601,
            268.6
          ],
          [
            -89.30594220757484,
            43.08401294052601,
            269.2
          ]
        ]
      }
    },
    {
      "type": "Feature",
      "properties": {
        "heart_rate": 106,
        "start_time": "2026-06-22T11:11:51",
        "end_time": "2026-06-22T11:12:06"
      },
      "geometry": {
        "type": "LineString",
        "coordinates": [
          [
            -89.30594220757484,
            43.08401294052601,
            269.2
          ],
          [
            -89.30589904077351,
            43.08401897549629,
            269.8
          ]
        ]
      }
    },
    {
      "type": "Feature",
      "properties": {
        "heart_rate": 106,
        "start_time": "2026-06-22T11:12:06",
        "end_time": "2026-06-22T11:12:12"
      },
      "geometry": {
        "type": "LineString",
        "coordinates": [
          [
            -89.30589904077351,
            43.08401897549629,
            269.8
          ],
          [
            -89.30577012710273,
            43.084027357399464,
            270.0
          ]
        ]
      }
    },
    {
      "type": "Feature",
      "properties": {
        "heart_rate": 106,
        "start_time": "2026-06-22T11:12:12",
        "end_time": "2026-06-22T11:12:21"
      },
      "geometry": {
        "type": "LineString",
        "coordinates": [
          [
            -89.30577012710273,
            43.084027357399464,
            270.0
          ],
          [
            -89.30564322508872,
            43.0840374995023,
            270.2
          ]
        ]
      }
    },
    {
      "type": "Feature",
      "properties": {
        "heart_rate": 104,
        "start_time": "2026-06-22T11:12:21",
        "end_time": "2026-06-22T11:12:24"
      },
      "geometry": {
        "type": "LineString",
        "coordinates": [
          [
            -89.30564322508872,
            43.0840374995023,
            270.2
          ],
          [
            -89.3055871501565,
            43.08405300602317,
            270.2
          ]
        ]
      }
    },
    {
      "type": "Feature",
      "properties": {
        "heart_rate": 102,
        "start_time": "2026-06-22T11:12:24",
        "end_time": "2026-06-22T11:12:26"
      },
      "geometry": {
        "type": "LineString",
        "coordinates": [
          [
            -89.3055871501565,
            43.08405300602317,
            270.2
          ],
          [
            -89.3055456597358,
            43.084053844213486,
            270.4
          ]
        ]
      }
    },
    {
      "type": "Feature",
      "properties": {
        "heart_rate": 100,
        "start_time": "2026-06-22T11:12:26",
        "end_time": "2026-06-22T11:12:29"
      },
      "geometry": {
        "type": "LineString",
        "coordinates": [
          [
            -89.3055456597358,
            43.084053844213486,
            270.4
          ],
          [
            -89.3054904229939,
            43.08405300602317,
            270.4
          ]
        ]
      }
    },
    {
      "type": "Feature",
      "properties": {
        "heart_rate": 98,
        "start_time": "2026-06-22T11:12:29",
        "end_time": "2026-06-22T11:12:34"
      },
      "geometry": {
        "type": "LineString",
        "coordinates": [
          [
            -89.3054904229939,
            43.08405300602317,
            270.4
          ],
          [
            -89.30540593340993,
            43.084033308550715,
            270.4
          ]
        ]
      }
    },
    {
      "type": "Feature",
      "properties": {
        "heart_rate": 98,
        "start_time": "2026-06-22T11:12:34",
        "end_time": "2026-06-22T11:12:43"
      },
      "geometry": {
        "type": "LineString",
        "coordinates": [
          [
            -89.30540593340993,
            43.084033308550715,
            270.4
          ],
          [
            -89.30526184849441,
            43.084028363227844,
            267.6
          ]
        ]
      }
    },
    {
      "type": "Feature",
      "properties": {
        "heart_rate": 99,
        "start_time": "2026-06-22T11:12:43",
        "end_time": "2026-06-22T11:12:44"
      },
      "geometry": {
        "type": "LineString",
        "coordinates": [
          [
            -89.30526184849441,
            43.084028363227844,
            267.6
          ],
          [
            -89.30524785071611,
            43.08403213508427,
            267.4
          ]
        ]
      }
    },
    {
      "type": "Feature",
      "properties": {
        "heart_rate": 100,
        "start_time": "2026-06-22T11:12:44",
        "end_time": "2026-06-22T11:12:51"
      },
      "geometry": {
        "type": "LineString",
        "coordinates": [
          [
            -89.30524785071611,
            43.08403213508427,
            267.4
          ],
          [
            -89.30511684156954,
            43.084035739302635,
            267.6
          ]
        ]
      }
    },
    {
      "type": "Feature",
      "properties": {
        "heart_rate": 102,
        "start_time": "2026-06-22T11:12:51",
        "end_time": "2026-06-22T11:13:00"
      },
      "geometry": {
        "type": "LineString",
        "coordinates": [
          [
            -89.30511684156954,
            43.084035739302635,
            267.6
          ],
          [
            -89.30495674721897,
            43.08404269628227,
            268.0
          ]
        ]
      }
    },
    {
      "type": "Feature",
      "properties": {
        "heart_rate": 102,
        "start_time": "2026-06-22T11:13:00",
        "end_time": "2026-06-22T11:13:08"
      },
      "geometry": {
        "type": "LineString",
        "coordinates": [
          [
            -89.30495674721897,
            43.08404269628227,
            268.0
          ],
          [
            -89.30481106974185,
            43.0840324703604,
            268.2
          ]
        ]
      }
    },
    {
      "type": "Feature",
      "properties": {
        "heart_rate": 102,
        "start_time": "2026-06-22T11:13:08",
        "end_time": "2026-06-22T11:13:15"
      },
      "geometry": {
        "type": "LineString",
        "coordinates": [
          [
            -89.30481106974185,
            43.0840324703604,
            268.2
          ],
          [
            -89.30468265898526,
            43.08403347618878,
            266.2
          ]
        ]
      }
    },
    {
      "type": "Feature",
      "properties": {
        "heart_rate": 102,
        "start_time": "2026-06-22T11:13:15",
        "end_time": "2026-06-22T11:13:23"
      },
      "geometry": {
        "type": "LineString",
        "coordinates": [
          [
            -89.30468265898526,
            43.08403347618878,
            266.2
          ],
          [
            -89.3045305274427,
            43.08403397910297,
            266.0
          ]
        ]
      }
    },
    {
      "type": "Feature",
      "properties": {
        "heart_rate": 100,
        "start_time": "2026-06-22T11:13:23",
        "end_time": "2026-06-22T11:13:31"
      },
      "geometry": {
        "type": "LineString",
        "coordinates": [
          [
            -89.3045305274427,
            43.08403397910297,
            266.0
          ],
          [
            -89.30438325740397,
            43.08404395356774,
            265.6
          ]
        ]
      }
    },
    {
      "type": "Feature",
      "properties": {
        "heart_rate": 100,
        "start_time": "2026-06-22T11:13:31",
        "end_time": "2026-06-22T11:13:38"
      },
      "geometry": {
        "type": "LineString",
        "coordinates": [
          [
            -89.30438325740397,
            43.08404395356774,
            265.6
          ],
          [
            -89.30425350554287,
            43.08404319919646,
            265.4
          ]
        ]
      }
    },
    {
      "type": "Feature",
      "properties": {
        "heart_rate": 100,
        "start_time": "2026-06-22T11:13:38",
        "end_time": "2026-06-22T11:13:47"
      },
      "geometry": {
        "type": "LineString",
        "coordinates": [
          [
            -89.30425350554287,
            43.08404319919646,
            265.4
          ],
          [
            -89.3041124381125,
            43.08406138792634,
            265.8
          ]
        ]
      }
    },
    {
      "type": "Feature",
      "properties": {
        "heart_rate": 100,
        "start_time": "2026-06-22T11:13:47",
        "end_time": "2026-06-22T11:13:56"
      },
      "geometry": {
        "type": "LineString",
        "coordinates": [
          [
            -89.3041124381125,
            43.08406138792634,
            265.8
          ],
          [
            -89.30398126132786,
            43.08405518531799,
            267.0
          ]
        ]
      }
    },
    {
      "type": "Feature",
      "properties": {
        "heart_rate": 100,
        "start_time": "2026-06-22T11:13:56",
        "end_time": "2026-06-22T11:14:03"
      },
      "geometry": {
        "type": "LineString",
        "coordinates": [
          [
            -89.30398126132786,
            43.08405518531799,
            267.0
          ],
          [
            -89.30386106483638,
            43.08405610732734,
            266.8
          ]
        ]
      }
    },
    {
      "type": "Feature",
      "properties": {
        "heart_rate": 102,
        "start_time": "2026-06-22T11:14:03",
        "end_time": "2026-06-22T11:14:14"
      },
      "geometry": {
        "type": "LineString",
        "coordinates": [
          [
            -89.30386106483638,
            43.08405610732734,
            266.8
          ],
          [
            -89.30367113091052,
            43.08405946008861,
            265.0
          ]
        ]
      }
    },
    {
      "type": "Feature",
      "properties": {
        "heart_rate": 102,
        "start_time": "2026-06-22T11:14:14",
        "end_time": "2026-06-22T11:14:23"
      },
      "geometry": {
        "type": "LineString",
        "coordinates": [
          [
            -89.30367113091052,
            43.08405946008861,
            265.0
          ],
          [
            -89.30353626608849,
            43.08406666852534,
            266.4
          ]
        ]
      }
    },
    {
      "type": "Feature",
      "properties": {
        "heart_rate": 102,
        "start_time": "2026-06-22T11:14:23",
        "end_time": "2026-06-22T11:14:31"
      },
      "geometry": {
        "type": "LineString",
        "coordinates": [
          [
            -89.30353626608849,
            43.08406666852534,
            266.4
          ],
          [
            -89.30353316478431,
            43.084068512544036,
            267.2
          ]
        ]
      }
    },
    {
      "type": "Feature",
      "properties": {
        "heart_rate": 102,
        "start_time": "2026-06-22T11:14:31",
        "end_time": "2026-06-22T11:14:45"
      },
      "geometry": {
        "type": "LineString",
        "coordinates": [
          [
            -89.30353316478431,
            43.084068512544036,
            267.2
          ],
          [
            -89.30350835435092,
            43.084067506715655,
            267.0
          ]
        ]
      }
    },
    {
      "type": "Feature",
      "properties": {
        "heart_rate": 104,
        "start_time": "2026-06-22T11:14:45",
        "end_time": "2026-06-22T11:14:56"
      },
      "geometry": {
        "type": "LineString",
        "coordinates": [
          [
            -89.30350835435092,
            43.084067506715655,
            267.0
          ],
          [
            -89.3032693862915,
            43.08407471515238,
            268.0
          ]
        ]
      }
    },
    {
      "type": "Feature",
      "properties": {
        "heart_rate": 104,
        "start_time": "2026-06-22T11:14:56",
        "end_time": "2026-06-22T11:15:04"
      },
      "geometry": {
        "type": "LineString",
        "coordinates": [
          [
            -89.3032693862915,
            43.08407471515238,
            268.0
          ],
          [
            -89.3032228667289,
            43.08406717143953,
            269.6
          ]
        ]
      }
    },
    {
      "type": "Feature",
      "properties": {
        "heart_rate": 102,
        "start_time": "2026-06-22T11:15:04",
        "end_time": "2026-06-22T11:15:08"
      },
      "geometry": {
        "type": "LineString",
        "coordinates": [
          [
            -89.3032228667289,
            43.08406717143953,
            269.6
          ],
          [
            -89.30322378873825,
            43.08406909927726,
            269.6
          ]
        ]
      }
    },
    {
      "type": "Feature",
      "properties": {
        "heart_rate": 100,
        "start_time": "2026-06-22T11:15:08",
        "end_time": "2026-06-22T11:15:10"
      },
      "geometry": {
        "type": "LineString",
        "coordinates": [
          [
            -89.30322378873825,
            43.08406909927726,
            269.6
          ],
          [
            -89.30322412401438,
            43.08406641706824,
            269.6
          ]
        ]
      }
    },
    {
      "type": "Feature",
      "properties": {
        "heart_rate": 96,
        "start_time": "2026-06-22T11:15:10",
        "end_time": "2026-06-22T11:15:13"
      },
      "geometry": {
        "type": "LineString",
        "coordinates": [
          [
            -89.30322412401438,
            43.08406641706824,
            269.6
          ],
          [
            -89.30318816564977,
            43.084068931639194,
            269.6
          ]
        ]
      }
    },
    {
      "type": "Feature",
      "properties": {
        "heart_rate": 95,
        "start_time": "2026-06-22T11:15:13",
        "end_time": "2026-06-22T11:15:14"
      },
      "geometry": {
        "type": "LineString",
        "coordinates": [
          [
            -89.30318816564977,
            43.084068931639194,
            269.6
          ],
          [
            -89.30316989310086,
            43.0840721167624,
            269.6
          ]
        ]
      }
    },
    {
      "type": "Feature",
      "properties": {
        "heart_rate": 95,
        "start_time": "2026-06-22T11:15:14",
        "end_time": "2026-06-22T11:15:21"
      },
      "geometry": {
        "type": "LineString",
        "coordinates": [
          [
            -89.30316989310086,
            43.0840721167624,
            269.6
          ],
          [
            -89.30303930304945,
            43.08407412841916,
            269.4
          ]
        ]
      }
    },
    {
      "type": "Feature",
      "properties": {
        "heart_rate": 97,
        "start_time": "2026-06-22T11:15:21",
        "end_time": "2026-06-22T11:15:24"
      },
      "geometry": {
        "type": "LineString",
        "coordinates": [
          [
            -89.30303930304945,
            43.08407412841916,
            269.4
          ],
          [
            -89.30298808962107,
            43.084074882790446,
            269.0
          ]
        ]
      }
    },
    {
      "type": "Feature",
      "properties": {
        "heart_rate": 100,
        "start_time": "2026-06-22T11:15:24",
        "end_time": "2026-06-22T11:15:27"
      },
      "geometry": {
        "type": "LineString",
        "coordinates": [
          [
            -89.30298808962107,
            43.084074882790446,
            269.0
          ],
          [
            -89.30292136967182,
            43.084070859476924,
            268.8
          ]
        ]
      }
    },
    {
      "type": "Feature",
      "properties": {
        "heart_rate": 102,
        "start_time": "2026-06-22T11:15:27",
        "end_time": "2026-06-22T11:15:30"
      },
      "geometry": {
        "type": "LineString",
        "coordinates": [
          [
            -89.30292136967182,
            43.084070859476924,
            268.8
          ],
          [
            -89.30287669412792,
            43.08405987918377,
            268.6
          ]
        ]
      }
    },
    {
      "type": "Feature",
      "properties": {
        "heart_rate": 100,
        "start_time": "2026-06-22T11:15:30",
        "end_time": "2026-06-22T11:15:32"
      },
      "geometry": {
        "type": "LineString",
        "coordinates": [
          [
            -89.30287669412792,
            43.08405987918377,
            268.6
          ],
          [
            -89.30286596529186,
            43.084042528644204,
            268.4
          ]
        ]
      }
    },
    {
      "type": "Feature",
      "properties": {
        "heart_rate": 98,
        "start_time": "2026-06-22T11:15:32",
        "end_time": "2026-06-22T11:15:37"
      },
      "geometry": {
        "type": "LineString",
        "coordinates": [
          [
            -89.30286596529186,
            43.084042528644204,
            268.4
          ],
          [
            -89.30287132970989,
            43.0839841067791,
            268.2
          ]
        ]
      }
    },
    {
      "type": "Feature",
      "properties": {
        "heart_rate": 97,
        "start_time": "2026-06-22T11:15:37",
        "end_time": "2026-06-22T11:15:41"
      },
      "geometry": {
        "type": "LineString",
        "coordinates": [
          [
            -89.30287132970989,
            43.0839841067791,
            268.2
          ],
          [
            -89.30287376046181,
            43.083932138979435,
            268.0
          ]
        ]
      }
    },
    {
      "type": "Feature",
      "properties": {
        "heart_rate": 97,
        "start_time": "2026-06-22T11:15:41",
        "end_time": "2026-06-22T11:15:50"
      },
      "geometry": {
        "type": "LineString",
        "coordinates": [
          [
            -89.30287376046181,
            43.083932138979435,
            268.0
          ],
          [
            -89.30288189090788,
            43.083818312734365,
            267.6
          ]
        ]
      }
    },
    {
      "type": "Feature",
      "properties": {
        "heart_rate": 97,
        "start_time": "2026-06-22T11:15:50",
        "end_time": "2026-06-22T11:15:57"
      },
      "geometry": {
        "type": "LineString",
        "coordinates": [
          [
            -89.30288189090788,
            43.083818312734365,
            267.6
          ],
          [
            -89.3028790410608,
            43.08372275903821,
            269.0
          ]
        ]
      }
    },
    {
      "type": "Feature",
      "properties": {
        "heart_rate": 98,
        "start_time": "2026-06-22T11:15:57",
        "end_time": "2026-06-22T11:16:02"
      },
      "geometry": {
        "type": "LineString",
        "coordinates": [
          [
            -89.3028790410608,
            43.08372275903821,
            269.0
          ],
          [
            -89.30288356728852,
            43.083668276667595,
            269.8
          ]
        ]
      }
    },
    {
      "type": "Feature",
      "properties": {
        "heart_rate": 100,
        "start_time": "2026-06-22T11:16:02",
        "end_time": "2026-06-22T11:16:09"
      },
      "geometry": {
        "type": "LineString",
        "coordinates": [
          [
            -89.30288356728852,
            43.083668276667595,
            269.8
          ],
          [
            -89.30289530195296,
            43.083638437092304,
            270.0
          ]
        ]
      }
    },
    {
      "type": "Feature",
      "properties": {
        "heart_rate": 98,
        "start_time": "2026-06-22T11:16:09",
        "end_time": "2026-06-22T11:16:14"
      },
      "geometry": {
        "type": "LineString",
        "coordinates": [
          [
            -89.30289530195296,
            43.083638437092304,
            270.0
          ],
          [
            -89.30289127863944,
            43.083581859245896,
            270.2
          ]
        ]
      }
    },
    {
      "type": "Feature",
      "properties": {
        "heart_rate": 96,
        "start_time": "2026-06-22T11:16:14",
        "end_time": "2026-06-22T11:16:15"
      },
      "geometry": {
        "type": "LineString",
        "coordinates": [
          [
            -89.30289127863944,
            43.083581859245896,
            270.2
          ],
          [
            -89.30289111100137,
            43.08356794528663,
            270.2
          ]
        ]
      }
    },
    {
      "type": "Feature",
      "properties": {
        "heart_rate": 96,
        "start_time": "2026-06-22T11:16:15",
        "end_time": "2026-06-22T11:16:21"
      },
      "geometry": {
        "type": "LineString",
        "coordinates": [
          [
            -89.30289111100137,
            43.08356794528663,
            270.2
          ],
          [
            -89.30289505049586,
            43.08354631997645,
            270.0
          ]
        ]
      }
    },
    {
      "type": "Feature",
      "properties": {
        "heart_rate": 97,
        "start_time": "2026-06-22T11:16:21",
        "end_time": "2026-06-22T11:16:27"
      },
      "geometry": {
        "type": "LineString",
        "coordinates": [
          [
            -89.30289505049586,
            43.08354631997645,
            270.0
          ],
          [
            -89.30289312265813,
            43.08347406797111,
            270.0
          ]
        ]
      }
    },
    {
      "type": "Feature",
      "properties": {
        "heart_rate": 98,
        "start_time": "2026-06-22T11:16:27",
        "end_time": "2026-06-22T11:16:35"
      },
      "geometry": {
        "type": "LineString",
        "coordinates": [
          [
            -89.30289312265813,
            43.08347406797111,
            270.0
          ],
          [
            -89.30288976989686,
            43.08338572271168,
            270.4
          ]
        ]
      }
    },
    {
      "type": "Feature",
      "properties": {
        "heart_rate": 99,
        "start_time": "2026-06-22T11:16:35",
        "end_time": "2026-06-22T11:16:41"
      },
      "geometry": {
        "type": "LineString",
        "coordinates": [
          [
            -89.30288976989686,
            43.08338572271168,
            270.4
          ],
          [
            -89.30289546959102,
            43.08335077017546,
            270.6
          ]
        ]
      }
    },
    {
      "type": "Feature",
      "properties": {
        "heart_rate": 98,
        "start_time": "2026-06-22T11:16:41",
        "end_time": "2026-06-22T11:16:48"
      },
      "geometry": {
        "type": "LineString",
        "coordinates": [
          [
            -89.30289546959102,
            43.08335077017546,
            270.6
          ],
          [
            -89.30288725532591,
            43.083265190944076,
            271.0
          ]
        ]
      }
    },
    {
      "type": "Feature",
      "properties": {
        "heart_rate": 96,
        "start_time": "2026-06-22T11:16:48",
        "end_time": "2026-06-22T11:16:50"
      },
      "geometry": {
        "type": "LineString",
        "coordinates": [
          [
            -89.30288725532591,
            43.083265190944076,
            271.0
          ],
          [
            -89.30288155563176,
            43.08324440382421,
            270.8
          ]
        ]
      }
    },
    {
      "type": "Feature",
      "properties": {
        "heart_rate": 96,
        "start_time": "2026-06-22T11:16:50",
        "end_time": "2026-06-22T11:16:59"
      },
      "geometry": {
        "type": "LineString",
        "coordinates": [
          [
            -89.30288155563176,
            43.08324440382421,
            270.8
          ],
          [
            -89.30286244489253,
            43.08315287344158,
            269.6
          ]
        ]
      }
    },
    {
      "type": "Feature",
      "properties": {
        "heart_rate": 96,
        "start_time": "2026-06-22T11:16:59",
        "end_time": "2026-06-22T11:17:08"
      },
      "geometry": {
        "type": "LineString",
        "coordinates": [
          [
            -89.30286244489253,
            43.08315287344158,
            269.6
          ],
          [
            -89.30284920148551,
            43.0830982234329,
            270.0
          ]
        ]
      }
    },
    {
      "type": "Feature",
      "properties": {
        "heart_rate": 96,
        "start_time": "2026-06-22T11:17:08",
        "end_time": "2026-06-22T11:17:16"
      },
      "geometry": {
        "type": "LineString",
        "coordinates": [
          [
            -89.30284920148551,
            43.0830982234329,
            270.0
          ],
          [
            -89.30284383706748,
            43.08301473967731,
            270.6
          ]
        ]
      }
    },
    {
      "type": "Feature",
      "properties": {
        "heart_rate": 96,
        "start_time": "2026-06-22T11:17:16",
        "end_time": "2026-06-22T11:17:21"
      },
      "geometry": {
        "type": "LineString",
        "coordinates": [
          [
            -89.30284383706748,
            43.08301473967731,
            270.6
          ],
          [
            -89.30284610018134,
            43.083010129630566,
            270.0
          ]
        ]
      }
    },
    {
      "type": "Feature",
      "properties": {
        "heart_rate": 96,
        "start_time": "2026-06-22T11:17:21",
        "end_time": "2026-06-22T11:17:28"
      },
      "geometry": {
        "type": "LineString",
        "coordinates": [
          [
            -89.30284610018134,
            43.083010129630566,
            270.0
          ],
          [
            -89.30287116207182,
            43.082973919808865,
            269.0
          ]
        ]
      }
    },
    {
      "type": "Feature",
      "properties": {
        "heart_rate": 95,
        "start_time": "2026-06-22T11:17:28",
        "end_time": "2026-06-22T11:17:37"
      },
      "geometry": {
        "type": "LineString",
        "coordinates": [
          [
            -89.30287116207182,
            43.082973919808865,
            269.0
          ],
          [
            -89.30286127142608,
            43.08287023566663,
            268.0
          ]
        ]
      }
    },
    {
      "type": "Feature",
      "properties": {
        "heart_rate": 94,
        "start_time": "2026-06-22T11:17:37",
        "end_time": "2026-06-22T11:17:40"
      },
      "geometry": {
        "type": "LineString",
        "coordinates": [
          [
            -89.30286127142608,
            43.08287023566663,
            268.0
          ],
          [
            -89.30286445654929,
            43.08283687569201,
            267.8
          ]
        ]
      }
    },
    {
      "type": "Feature",
      "properties": {
        "heart_rate": 92,
        "start_time": "2026-06-22T11:17:40",
        "end_time": "2026-06-22T11:17:47"
      },
      "geometry": {
        "type": "LineString",
        "coordinates": [
          [
            -89.30286445654929,
            43.08283687569201,
            267.8
          ],
          [
            -89.30287099443376,
            43.08276101946831,
            268.6
          ]
        ]
      }
    },
    {
      "type": "Feature",
      "properties": {
        "heart_rate": 94,
        "start_time": "2026-06-22T11:17:47",
        "end_time": "2026-06-22T11:17:53"
      },
      "geometry": {
        "type": "LineString",
        "coordinates": [
          [
            -89.30287099443376,
            43.08276101946831,
            268.6
          ],
          [
            -89.30285900831223,
            43.08268583379686,
            269.4
          ]
        ]
      }
    },
    {
      "type": "Feature",
      "properties": {
        "heart_rate": 96,
        "start_time": "2026-06-22T11:17:53",
        "end_time": "2026-06-22T11:17:55"
      },
      "geometry": {
        "type": "LineString",
        "coordinates": [
          [
            -89.30285900831223,
            43.08268583379686,
            269.4
          ],
          [
            -89.30286244489253,
            43.08266194537282,
            269.6
          ]
        ]
      }
    },
    {
      "type": "Feature",
      "properties": {
        "heart_rate": 96,
        "start_time": "2026-06-22T11:17:55",
        "end_time": "2026-06-22T11:18:08"
      },
      "geometry": {
        "type": "LineString",
        "coordinates": [
          [
            -89.30286244489253,
            43.08266194537282,
            269.6
          ],
          [
            -89.30287183262408,
            43.082480393350124,
            270.2
          ]
        ]
      }
    },
    {
      "type": "Feature",
      "properties": {
        "heart_rate": 98,
        "start_time": "2026-06-22T11:18:08",
        "end_time": "2026-06-22T11:18:14"
      },
      "geometry": {
        "type": "LineString",
        "coordinates": [
          [
            -89.30287183262408,
            43.082480393350124,
            270.2
          ],
          [
            -89.30286269634962,
            43.08239431120455,
            270.0
          ]
        ]
      }
    },
    {
      "type": "Feature",
      "properties": {
        "heart_rate": 100,
        "start_time": "2026-06-22T11:18:14",
        "end_time": "2026-06-22T11:18:20"
      },
      "geometry": {
        "type": "LineString",
        "coordinates": [
          [
            -89.30286269634962,
            43.08239431120455,
            270.0
          ],
          [
            -89.30285565555096,
            43.082326501607895,
            269.0
          ]
        ]
      }
    },
    {
      "type": "Feature",
      "properties": {
        "heart_rate": 101,
        "start_time": "2026-06-22T11:18:20",
        "end_time": "2026-06-22T11:18:21"
      },
      "geometry": {
        "type": "LineString",
        "coordinates": [
          [
            -89.30285565555096,
            43.082326501607895,
            269.0
          ],
          [
            -89.30285900831223,
            43.08231518603861,
            269.2
          ]
        ]
      }
    },
    {
      "type": "Feature",
      "properties": {
        "heart_rate": 101,
        "start_time": "2026-06-22T11:18:21",
        "end_time": "2026-06-22T11:18:26"
      },
      "geometry": {
        "type": "LineString",
        "coordinates": [
          [
            -89.30285900831223,
            43.08231518603861,
            269.2
          ],
          [
            -89.30285800248384,
            43.08224905282259,
            269.6
          ]
        ]
      }
    },
    {
      "type": "Feature",
      "properties": {
        "heart_rate": 102,
        "start_time": "2026-06-22T11:18:26",
        "end_time": "2026-06-22T11:18:34"
      },
      "geometry": {
        "type": "LineString",
        "coordinates": [
          [
            -89.30285800248384,
            43.08224905282259,
            269.6
          ],
          [
            -89.30284408852458,
            43.08215660043061,
            270.4
          ]
        ]
      }
    },
    {
      "type": "Feature",
      "properties": {
        "heart_rate": 102,
        "start_time": "2026-06-22T11:18:34",
        "end_time": "2026-06-22T11:18:35"
      },
      "geometry": {
        "type": "LineString",
        "coordinates": [
          [
            -89.30284408852458,
            43.08215660043061,
            270.4
          ],
          [
            -89.30283059366047,
            43.08215081691742,
            270.6
          ]
        ]
      }
    },
    {
      "type": "Feature",
      "properties": {
        "heart_rate": 101,
        "start_time": "2026-06-22T11:18:35",
        "end_time": "2026-06-22T11:18:41"
      },
      "geometry": {
        "type": "LineString",
        "coordinates": [
          [
            -89.30283059366047,
            43.08215081691742,
            270.6
          ],
          [
            -89.3028116505593,
            43.0821467936039,
            270.6
          ]
        ]
      }
    },
    {
      "type": "Feature",
      "properties": {
        "heart_rate": 101,
        "start_time": "2026-06-22T11:18:41",
        "end_time": "2026-06-22T11:18:48"
      },
      "geometry": {
        "type": "LineString",
        "coordinates": [
          [
            -89.3028116505593,
            43.0821467936039,
            270.6
          ],
          [
            -89.30271777324378,
            43.08213950134814,
            270.2
          ]
        ]
      }
    },
    {
      "type": "Feature",
      "properties": {
        "heart_rate": 100,
        "start_time": "2026-06-22T11:18:48",
        "end_time": "2026-06-22T11:18:56"
      },
      "geometry": {
        "type": "LineString",
        "coordinates": [
          [
            -89.30271777324378,
            43.08213950134814,
            270.2
          ],
          [
            -89.30258181877434,
            43.08213363401592,
            269.4
          ]
        ]
      }
    },
    {
      "type": "Feature",
      "properties": {
        "heart_rate": 100,
        "start_time": "2026-06-22T11:18:56",
        "end_time": "2026-06-22T11:19:03"
      },
      "geometry": {
        "type": "LineString",
        "coordinates": [
          [
            -89.30258181877434,
            43.08213363401592,
            269.4
          ],
          [
            -89.3025008495897,
            43.08214142918587,
            268.4
          ]
        ]
      }
    },
    {
      "type": "Feature",
      "properties": {
        "heart_rate": 99,
        "start_time": "2026-06-22T11:19:03",
        "end_time": "2026-06-22T11:19:11"
      },
      "geometry": {
        "type": "LineString",
        "coordinates": [
          [
            -89.3025008495897,
            43.08214142918587,
            268.4
          ],
          [
            -89.30234863422811,
            43.08213413693011,
            269.0
          ]
        ]
      }
    },
    {
      "type": "Feature",
      "properties": {
        "heart_rate": 99,
        "start_time": "2026-06-22T11:19:11",
        "end_time": "2026-06-22T11:19:20"
      },
      "geometry": {
        "type": "LineString",
        "coordinates": [
          [
            -89.30234863422811,
            43.08213413693011,
            269.0
          ],
          [
            -89.30218962952495,
            43.082147212699056,
            270.4
          ]
        ]
      }
    },
    {
      "type": "Feature",
      "properties": {
        "heart_rate": 100,
        "start_time": "2026-06-22T11:19:20",
        "end_time": "2026-06-22T11:19:29"
      },
      "geometry": {
        "type": "LineString",
        "coordinates": [
          [
            -89.30218962952495,
            43.082147212699056,
            270.4
          ],
          [
            -89.30203984491527,
            43.08216271921992,
            270.4
          ]
        ]
      }
    },
    {
      "type": "Feature",
      "properties": {
        "heart_rate": 100,
        "start_time": "2026-06-22T11:19:29",
        "end_time": "2026-06-22T11:19:38"
      },
      "geometry": {
        "type": "LineString",
        "coordinates": [
          [
            -89.30203984491527,
            43.08216271921992,
            270.4
          ],
          [
            -89.30185217410326,
            43.08216950856149,
            271.0
          ]
        ]
      }
    },
    {
      "type": "Feature",
      "properties": {
        "heart_rate": 100,
        "start_time": "2026-06-22T11:19:38",
        "end_time": "2026-06-22T11:19:46"
      },
      "geometry": {
        "type": "LineString",
        "coordinates": [
          [
            -89.30185217410326,
            43.08216950856149,
            271.0
          ],
          [
            -89.30171613581479,
            43.08216699399054,
            271.0
          ]
        ]
      }
    },
    {
      "type": "Feature",
      "properties": {
        "heart_rate": 100,
        "start_time": "2026-06-22T11:19:46",
        "end_time": "2026-06-22T11:19:57"
      },
      "geometry": {
        "type": "LineString",
        "coordinates": [
          [
            -89.30171613581479,
            43.08216699399054,
            271.0
          ],
          [
            -89.30150365456939,
            43.08216707780957,
            270.8
          ]
        ]
      }
    }
  ]
}